CZ_LNK_KEY,P_YYYYMMDD,ID,RUN_ID,FEEDBACK_TYPE,REASON,OPTION,BQ_LOAD_DTTM,BQ_LOAD_USER_ID
110001,2026-09-07,110001,RUN-VAS-B-0001-2,negative,답변은 맞지만 이동 방법을 모르겠음,바로가기 없음,2026-09-07T20:22:00,synthetic-seeder
110002,2026-09-07,110002,RUN-VAS-B-0002-2,negative,답변은 맞지만 이동 방법을 모르겠음,바로가기 없음,2026-09-07T20:22:00,synthetic-seeder
110003,2026-09-07,110003,RUN-VAS-B-0003-2,negative,답변은 맞지만 이동 방법을 모르겠음,바로가기 없음,2026-09-07T20:22:00,synthetic-seeder
110004,2026-09-07,110004,RUN-VAS-B-0004-2,negative,답변은 맞지만 이동 방법을 모르겠음,바로가기 없음,2026-09-07T20:22:00,synthetic-seeder
110005,2026-09-08,110005,RUN-VAS-B-0005-2,negative,답변은 맞지만 이동 방법을 모르겠음,바로가기 없음,2026-09-08T20:22:00,synthetic-seeder
110006,2026-09-09,110006,RUN-VAS-B-0006-2,negative,답변은 맞지만 이동 방법을 모르겠음,바로가기 없음,2026-09-09T20:22:00,synthetic-seeder
110007,2026-09-10,110007,RUN-VAS-B-0007-2,negative,답변은 맞지만 이동 방법을 모르겠음,바로가기 없음,2026-09-10T20:22:00,synthetic-seeder
110008,2026-09-07,110008,RUN-VAS-B-0008-2,negative,답변은 맞지만 이동 방법을 모르겠음,바로가기 없음,2026-09-07T20:22:00,synthetic-seeder
110009,2026-09-07,110009,RUN-VAS-B-0009-2,negative,답변은 맞지만 이동 방법을 모르겠음,바로가기 없음,2026-09-07T20:22:00,synthetic-seeder
110010,2026-09-07,110010,RUN-VAS-B-0010-2,negative,답변은 맞지만 이동 방법을 모르겠음,바로가기 없음,2026-09-07T20:22:00,synthetic-seeder
110011,2026-09-07,110011,RUN-VAS-B-0011-2,negative,답변은 맞지만 이동 방법을 모르겠음,바로가기 없음,2026-09-07T20:22:00,synthetic-seeder
110012,2026-09-08,110012,RUN-VAS-B-0012-2,negative,답변은 맞지만 이동 방법을 모르겠음,바로가기 없음,2026-09-08T20:22:00,synthetic-seeder
110013,2026-09-09,110013,RUN-VAS-B-0013-2,negative,답변은 맞지만 이동 방법을 모르겠음,바로가기 없음,2026-09-09T20:22:00,synthetic-seeder
110014,2026-09-10,110014,RUN-VAS-B-0014-2,negative,답변은 맞지만 이동 방법을 모르겠음,바로가기 없음,2026-09-10T20:22:00,synthetic-seeder
110015,2026-09-07,110015,RUN-VAS-B-0015-2,negative,답변은 맞지만 이동 방법을 모르겠음,바로가기 없음,2026-09-07T20:22:00,synthetic-seeder
110016,2026-09-07,110016,RUN-VAS-B-0016-2,negative,답변은 맞지만 이동 방법을 모르겠음,바로가기 없음,2026-09-07T20:22:00,synthetic-seeder
110017,2026-09-07,110017,RUN-VAS-B-0017-2,negative,답변은 맞지만 이동 방법을 모르겠음,바로가기 없음,2026-09-07T20:22:00,synthetic-seeder
110018,2026-09-07,110018,RUN-VAS-B-0018-2,negative,답변은 맞지만 이동 방법을 모르겠음,바로가기 없음,2026-09-07T20:22:00,synthetic-seeder
110019,2026-09-08,110019,RUN-VAS-B-0019-2,negative,답변은 맞지만 이동 방법을 모르겠음,바로가기 없음,2026-09-08T20:22:00,synthetic-seeder
110020,2026-09-09,110020,RUN-VAS-B-0020-2,negative,답변은 맞지만 이동 방법을 모르겠음,바로가기 없음,2026-09-09T20:22:00,synthetic-seeder
110021,2026-09-10,110021,RUN-VAS-B-0021-2,negative,답변은 맞지만 이동 방법을 모르겠음,바로가기 없음,2026-09-10T20:22:00,synthetic-seeder
110022,2026-09-07,110022,RUN-VAS-B-0022-2,negative,답변은 맞지만 이동 방법을 모르겠음,바로가기 없음,2026-09-07T20:22:00,synthetic-seeder
110023,2026-09-07,110023,RUN-VAS-B-0023-2,negative,답변은 맞지만 이동 방법을 모르겠음,바로가기 없음,2026-09-07T20:22:00,synthetic-seeder
110024,2026-09-07,110024,RUN-VAS-B-0024-2,negative,답변은 맞지만 이동 방법을 모르겠음,바로가기 없음,2026-09-07T20:22:00,synthetic-seeder
110025,2026-09-07,110025,RUN-VAS-B-0025-2,negative,답변은 맞지만 이동 방법을 모르겠음,바로가기 없음,2026-09-07T20:22:00,synthetic-seeder
110026,2026-09-08,110026,RUN-VAS-B-0026-2,negative,답변은 맞지만 이동 방법을 모르겠음,바로가기 없음,2026-09-08T20:22:00,synthetic-seeder
110027,2026-09-09,110027,RUN-VAS-B-0027-2,negative,답변은 맞지만 이동 방법을 모르겠음,바로가기 없음,2026-09-09T20:22:00,synthetic-seeder
110028,2026-09-10,110028,RUN-VAS-B-0028-2,negative,답변은 맞지만 이동 방법을 모르겠음,바로가기 없음,2026-09-10T20:22:00,synthetic-seeder
110029,2026-09-07,110029,RUN-VAS-B-0029-2,negative,답변은 맞지만 이동 방법을 모르겠음,바로가기 없음,2026-09-07T20:22:00,synthetic-seeder
110030,2026-09-07,110030,RUN-VAS-B-0030-2,negative,답변은 맞지만 이동 방법을 모르겠음,바로가기 없음,2026-09-07T20:22:00,synthetic-seeder
110031,2026-09-07,110031,RUN-VAS-B-0031-2,negative,답변은 맞지만 이동 방법을 모르겠음,바로가기 없음,2026-09-07T20:22:00,synthetic-seeder
110032,2026-09-07,110032,RUN-VAS-B-0032-2,negative,답변은 맞지만 이동 방법을 모르겠음,바로가기 없음,2026-09-07T20:22:00,synthetic-seeder
110033,2026-09-08,110033,RUN-VAS-B-0033-2,negative,답변은 맞지만 이동 방법을 모르겠음,바로가기 없음,2026-09-08T20:22:00,synthetic-seeder
110034,2026-09-09,110034,RUN-VAS-B-0034-2,negative,답변은 맞지만 이동 방법을 모르겠음,바로가기 없음,2026-09-09T20:22:00,synthetic-seeder
110035,2026-09-10,110035,RUN-VAS-B-0035-2,negative,답변은 맞지만 이동 방법을 모르겠음,바로가기 없음,2026-09-10T20:22:00,synthetic-seeder
110036,2026-09-07,110036,RUN-VAS-B-0036-2,negative,답변은 맞지만 이동 방법을 모르겠음,바로가기 없음,2026-09-07T20:22:00,synthetic-seeder
110037,2026-09-07,110037,RUN-VAS-B-0037-2,negative,답변은 맞지만 이동 방법을 모르겠음,바로가기 없음,2026-09-07T20:22:00,synthetic-seeder
110038,2026-09-07,110038,RUN-VAS-B-0038-2,negative,답변은 맞지만 이동 방법을 모르겠음,바로가기 없음,2026-09-07T20:22:00,synthetic-seeder
110039,2026-09-07,110039,RUN-VAS-B-0039-2,negative,답변은 맞지만 이동 방법을 모르겠음,바로가기 없음,2026-09-07T20:22:00,synthetic-seeder
110040,2026-09-08,110040,RUN-VAS-B-0040-2,negative,답변은 맞지만 이동 방법을 모르겠음,바로가기 없음,2026-09-08T20:22:00,synthetic-seeder
110041,2026-09-09,110041,RUN-VAS-B-0041-2,negative,답변은 맞지만 이동 방법을 모르겠음,바로가기 없음,2026-09-09T20:22:00,synthetic-seeder
110042,2026-09-10,110042,RUN-VAS-B-0042-2,negative,답변은 맞지만 이동 방법을 모르겠음,바로가기 없음,2026-09-10T20:22:00,synthetic-seeder
110043,2026-09-07,110043,RUN-VAS-B-0043-2,negative,답변은 맞지만 이동 방법을 모르겠음,바로가기 없음,2026-09-07T20:22:00,synthetic-seeder
110044,2026-09-07,110044,RUN-VAS-B-0044-2,negative,답변은 맞지만 이동 방법을 모르겠음,바로가기 없음,2026-09-07T20:22:00,synthetic-seeder
110045,2026-09-07,110045,RUN-VAS-B-0045-2,negative,답변은 맞지만 이동 방법을 모르겠음,바로가기 없음,2026-09-07T20:22:00,synthetic-seeder
110046,2026-09-07,110046,RUN-VAS-B-0046-2,negative,답변은 맞지만 이동 방법을 모르겠음,바로가기 없음,2026-09-07T20:22:00,synthetic-seeder
110047,2026-09-08,110047,RUN-VAS-B-0047-2,negative,답변은 맞지만 이동 방법을 모르겠음,바로가기 없음,2026-09-08T20:22:00,synthetic-seeder
110048,2026-09-09,110048,RUN-VAS-B-0048-2,negative,답변은 맞지만 이동 방법을 모르겠음,바로가기 없음,2026-09-09T20:22:00,synthetic-seeder
110049,2026-09-10,110049,RUN-VAS-B-0049-2,negative,답변은 맞지만 이동 방법을 모르겠음,바로가기 없음,2026-09-10T20:22:00,synthetic-seeder
110050,2026-09-07,110050,RUN-VAS-B-0050-2,negative,답변은 맞지만 이동 방법을 모르겠음,바로가기 없음,2026-09-07T20:22:00,synthetic-seeder
110051,2026-09-07,110051,RUN-VAS-B-0051-2,negative,답변은 맞지만 이동 방법을 모르겠음,바로가기 없음,2026-09-07T20:22:00,synthetic-seeder
110052,2026-09-07,110052,RUN-VAS-B-0052-2,negative,답변은 맞지만 이동 방법을 모르겠음,바로가기 없음,2026-09-07T20:22:00,synthetic-seeder
110053,2026-09-07,110053,RUN-VAS-B-0053-2,negative,답변은 맞지만 이동 방법을 모르겠음,바로가기 없음,2026-09-07T20:22:00,synthetic-seeder
110054,2026-09-08,110054,RUN-VAS-B-0054-2,negative,답변은 맞지만 이동 방법을 모르겠음,바로가기 없음,2026-09-08T20:22:00,synthetic-seeder
110055,2026-09-09,110055,RUN-VAS-B-0055-2,negative,답변은 맞지만 이동 방법을 모르겠음,바로가기 없음,2026-09-09T20:22:00,synthetic-seeder
110056,2026-09-10,110056,RUN-VAS-B-0056-2,negative,답변은 맞지만 이동 방법을 모르겠음,바로가기 없음,2026-09-10T20:22:00,synthetic-seeder
110057,2026-09-07,110057,RUN-VAS-B-0057-2,negative,답변은 맞지만 이동 방법을 모르겠음,바로가기 없음,2026-09-07T20:22:00,synthetic-seeder
110058,2026-09-07,110058,RUN-VAS-B-0058-2,negative,답변은 맞지만 이동 방법을 모르겠음,바로가기 없음,2026-09-07T20:22:00,synthetic-seeder
110059,2026-09-07,110059,RUN-VAS-B-0059-2,negative,답변은 맞지만 이동 방법을 모르겠음,바로가기 없음,2026-09-07T20:22:00,synthetic-seeder
110060,2026-09-07,110060,RUN-VAS-B-0060-2,negative,답변은 맞지만 이동 방법을 모르겠음,바로가기 없음,2026-09-07T20:22:00,synthetic-seeder
110061,2026-09-08,110061,RUN-VAS-B-0061-2,negative,답변은 맞지만 이동 방법을 모르겠음,바로가기 없음,2026-09-08T20:22:00,synthetic-seeder
110062,2026-09-09,110062,RUN-VAS-B-0062-2,negative,답변은 맞지만 이동 방법을 모르겠음,바로가기 없음,2026-09-09T20:22:00,synthetic-seeder
110063,2026-09-10,110063,RUN-VAS-B-0063-2,negative,답변은 맞지만 이동 방법을 모르겠음,바로가기 없음,2026-09-10T20:22:00,synthetic-seeder
110064,2026-09-07,110064,RUN-VAS-B-0064-2,negative,답변은 맞지만 이동 방법을 모르겠음,바로가기 없음,2026-09-07T20:22:00,synthetic-seeder
110065,2026-09-07,110065,RUN-VAS-B-0065-2,negative,답변은 맞지만 이동 방법을 모르겠음,바로가기 없음,2026-09-07T20:22:00,synthetic-seeder
110066,2026-09-07,110066,RUN-VAS-B-0066-2,negative,답변은 맞지만 이동 방법을 모르겠음,바로가기 없음,2026-09-07T20:22:00,synthetic-seeder
110067,2026-09-07,110067,RUN-VAS-B-0067-2,negative,답변은 맞지만 이동 방법을 모르겠음,바로가기 없음,2026-09-07T20:22:00,synthetic-seeder
110068,2026-09-08,110068,RUN-VAS-B-0068-2,negative,답변은 맞지만 이동 방법을 모르겠음,바로가기 없음,2026-09-08T20:22:00,synthetic-seeder
110069,2026-09-09,110069,RUN-VAS-B-0069-2,negative,답변은 맞지만 이동 방법을 모르겠음,바로가기 없음,2026-09-09T20:22:00,synthetic-seeder
110070,2026-09-10,110070,RUN-VAS-B-0070-2,negative,답변은 맞지만 이동 방법을 모르겠음,바로가기 없음,2026-09-10T20:22:00,synthetic-seeder
110071,2026-09-07,110071,RUN-VAS-B-0071-2,negative,답변은 맞지만 이동 방법을 모르겠음,바로가기 없음,2026-09-07T20:22:00,synthetic-seeder
110072,2026-09-07,110072,RUN-VAS-B-0072-2,negative,답변은 맞지만 이동 방법을 모르겠음,바로가기 없음,2026-09-07T20:22:00,synthetic-seeder
110073,2026-09-07,110073,RUN-VAS-B-0073-2,negative,답변은 맞지만 이동 방법을 모르겠음,바로가기 없음,2026-09-07T20:22:00,synthetic-seeder
110074,2026-09-07,110074,RUN-VAS-B-0074-2,negative,답변은 맞지만 이동 방법을 모르겠음,바로가기 없음,2026-09-07T20:22:00,synthetic-seeder
110075,2026-09-08,110075,RUN-VAS-B-0075-2,negative,답변은 맞지만 이동 방법을 모르겠음,바로가기 없음,2026-09-08T20:22:00,synthetic-seeder
110076,2026-09-09,110076,RUN-VAS-B-0076-2,negative,답변은 맞지만 이동 방법을 모르겠음,바로가기 없음,2026-09-09T20:22:00,synthetic-seeder
110077,2026-09-10,110077,RUN-VAS-B-0077-2,negative,답변은 맞지만 이동 방법을 모르겠음,바로가기 없음,2026-09-10T20:22:00,synthetic-seeder
110078,2026-09-07,110078,RUN-VAS-B-0078-2,negative,답변은 맞지만 이동 방법을 모르겠음,바로가기 없음,2026-09-07T20:22:00,synthetic-seeder
110079,2026-09-07,110079,RUN-VAS-B-0079-2,negative,답변은 맞지만 이동 방법을 모르겠음,바로가기 없음,2026-09-07T20:22:00,synthetic-seeder
110080,2026-09-07,110080,RUN-VAS-B-0080-2,negative,답변은 맞지만 이동 방법을 모르겠음,바로가기 없음,2026-09-07T20:22:00,synthetic-seeder
110081,2026-09-07,110081,RUN-VAS-B-0081-2,negative,답변은 맞지만 이동 방법을 모르겠음,바로가기 없음,2026-09-07T20:22:00,synthetic-seeder
110082,2026-09-08,110082,RUN-VAS-B-0082-2,negative,답변은 맞지만 이동 방법을 모르겠음,바로가기 없음,2026-09-08T20:22:00,synthetic-seeder
110083,2026-09-09,110083,RUN-VAS-B-0083-2,negative,답변은 맞지만 이동 방법을 모르겠음,바로가기 없음,2026-09-09T20:22:00,synthetic-seeder
110084,2026-09-10,110084,RUN-VAS-B-0084-2,negative,답변은 맞지만 이동 방법을 모르겠음,바로가기 없음,2026-09-10T20:22:00,synthetic-seeder
110085,2026-09-07,110085,RUN-VAS-B-0085-2,negative,답변은 맞지만 이동 방법을 모르겠음,바로가기 없음,2026-09-07T20:22:00,synthetic-seeder
110086,2026-09-07,110086,RUN-VAS-B-0086-2,negative,답변은 맞지만 이동 방법을 모르겠음,바로가기 없음,2026-09-07T20:22:00,synthetic-seeder
110087,2026-09-07,110087,RUN-VAS-B-0087-2,negative,답변은 맞지만 이동 방법을 모르겠음,바로가기 없음,2026-09-07T20:22:00,synthetic-seeder
110088,2026-09-07,110088,RUN-VAS-B-0088-2,negative,답변은 맞지만 이동 방법을 모르겠음,바로가기 없음,2026-09-07T20:22:00,synthetic-seeder
110089,2026-09-08,110089,RUN-VAS-B-0089-2,negative,답변은 맞지만 이동 방법을 모르겠음,바로가기 없음,2026-09-08T20:22:00,synthetic-seeder
110090,2026-09-09,110090,RUN-VAS-B-0090-2,negative,답변은 맞지만 이동 방법을 모르겠음,바로가기 없음,2026-09-09T20:22:00,synthetic-seeder
210001,2026-09-07,210001,RUN-PAY-B-0001-2,negative,안내대로 했는데 한도 변경이 완료되지 않음,실제 화면과 다름,2026-09-07T21:22:00,synthetic-seeder
210002,2026-09-08,210002,RUN-PAY-B-0002-2,negative,안내대로 했는데 한도 변경이 완료되지 않음,실제 화면과 다름,2026-09-08T21:22:00,synthetic-seeder
210003,2026-09-09,210003,RUN-PAY-B-0003-2,negative,안내대로 했는데 한도 변경이 완료되지 않음,실제 화면과 다름,2026-09-09T21:22:00,synthetic-seeder
210004,2026-09-10,210004,RUN-PAY-B-0004-2,negative,안내대로 했는데 한도 변경이 완료되지 않음,실제 화면과 다름,2026-09-10T21:22:00,synthetic-seeder
210005,2026-09-07,210005,RUN-PAY-B-0005-2,negative,안내대로 했는데 한도 변경이 완료되지 않음,실제 화면과 다름,2026-09-07T21:22:00,synthetic-seeder
210006,2026-09-08,210006,RUN-PAY-B-0006-2,negative,안내대로 했는데 한도 변경이 완료되지 않음,실제 화면과 다름,2026-09-08T21:22:00,synthetic-seeder
210007,2026-09-09,210007,RUN-PAY-B-0007-2,negative,안내대로 했는데 한도 변경이 완료되지 않음,실제 화면과 다름,2026-09-09T21:22:00,synthetic-seeder
210008,2026-09-10,210008,RUN-PAY-B-0008-2,negative,안내대로 했는데 한도 변경이 완료되지 않음,실제 화면과 다름,2026-09-10T21:22:00,synthetic-seeder
210009,2026-09-07,210009,RUN-PAY-B-0009-2,negative,안내대로 했는데 한도 변경이 완료되지 않음,실제 화면과 다름,2026-09-07T21:22:00,synthetic-seeder
210010,2026-09-08,210010,RUN-PAY-B-0010-2,negative,안내대로 했는데 한도 변경이 완료되지 않음,실제 화면과 다름,2026-09-08T21:22:00,synthetic-seeder
210011,2026-09-09,210011,RUN-PAY-B-0011-2,negative,안내대로 했는데 한도 변경이 완료되지 않음,실제 화면과 다름,2026-09-09T21:22:00,synthetic-seeder
210012,2026-09-10,210012,RUN-PAY-B-0012-2,negative,안내대로 했는데 한도 변경이 완료되지 않음,실제 화면과 다름,2026-09-10T21:22:00,synthetic-seeder
210013,2026-09-07,210013,RUN-PAY-B-0013-2,negative,안내대로 했는데 한도 변경이 완료되지 않음,실제 화면과 다름,2026-09-07T21:22:00,synthetic-seeder
210014,2026-09-08,210014,RUN-PAY-B-0014-2,negative,안내대로 했는데 한도 변경이 완료되지 않음,실제 화면과 다름,2026-09-08T21:22:00,synthetic-seeder
210015,2026-09-09,210015,RUN-PAY-B-0015-2,negative,안내대로 했는데 한도 변경이 완료되지 않음,실제 화면과 다름,2026-09-09T21:22:00,synthetic-seeder
210016,2026-09-10,210016,RUN-PAY-B-0016-2,negative,안내대로 했는데 한도 변경이 완료되지 않음,실제 화면과 다름,2026-09-10T21:22:00,synthetic-seeder
210017,2026-09-07,210017,RUN-PAY-B-0017-2,negative,안내대로 했는데 한도 변경이 완료되지 않음,실제 화면과 다름,2026-09-07T21:22:00,synthetic-seeder
210018,2026-09-08,210018,RUN-PAY-B-0018-2,negative,안내대로 했는데 한도 변경이 완료되지 않음,실제 화면과 다름,2026-09-08T21:22:00,synthetic-seeder
210019,2026-09-09,210019,RUN-PAY-B-0019-2,negative,안내대로 했는데 한도 변경이 완료되지 않음,실제 화면과 다름,2026-09-09T21:22:00,synthetic-seeder
210020,2026-09-10,210020,RUN-PAY-B-0020-2,negative,안내대로 했는데 한도 변경이 완료되지 않음,실제 화면과 다름,2026-09-10T21:22:00,synthetic-seeder
210021,2026-09-07,210021,RUN-PAY-B-0021-2,negative,안내대로 했는데 한도 변경이 완료되지 않음,실제 화면과 다름,2026-09-07T21:22:00,synthetic-seeder
210022,2026-09-08,210022,RUN-PAY-B-0022-2,negative,안내대로 했는데 한도 변경이 완료되지 않음,실제 화면과 다름,2026-09-08T21:22:00,synthetic-seeder
210023,2026-09-09,210023,RUN-PAY-B-0023-2,negative,안내대로 했는데 한도 변경이 완료되지 않음,실제 화면과 다름,2026-09-09T21:22:00,synthetic-seeder
210024,2026-09-10,210024,RUN-PAY-B-0024-2,negative,안내대로 했는데 한도 변경이 완료되지 않음,실제 화면과 다름,2026-09-10T21:22:00,synthetic-seeder
210025,2026-09-07,210025,RUN-PAY-B-0025-2,negative,안내대로 했는데 한도 변경이 완료되지 않음,실제 화면과 다름,2026-09-07T21:22:00,synthetic-seeder
210026,2026-09-08,210026,RUN-PAY-B-0026-2,negative,안내대로 했는데 한도 변경이 완료되지 않음,실제 화면과 다름,2026-09-08T21:22:00,synthetic-seeder
210027,2026-09-09,210027,RUN-PAY-B-0027-2,negative,안내대로 했는데 한도 변경이 완료되지 않음,실제 화면과 다름,2026-09-09T21:22:00,synthetic-seeder
210028,2026-09-10,210028,RUN-PAY-B-0028-2,negative,안내대로 했는데 한도 변경이 완료되지 않음,실제 화면과 다름,2026-09-10T21:22:00,synthetic-seeder
210029,2026-09-07,210029,RUN-PAY-B-0029-2,negative,안내대로 했는데 한도 변경이 완료되지 않음,실제 화면과 다름,2026-09-07T21:22:00,synthetic-seeder
210030,2026-09-08,210030,RUN-PAY-B-0030-2,negative,안내대로 했는데 한도 변경이 완료되지 않음,실제 화면과 다름,2026-09-08T21:22:00,synthetic-seeder
210031,2026-09-09,210031,RUN-PAY-B-0031-2,negative,안내대로 했는데 한도 변경이 완료되지 않음,실제 화면과 다름,2026-09-09T21:22:00,synthetic-seeder
210032,2026-09-10,210032,RUN-PAY-B-0032-2,negative,안내대로 했는데 한도 변경이 완료되지 않음,실제 화면과 다름,2026-09-10T21:22:00,synthetic-seeder
210033,2026-09-07,210033,RUN-PAY-B-0033-2,negative,안내대로 했는데 한도 변경이 완료되지 않음,실제 화면과 다름,2026-09-07T21:22:00,synthetic-seeder
210034,2026-09-08,210034,RUN-PAY-B-0034-2,negative,안내대로 했는데 한도 변경이 완료되지 않음,실제 화면과 다름,2026-09-08T21:22:00,synthetic-seeder
210035,2026-09-09,210035,RUN-PAY-B-0035-2,negative,안내대로 했는데 한도 변경이 완료되지 않음,실제 화면과 다름,2026-09-09T21:22:00,synthetic-seeder
210036,2026-09-10,210036,RUN-PAY-B-0036-2,negative,안내대로 했는데 한도 변경이 완료되지 않음,실제 화면과 다름,2026-09-10T21:22:00,synthetic-seeder
210037,2026-09-07,210037,RUN-PAY-B-0037-2,negative,안내대로 했는데 한도 변경이 완료되지 않음,실제 화면과 다름,2026-09-07T21:22:00,synthetic-seeder
210038,2026-09-08,210038,RUN-PAY-B-0038-2,negative,안내대로 했는데 한도 변경이 완료되지 않음,실제 화면과 다름,2026-09-08T21:22:00,synthetic-seeder
210039,2026-09-09,210039,RUN-PAY-B-0039-2,negative,안내대로 했는데 한도 변경이 완료되지 않음,실제 화면과 다름,2026-09-09T21:22:00,synthetic-seeder
210040,2026-09-10,210040,RUN-PAY-B-0040-2,negative,안내대로 했는데 한도 변경이 완료되지 않음,실제 화면과 다름,2026-09-10T21:22:00,synthetic-seeder
210041,2026-09-07,210041,RUN-PAY-B-0041-2,negative,안내대로 했는데 한도 변경이 완료되지 않음,실제 화면과 다름,2026-09-07T21:22:00,synthetic-seeder
210042,2026-09-08,210042,RUN-PAY-B-0042-2,negative,안내대로 했는데 한도 변경이 완료되지 않음,실제 화면과 다름,2026-09-08T21:22:00,synthetic-seeder
210043,2026-09-09,210043,RUN-PAY-B-0043-2,negative,안내대로 했는데 한도 변경이 완료되지 않음,실제 화면과 다름,2026-09-09T21:22:00,synthetic-seeder
210044,2026-09-10,210044,RUN-PAY-B-0044-2,negative,안내대로 했는데 한도 변경이 완료되지 않음,실제 화면과 다름,2026-09-10T21:22:00,synthetic-seeder
210045,2026-09-07,210045,RUN-PAY-B-0045-2,negative,안내대로 했는데 한도 변경이 완료되지 않음,실제 화면과 다름,2026-09-07T21:22:00,synthetic-seeder
210046,2026-09-08,210046,RUN-PAY-B-0046-2,negative,안내대로 했는데 한도 변경이 완료되지 않음,실제 화면과 다름,2026-09-08T21:22:00,synthetic-seeder
210047,2026-09-09,210047,RUN-PAY-B-0047-2,negative,안내대로 했는데 한도 변경이 완료되지 않음,실제 화면과 다름,2026-09-09T21:22:00,synthetic-seeder
210048,2026-09-10,210048,RUN-PAY-B-0048-2,negative,안내대로 했는데 한도 변경이 완료되지 않음,실제 화면과 다름,2026-09-10T21:22:00,synthetic-seeder
210049,2026-09-07,210049,RUN-PAY-B-0049-2,negative,안내대로 했는데 한도 변경이 완료되지 않음,실제 화면과 다름,2026-09-07T21:22:00,synthetic-seeder
210050,2026-09-08,210050,RUN-PAY-B-0050-2,negative,안내대로 했는데 한도 변경이 완료되지 않음,실제 화면과 다름,2026-09-08T21:22:00,synthetic-seeder
210051,2026-09-09,210051,RUN-PAY-B-0051-2,negative,안내대로 했는데 한도 변경이 완료되지 않음,실제 화면과 다름,2026-09-09T21:22:00,synthetic-seeder
210052,2026-09-10,210052,RUN-PAY-B-0052-2,negative,안내대로 했는데 한도 변경이 완료되지 않음,실제 화면과 다름,2026-09-10T21:22:00,synthetic-seeder
210053,2026-09-07,210053,RUN-PAY-B-0053-2,negative,안내대로 했는데 한도 변경이 완료되지 않음,실제 화면과 다름,2026-09-07T21:22:00,synthetic-seeder
210054,2026-09-08,210054,RUN-PAY-B-0054-2,negative,안내대로 했는데 한도 변경이 완료되지 않음,실제 화면과 다름,2026-09-08T21:22:00,synthetic-seeder
210055,2026-09-09,210055,RUN-PAY-B-0055-2,negative,안내대로 했는데 한도 변경이 완료되지 않음,실제 화면과 다름,2026-09-09T21:22:00,synthetic-seeder
210056,2026-09-10,210056,RUN-PAY-B-0056-2,negative,안내대로 했는데 한도 변경이 완료되지 않음,실제 화면과 다름,2026-09-10T21:22:00,synthetic-seeder
210057,2026-09-07,210057,RUN-PAY-B-0057-2,negative,안내대로 했는데 한도 변경이 완료되지 않음,실제 화면과 다름,2026-09-07T21:22:00,synthetic-seeder
210058,2026-09-08,210058,RUN-PAY-B-0058-2,negative,안내대로 했는데 한도 변경이 완료되지 않음,실제 화면과 다름,2026-09-08T21:22:00,synthetic-seeder
210059,2026-09-09,210059,RUN-PAY-B-0059-2,negative,안내대로 했는데 한도 변경이 완료되지 않음,실제 화면과 다름,2026-09-09T21:22:00,synthetic-seeder
210060,2026-09-10,210060,RUN-PAY-B-0060-2,negative,안내대로 했는데 한도 변경이 완료되지 않음,실제 화면과 다름,2026-09-10T21:22:00,synthetic-seeder
210061,2026-09-07,210061,RUN-PAY-B-0061-2,negative,안내대로 했는데 한도 변경이 완료되지 않음,실제 화면과 다름,2026-09-07T21:22:00,synthetic-seeder
210062,2026-09-08,210062,RUN-PAY-B-0062-2,negative,안내대로 했는데 한도 변경이 완료되지 않음,실제 화면과 다름,2026-09-08T21:22:00,synthetic-seeder
210063,2026-09-09,210063,RUN-PAY-B-0063-2,negative,안내대로 했는데 한도 변경이 완료되지 않음,실제 화면과 다름,2026-09-09T21:22:00,synthetic-seeder
210064,2026-09-10,210064,RUN-PAY-B-0064-2,negative,안내대로 했는데 한도 변경이 완료되지 않음,실제 화면과 다름,2026-09-10T21:22:00,synthetic-seeder
210065,2026-09-07,210065,RUN-PAY-B-0065-2,negative,안내대로 했는데 한도 변경이 완료되지 않음,실제 화면과 다름,2026-09-07T21:22:00,synthetic-seeder
210066,2026-09-08,210066,RUN-PAY-B-0066-2,negative,안내대로 했는데 한도 변경이 완료되지 않음,실제 화면과 다름,2026-09-08T21:22:00,synthetic-seeder
210067,2026-09-09,210067,RUN-PAY-B-0067-2,negative,안내대로 했는데 한도 변경이 완료되지 않음,실제 화면과 다름,2026-09-09T21:22:00,synthetic-seeder
210068,2026-09-10,210068,RUN-PAY-B-0068-2,negative,안내대로 했는데 한도 변경이 완료되지 않음,실제 화면과 다름,2026-09-10T21:22:00,synthetic-seeder
210069,2026-09-07,210069,RUN-PAY-B-0069-2,negative,안내대로 했는데 한도 변경이 완료되지 않음,실제 화면과 다름,2026-09-07T21:22:00,synthetic-seeder
210070,2026-09-08,210070,RUN-PAY-B-0070-2,negative,안내대로 했는데 한도 변경이 완료되지 않음,실제 화면과 다름,2026-09-08T21:22:00,synthetic-seeder
210071,2026-09-09,210071,RUN-PAY-B-0071-2,negative,안내대로 했는데 한도 변경이 완료되지 않음,실제 화면과 다름,2026-09-09T21:22:00,synthetic-seeder
210072,2026-09-10,210072,RUN-PAY-B-0072-2,negative,안내대로 했는데 한도 변경이 완료되지 않음,실제 화면과 다름,2026-09-10T21:22:00,synthetic-seeder
210073,2026-09-07,210073,RUN-PAY-B-0073-2,negative,안내대로 했는데 한도 변경이 완료되지 않음,실제 화면과 다름,2026-09-07T21:22:00,synthetic-seeder
210074,2026-09-08,210074,RUN-PAY-B-0074-2,negative,안내대로 했는데 한도 변경이 완료되지 않음,실제 화면과 다름,2026-09-08T21:22:00,synthetic-seeder
210075,2026-09-09,210075,RUN-PAY-B-0075-2,negative,안내대로 했는데 한도 변경이 완료되지 않음,실제 화면과 다름,2026-09-09T21:22:00,synthetic-seeder
210076,2026-09-10,210076,RUN-PAY-B-0076-2,negative,안내대로 했는데 한도 변경이 완료되지 않음,실제 화면과 다름,2026-09-10T21:22:00,synthetic-seeder
210077,2026-09-07,210077,RUN-PAY-B-0077-2,negative,안내대로 했는데 한도 변경이 완료되지 않음,실제 화면과 다름,2026-09-07T21:22:00,synthetic-seeder
210078,2026-09-08,210078,RUN-PAY-B-0078-2,negative,안내대로 했는데 한도 변경이 완료되지 않음,실제 화면과 다름,2026-09-08T21:22:00,synthetic-seeder
210079,2026-09-09,210079,RUN-PAY-B-0079-2,negative,안내대로 했는데 한도 변경이 완료되지 않음,실제 화면과 다름,2026-09-09T21:22:00,synthetic-seeder
210080,2026-09-10,210080,RUN-PAY-B-0080-2,negative,안내대로 했는데 한도 변경이 완료되지 않음,실제 화면과 다름,2026-09-10T21:22:00,synthetic-seeder
210081,2026-09-07,210081,RUN-PAY-B-0081-2,negative,안내대로 했는데 한도 변경이 완료되지 않음,실제 화면과 다름,2026-09-07T21:22:00,synthetic-seeder
210082,2026-09-08,210082,RUN-PAY-B-0082-2,negative,안내대로 했는데 한도 변경이 완료되지 않음,실제 화면과 다름,2026-09-08T21:22:00,synthetic-seeder
210083,2026-09-09,210083,RUN-PAY-B-0083-2,negative,안내대로 했는데 한도 변경이 완료되지 않음,실제 화면과 다름,2026-09-09T21:22:00,synthetic-seeder
210084,2026-09-10,210084,RUN-PAY-B-0084-2,negative,안내대로 했는데 한도 변경이 완료되지 않음,실제 화면과 다름,2026-09-10T21:22:00,synthetic-seeder
210085,2026-09-07,210085,RUN-PAY-B-0085-2,negative,안내대로 했는데 한도 변경이 완료되지 않음,실제 화면과 다름,2026-09-07T21:22:00,synthetic-seeder
210086,2026-09-08,210086,RUN-PAY-B-0086-2,negative,안내대로 했는데 한도 변경이 완료되지 않음,실제 화면과 다름,2026-09-08T21:22:00,synthetic-seeder
210087,2026-09-09,210087,RUN-PAY-B-0087-2,negative,안내대로 했는데 한도 변경이 완료되지 않음,실제 화면과 다름,2026-09-09T21:22:00,synthetic-seeder
210088,2026-09-10,210088,RUN-PAY-B-0088-2,negative,안내대로 했는데 한도 변경이 완료되지 않음,실제 화면과 다름,2026-09-10T21:22:00,synthetic-seeder
210089,2026-09-07,210089,RUN-PAY-B-0089-2,negative,안내대로 했는데 한도 변경이 완료되지 않음,실제 화면과 다름,2026-09-07T21:22:00,synthetic-seeder
210090,2026-09-08,210090,RUN-PAY-B-0090-2,negative,안내대로 했는데 한도 변경이 완료되지 않음,실제 화면과 다름,2026-09-08T21:22:00,synthetic-seeder
210091,2026-09-09,210091,RUN-PAY-B-0091-2,negative,안내대로 했는데 한도 변경이 완료되지 않음,실제 화면과 다름,2026-09-09T21:22:00,synthetic-seeder
210092,2026-09-10,210092,RUN-PAY-B-0092-2,negative,안내대로 했는데 한도 변경이 완료되지 않음,실제 화면과 다름,2026-09-10T21:22:00,synthetic-seeder
210093,2026-09-07,210093,RUN-PAY-B-0093-2,negative,안내대로 했는데 한도 변경이 완료되지 않음,실제 화면과 다름,2026-09-07T21:22:00,synthetic-seeder
210094,2026-09-08,210094,RUN-PAY-B-0094-2,negative,안내대로 했는데 한도 변경이 완료되지 않음,실제 화면과 다름,2026-09-08T21:22:00,synthetic-seeder
210095,2026-09-09,210095,RUN-PAY-B-0095-2,negative,안내대로 했는데 한도 변경이 완료되지 않음,실제 화면과 다름,2026-09-09T21:22:00,synthetic-seeder
210096,2026-09-10,210096,RUN-PAY-B-0096-2,negative,안내대로 했는데 한도 변경이 완료되지 않음,실제 화면과 다름,2026-09-10T21:22:00,synthetic-seeder
210097,2026-09-07,210097,RUN-PAY-B-0097-2,negative,안내대로 했는데 한도 변경이 완료되지 않음,실제 화면과 다름,2026-09-07T21:22:00,synthetic-seeder
210098,2026-09-08,210098,RUN-PAY-B-0098-2,negative,안내대로 했는데 한도 변경이 완료되지 않음,실제 화면과 다름,2026-09-08T21:22:00,synthetic-seeder
210099,2026-09-09,210099,RUN-PAY-B-0099-2,negative,안내대로 했는데 한도 변경이 완료되지 않음,실제 화면과 다름,2026-09-09T21:22:00,synthetic-seeder
210100,2026-09-10,210100,RUN-PAY-B-0100-2,negative,안내대로 했는데 한도 변경이 완료되지 않음,실제 화면과 다름,2026-09-10T21:22:00,synthetic-seeder
120001,2026-09-11,310001,RUN-VAS-P-1-001-2,negative,이동 안내가 충분하지 않음,VAS 개선 안내 불충분,2026-09-11T20:13:00,synthetic-seeder
120002,2026-09-11,310002,RUN-VAS-P-1-002-2,negative,이동 안내가 충분하지 않음,VAS 개선 안내 불충분,2026-09-11T20:14:00,synthetic-seeder
120003,2026-09-11,310003,RUN-VAS-P-1-003-2,negative,이동 안내가 충분하지 않음,VAS 개선 안내 불충분,2026-09-11T20:15:00,synthetic-seeder
120004,2026-09-11,310004,RUN-VAS-P-1-004-2,negative,이동 안내가 충분하지 않음,VAS 개선 안내 불충분,2026-09-11T20:16:00,synthetic-seeder
120005,2026-09-11,310005,RUN-VAS-P-1-005-2,negative,이동 안내가 충분하지 않음,VAS 개선 안내 불충분,2026-09-11T20:17:00,synthetic-seeder
120006,2026-09-11,310006,RUN-VAS-P-1-006-2,negative,이동 안내가 충분하지 않음,VAS 개선 안내 불충분,2026-09-11T20:18:00,synthetic-seeder
120007,2026-09-11,310007,RUN-VAS-P-1-007-2,negative,이동 안내가 충분하지 않음,VAS 개선 안내 불충분,2026-09-11T20:19:00,synthetic-seeder
120008,2026-09-11,310008,RUN-VAS-P-1-008-2,negative,이동 안내가 충분하지 않음,VAS 개선 안내 불충분,2026-09-11T20:20:00,synthetic-seeder
120009,2026-09-11,310009,RUN-VAS-P-1-009-2,negative,이동 안내가 충분하지 않음,VAS 개선 안내 불충분,2026-09-11T20:21:00,synthetic-seeder
120010,2026-09-11,310010,RUN-VAS-P-1-010-2,negative,이동 안내가 충분하지 않음,VAS 개선 안내 불충분,2026-09-11T20:22:00,synthetic-seeder
120011,2026-09-11,310011,RUN-VAS-P-1-011-2,negative,이동 안내가 충분하지 않음,VAS 개선 안내 불충분,2026-09-11T20:23:00,synthetic-seeder
120012,2026-09-11,310012,RUN-VAS-P-1-012-2,negative,이동 안내가 충분하지 않음,VAS 개선 안내 불충분,2026-09-11T20:24:00,synthetic-seeder
120013,2026-09-11,310013,RUN-VAS-P-1-013-2,negative,이동 안내가 충분하지 않음,VAS 개선 안내 불충분,2026-09-11T20:25:00,synthetic-seeder
120014,2026-09-11,310014,RUN-VAS-P-1-014-2,negative,이동 안내가 충분하지 않음,VAS 개선 안내 불충분,2026-09-11T20:26:00,synthetic-seeder
120015,2026-09-11,310015,RUN-VAS-P-1-015-2,negative,이동 안내가 충분하지 않음,VAS 개선 안내 불충분,2026-09-11T20:27:00,synthetic-seeder
120016,2026-09-11,310016,RUN-VAS-P-1-016-2,negative,이동 안내가 충분하지 않음,VAS 개선 안내 불충분,2026-09-11T20:28:00,synthetic-seeder
120017,2026-09-11,310017,RUN-VAS-P-1-017-2,negative,이동 안내가 충분하지 않음,VAS 개선 안내 불충분,2026-09-11T20:29:00,synthetic-seeder
120018,2026-09-11,310018,RUN-VAS-P-1-018-2,negative,이동 안내가 충분하지 않음,VAS 개선 안내 불충분,2026-09-11T20:30:00,synthetic-seeder
120019,2026-09-11,310019,RUN-VAS-P-1-019-2,negative,이동 안내가 충분하지 않음,VAS 개선 안내 불충분,2026-09-11T20:31:00,synthetic-seeder
120020,2026-09-11,310020,RUN-VAS-P-1-020-2,negative,이동 안내가 충분하지 않음,VAS 개선 안내 불충분,2026-09-11T20:32:00,synthetic-seeder
120101,2026-09-12,310101,RUN-VAS-P-2-001-2,negative,이동 안내가 충분하지 않음,VAS 개선 안내 불충분,2026-09-12T20:13:00,synthetic-seeder
120102,2026-09-12,310102,RUN-VAS-P-2-002-2,negative,이동 안내가 충분하지 않음,VAS 개선 안내 불충분,2026-09-12T20:14:00,synthetic-seeder
120103,2026-09-12,310103,RUN-VAS-P-2-003-2,negative,이동 안내가 충분하지 않음,VAS 개선 안내 불충분,2026-09-12T20:15:00,synthetic-seeder
120104,2026-09-12,310104,RUN-VAS-P-2-004-2,negative,이동 안내가 충분하지 않음,VAS 개선 안내 불충분,2026-09-12T20:16:00,synthetic-seeder
120105,2026-09-12,310105,RUN-VAS-P-2-005-2,negative,이동 안내가 충분하지 않음,VAS 개선 안내 불충분,2026-09-12T20:17:00,synthetic-seeder
120106,2026-09-12,310106,RUN-VAS-P-2-006-2,negative,이동 안내가 충분하지 않음,VAS 개선 안내 불충분,2026-09-12T20:18:00,synthetic-seeder
120107,2026-09-12,310107,RUN-VAS-P-2-007-2,negative,이동 안내가 충분하지 않음,VAS 개선 안내 불충분,2026-09-12T20:19:00,synthetic-seeder
120108,2026-09-12,310108,RUN-VAS-P-2-008-2,negative,이동 안내가 충분하지 않음,VAS 개선 안내 불충분,2026-09-12T20:20:00,synthetic-seeder
120109,2026-09-12,310109,RUN-VAS-P-2-009-2,negative,이동 안내가 충분하지 않음,VAS 개선 안내 불충분,2026-09-12T20:21:00,synthetic-seeder
120110,2026-09-12,310110,RUN-VAS-P-2-010-2,negative,이동 안내가 충분하지 않음,VAS 개선 안내 불충분,2026-09-12T20:22:00,synthetic-seeder
120111,2026-09-12,310111,RUN-VAS-P-2-011-2,negative,이동 안내가 충분하지 않음,VAS 개선 안내 불충분,2026-09-12T20:23:00,synthetic-seeder
120112,2026-09-12,310112,RUN-VAS-P-2-012-2,negative,이동 안내가 충분하지 않음,VAS 개선 안내 불충분,2026-09-12T20:24:00,synthetic-seeder
120113,2026-09-12,310113,RUN-VAS-P-2-013-2,negative,이동 안내가 충분하지 않음,VAS 개선 안내 불충분,2026-09-12T20:25:00,synthetic-seeder
120114,2026-09-12,310114,RUN-VAS-P-2-014-2,negative,이동 안내가 충분하지 않음,VAS 개선 안내 불충분,2026-09-12T20:26:00,synthetic-seeder
120115,2026-09-12,310115,RUN-VAS-P-2-015-2,negative,이동 안내가 충분하지 않음,VAS 개선 안내 불충분,2026-09-12T20:27:00,synthetic-seeder
120116,2026-09-12,310116,RUN-VAS-P-2-016-2,negative,이동 안내가 충분하지 않음,VAS 개선 안내 불충분,2026-09-12T20:28:00,synthetic-seeder
120117,2026-09-12,310117,RUN-VAS-P-2-017-2,negative,이동 안내가 충분하지 않음,VAS 개선 안내 불충분,2026-09-12T20:29:00,synthetic-seeder
120118,2026-09-12,310118,RUN-VAS-P-2-018-2,negative,이동 안내가 충분하지 않음,VAS 개선 안내 불충분,2026-09-12T20:30:00,synthetic-seeder
120201,2026-09-13,310201,RUN-VAS-P-3-001-2,negative,이동 안내가 충분하지 않음,VAS 개선 안내 불충분,2026-09-13T20:13:00,synthetic-seeder
120202,2026-09-13,310202,RUN-VAS-P-3-002-2,negative,이동 안내가 충분하지 않음,VAS 개선 안내 불충분,2026-09-13T20:14:00,synthetic-seeder
120203,2026-09-13,310203,RUN-VAS-P-3-003-2,negative,이동 안내가 충분하지 않음,VAS 개선 안내 불충분,2026-09-13T20:15:00,synthetic-seeder
120204,2026-09-13,310204,RUN-VAS-P-3-004-2,negative,이동 안내가 충분하지 않음,VAS 개선 안내 불충분,2026-09-13T20:16:00,synthetic-seeder
120205,2026-09-13,310205,RUN-VAS-P-3-005-2,negative,이동 안내가 충분하지 않음,VAS 개선 안내 불충분,2026-09-13T20:17:00,synthetic-seeder
120206,2026-09-13,310206,RUN-VAS-P-3-006-2,negative,이동 안내가 충분하지 않음,VAS 개선 안내 불충분,2026-09-13T20:18:00,synthetic-seeder
120207,2026-09-13,310207,RUN-VAS-P-3-007-2,negative,이동 안내가 충분하지 않음,VAS 개선 안내 불충분,2026-09-13T20:19:00,synthetic-seeder
120208,2026-09-13,310208,RUN-VAS-P-3-008-2,negative,이동 안내가 충분하지 않음,VAS 개선 안내 불충분,2026-09-13T20:20:00,synthetic-seeder
120209,2026-09-13,310209,RUN-VAS-P-3-009-2,negative,이동 안내가 충분하지 않음,VAS 개선 안내 불충분,2026-09-13T20:21:00,synthetic-seeder
120210,2026-09-13,310210,RUN-VAS-P-3-010-2,negative,이동 안내가 충분하지 않음,VAS 개선 안내 불충분,2026-09-13T20:22:00,synthetic-seeder
120211,2026-09-13,310211,RUN-VAS-P-3-011-2,negative,이동 안내가 충분하지 않음,VAS 개선 안내 불충분,2026-09-13T20:23:00,synthetic-seeder
120212,2026-09-13,310212,RUN-VAS-P-3-012-2,negative,이동 안내가 충분하지 않음,VAS 개선 안내 불충분,2026-09-13T20:24:00,synthetic-seeder
120213,2026-09-13,310213,RUN-VAS-P-3-013-2,negative,이동 안내가 충분하지 않음,VAS 개선 안내 불충분,2026-09-13T20:25:00,synthetic-seeder
120214,2026-09-13,310214,RUN-VAS-P-3-014-2,negative,이동 안내가 충분하지 않음,VAS 개선 안내 불충분,2026-09-13T20:26:00,synthetic-seeder
120215,2026-09-13,310215,RUN-VAS-P-3-015-2,negative,이동 안내가 충분하지 않음,VAS 개선 안내 불충분,2026-09-13T20:27:00,synthetic-seeder
120301,2026-09-14,310301,RUN-VAS-P-4-001-2,negative,이동 안내가 충분하지 않음,VAS 개선 안내 불충분,2026-09-14T20:13:00,synthetic-seeder
120302,2026-09-14,310302,RUN-VAS-P-4-002-2,negative,이동 안내가 충분하지 않음,VAS 개선 안내 불충분,2026-09-14T20:14:00,synthetic-seeder
120303,2026-09-14,310303,RUN-VAS-P-4-003-2,negative,이동 안내가 충분하지 않음,VAS 개선 안내 불충분,2026-09-14T20:15:00,synthetic-seeder
120304,2026-09-14,310304,RUN-VAS-P-4-004-2,negative,이동 안내가 충분하지 않음,VAS 개선 안내 불충분,2026-09-14T20:16:00,synthetic-seeder
120305,2026-09-14,310305,RUN-VAS-P-4-005-2,negative,이동 안내가 충분하지 않음,VAS 개선 안내 불충분,2026-09-14T20:17:00,synthetic-seeder
120306,2026-09-14,310306,RUN-VAS-P-4-006-2,negative,이동 안내가 충분하지 않음,VAS 개선 안내 불충분,2026-09-14T20:18:00,synthetic-seeder
120307,2026-09-14,310307,RUN-VAS-P-4-007-2,negative,이동 안내가 충분하지 않음,VAS 개선 안내 불충분,2026-09-14T20:19:00,synthetic-seeder
120308,2026-09-14,310308,RUN-VAS-P-4-008-2,negative,이동 안내가 충분하지 않음,VAS 개선 안내 불충분,2026-09-14T20:20:00,synthetic-seeder
120309,2026-09-14,310309,RUN-VAS-P-4-009-2,negative,이동 안내가 충분하지 않음,VAS 개선 안내 불충분,2026-09-14T20:21:00,synthetic-seeder
120310,2026-09-14,310310,RUN-VAS-P-4-010-2,negative,이동 안내가 충분하지 않음,VAS 개선 안내 불충분,2026-09-14T20:22:00,synthetic-seeder
120311,2026-09-14,310311,RUN-VAS-P-4-011-2,negative,이동 안내가 충분하지 않음,VAS 개선 안내 불충분,2026-09-14T20:23:00,synthetic-seeder
120312,2026-09-14,310312,RUN-VAS-P-4-012-2,negative,이동 안내가 충분하지 않음,VAS 개선 안내 불충분,2026-09-14T20:24:00,synthetic-seeder
120401,2026-09-15,310401,RUN-VAS-P-5-001-2,negative,이동 안내가 충분하지 않음,VAS 개선 안내 불충분,2026-09-15T20:13:00,synthetic-seeder
120402,2026-09-15,310402,RUN-VAS-P-5-002-2,negative,이동 안내가 충분하지 않음,VAS 개선 안내 불충분,2026-09-15T20:14:00,synthetic-seeder
120403,2026-09-15,310403,RUN-VAS-P-5-003-2,negative,이동 안내가 충분하지 않음,VAS 개선 안내 불충분,2026-09-15T20:15:00,synthetic-seeder
120404,2026-09-15,310404,RUN-VAS-P-5-004-2,negative,이동 안내가 충분하지 않음,VAS 개선 안내 불충분,2026-09-15T20:16:00,synthetic-seeder
120405,2026-09-15,310405,RUN-VAS-P-5-005-2,negative,이동 안내가 충분하지 않음,VAS 개선 안내 불충분,2026-09-15T20:17:00,synthetic-seeder
120406,2026-09-15,310406,RUN-VAS-P-5-006-2,negative,이동 안내가 충분하지 않음,VAS 개선 안내 불충분,2026-09-15T20:18:00,synthetic-seeder
120407,2026-09-15,310407,RUN-VAS-P-5-007-2,negative,이동 안내가 충분하지 않음,VAS 개선 안내 불충분,2026-09-15T20:19:00,synthetic-seeder
120408,2026-09-15,310408,RUN-VAS-P-5-008-2,negative,이동 안내가 충분하지 않음,VAS 개선 안내 불충분,2026-09-15T20:20:00,synthetic-seeder
120409,2026-09-15,310409,RUN-VAS-P-5-009-2,negative,이동 안내가 충분하지 않음,VAS 개선 안내 불충분,2026-09-15T20:21:00,synthetic-seeder
120501,2026-09-16,310501,RUN-VAS-P-6-001-2,negative,이동 안내가 충분하지 않음,VAS 개선 안내 불충분,2026-09-16T20:13:00,synthetic-seeder
120502,2026-09-16,310502,RUN-VAS-P-6-002-2,negative,이동 안내가 충분하지 않음,VAS 개선 안내 불충분,2026-09-16T20:14:00,synthetic-seeder
120503,2026-09-16,310503,RUN-VAS-P-6-003-2,negative,이동 안내가 충분하지 않음,VAS 개선 안내 불충분,2026-09-16T20:15:00,synthetic-seeder
120504,2026-09-16,310504,RUN-VAS-P-6-004-2,negative,이동 안내가 충분하지 않음,VAS 개선 안내 불충분,2026-09-16T20:16:00,synthetic-seeder
120505,2026-09-16,310505,RUN-VAS-P-6-005-2,negative,이동 안내가 충분하지 않음,VAS 개선 안내 불충분,2026-09-16T20:17:00,synthetic-seeder
120506,2026-09-16,310506,RUN-VAS-P-6-006-2,negative,이동 안내가 충분하지 않음,VAS 개선 안내 불충분,2026-09-16T20:18:00,synthetic-seeder
120507,2026-09-16,310507,RUN-VAS-P-6-007-2,negative,이동 안내가 충분하지 않음,VAS 개선 안내 불충분,2026-09-16T20:19:00,synthetic-seeder
120601,2026-09-17,310601,RUN-VAS-P-7-001-2,negative,이동 안내가 충분하지 않음,VAS 개선 안내 불충분,2026-09-17T20:13:00,synthetic-seeder
120602,2026-09-17,310602,RUN-VAS-P-7-002-2,negative,이동 안내가 충분하지 않음,VAS 개선 안내 불충분,2026-09-17T20:14:00,synthetic-seeder
120603,2026-09-17,310603,RUN-VAS-P-7-003-2,negative,이동 안내가 충분하지 않음,VAS 개선 안내 불충분,2026-09-17T20:15:00,synthetic-seeder
120604,2026-09-17,310604,RUN-VAS-P-7-004-2,negative,이동 안내가 충분하지 않음,VAS 개선 안내 불충분,2026-09-17T20:16:00,synthetic-seeder
120605,2026-09-17,310605,RUN-VAS-P-7-005-2,negative,이동 안내가 충분하지 않음,VAS 개선 안내 불충분,2026-09-17T20:17:00,synthetic-seeder
220005,2026-09-11,410005,RUN-PAY-P-1-005-2,negative,안내대로 했지만 변경을 완료하지 못함,소액결제 개선 안내 불충분,2026-09-11T20:17:00,synthetic-seeder
220006,2026-09-11,410006,RUN-PAY-P-1-006-2,negative,안내대로 했지만 변경을 완료하지 못함,소액결제 개선 안내 불충분,2026-09-11T20:18:00,synthetic-seeder
220007,2026-09-11,410007,RUN-PAY-P-1-007-2,negative,안내대로 했지만 변경을 완료하지 못함,소액결제 개선 안내 불충분,2026-09-11T20:19:00,synthetic-seeder
220008,2026-09-11,410008,RUN-PAY-P-1-008-2,negative,안내대로 했지만 변경을 완료하지 못함,소액결제 개선 안내 불충분,2026-09-11T20:20:00,synthetic-seeder
220019,2026-09-11,410019,RUN-PAY-P-1-019-2,negative,안내대로 했지만 변경을 완료하지 못함,소액결제 개선 안내 불충분,2026-09-11T20:31:00,synthetic-seeder
220020,2026-09-11,410020,RUN-PAY-P-1-020-2,negative,안내대로 했지만 변경을 완료하지 못함,소액결제 개선 안내 불충분,2026-09-11T20:32:00,synthetic-seeder
220021,2026-09-11,410021,RUN-PAY-P-1-021-2,negative,안내대로 했지만 변경을 완료하지 못함,소액결제 개선 안내 불충분,2026-09-11T20:33:00,synthetic-seeder
220022,2026-09-11,410022,RUN-PAY-P-1-022-2,negative,안내대로 했지만 변경을 완료하지 못함,소액결제 개선 안내 불충분,2026-09-11T20:34:00,synthetic-seeder
220023,2026-09-11,410023,RUN-PAY-P-1-023-2,negative,안내대로 했지만 변경을 완료하지 못함,소액결제 개선 안내 불충분,2026-09-11T20:35:00,synthetic-seeder
220024,2026-09-11,410024,RUN-PAY-P-1-024-2,negative,안내대로 했지만 변경을 완료하지 못함,소액결제 개선 안내 불충분,2026-09-11T20:36:00,synthetic-seeder
220025,2026-09-11,410025,RUN-PAY-P-1-025-2,negative,안내대로 했지만 변경을 완료하지 못함,소액결제 개선 안내 불충분,2026-09-11T20:37:00,synthetic-seeder
220026,2026-09-11,410026,RUN-PAY-P-1-026-2,negative,안내대로 했지만 변경을 완료하지 못함,소액결제 개선 안내 불충분,2026-09-11T20:38:00,synthetic-seeder
220027,2026-09-11,410027,RUN-PAY-P-1-027-2,negative,안내대로 했지만 변경을 완료하지 못함,소액결제 개선 안내 불충분,2026-09-11T20:39:00,synthetic-seeder
220028,2026-09-11,410028,RUN-PAY-P-1-028-2,negative,안내대로 했지만 변경을 완료하지 못함,소액결제 개선 안내 불충분,2026-09-11T20:40:00,synthetic-seeder
220029,2026-09-11,410029,RUN-PAY-P-1-029-2,negative,안내대로 했지만 변경을 완료하지 못함,소액결제 개선 안내 불충분,2026-09-11T20:41:00,synthetic-seeder
220111,2026-09-12,410111,RUN-PAY-P-2-011-2,negative,안내대로 했지만 변경을 완료하지 못함,소액결제 개선 안내 불충분,2026-09-12T20:23:00,synthetic-seeder
220112,2026-09-12,410112,RUN-PAY-P-2-012-2,negative,안내대로 했지만 변경을 완료하지 못함,소액결제 개선 안내 불충분,2026-09-12T20:24:00,synthetic-seeder
220113,2026-09-12,410113,RUN-PAY-P-2-013-2,negative,안내대로 했지만 변경을 완료하지 못함,소액결제 개선 안내 불충분,2026-09-12T20:25:00,synthetic-seeder
220114,2026-09-12,410114,RUN-PAY-P-2-014-2,negative,안내대로 했지만 변경을 완료하지 못함,소액결제 개선 안내 불충분,2026-09-12T20:26:00,synthetic-seeder
220123,2026-09-12,410123,RUN-PAY-P-2-023-2,negative,안내대로 했지만 변경을 완료하지 못함,소액결제 개선 안내 불충분,2026-09-12T20:35:00,synthetic-seeder
220124,2026-09-12,410124,RUN-PAY-P-2-024-2,negative,안내대로 했지만 변경을 완료하지 못함,소액결제 개선 안내 불충분,2026-09-12T20:36:00,synthetic-seeder
220125,2026-09-12,410125,RUN-PAY-P-2-025-2,negative,안내대로 했지만 변경을 완료하지 못함,소액결제 개선 안내 불충분,2026-09-12T20:37:00,synthetic-seeder
220126,2026-09-12,410126,RUN-PAY-P-2-026-2,negative,안내대로 했지만 변경을 완료하지 못함,소액결제 개선 안내 불충분,2026-09-12T20:38:00,synthetic-seeder
220127,2026-09-12,410127,RUN-PAY-P-2-027-2,negative,안내대로 했지만 변경을 완료하지 못함,소액결제 개선 안내 불충분,2026-09-12T20:39:00,synthetic-seeder
220128,2026-09-12,410128,RUN-PAY-P-2-028-2,negative,안내대로 했지만 변경을 완료하지 못함,소액결제 개선 안내 불충분,2026-09-12T20:40:00,synthetic-seeder
220129,2026-09-12,410129,RUN-PAY-P-2-029-2,negative,안내대로 했지만 변경을 완료하지 못함,소액결제 개선 안내 불충분,2026-09-12T20:41:00,synthetic-seeder
220130,2026-09-12,410130,RUN-PAY-P-2-030-2,negative,안내대로 했지만 변경을 완료하지 못함,소액결제 개선 안내 불충분,2026-09-12T20:42:00,synthetic-seeder
220131,2026-09-12,410131,RUN-PAY-P-2-031-2,negative,안내대로 했지만 변경을 완료하지 못함,소액결제 개선 안내 불충분,2026-09-12T20:43:00,synthetic-seeder
220212,2026-09-13,410212,RUN-PAY-P-3-012-2,negative,안내대로 했지만 변경을 완료하지 못함,소액결제 개선 안내 불충분,2026-09-13T20:24:00,synthetic-seeder
220213,2026-09-13,410213,RUN-PAY-P-3-013-2,negative,안내대로 했지만 변경을 완료하지 못함,소액결제 개선 안내 불충분,2026-09-13T20:25:00,synthetic-seeder
220214,2026-09-13,410214,RUN-PAY-P-3-014-2,negative,안내대로 했지만 변경을 완료하지 못함,소액결제 개선 안내 불충분,2026-09-13T20:26:00,synthetic-seeder
220215,2026-09-13,410215,RUN-PAY-P-3-015-2,negative,안내대로 했지만 변경을 완료하지 못함,소액결제 개선 안내 불충분,2026-09-13T20:27:00,synthetic-seeder
220216,2026-09-13,410216,RUN-PAY-P-3-016-2,negative,안내대로 했지만 변경을 완료하지 못함,소액결제 개선 안내 불충분,2026-09-13T20:28:00,synthetic-seeder
220217,2026-09-13,410217,RUN-PAY-P-3-017-2,negative,안내대로 했지만 변경을 완료하지 못함,소액결제 개선 안내 불충분,2026-09-13T20:29:00,synthetic-seeder
220218,2026-09-13,410218,RUN-PAY-P-3-018-2,negative,안내대로 했지만 변경을 완료하지 못함,소액결제 개선 안내 불충분,2026-09-13T20:30:00,synthetic-seeder
220219,2026-09-13,410219,RUN-PAY-P-3-019-2,negative,안내대로 했지만 변경을 완료하지 못함,소액결제 개선 안내 불충분,2026-09-13T20:31:00,synthetic-seeder
220220,2026-09-13,410220,RUN-PAY-P-3-020-2,negative,안내대로 했지만 변경을 완료하지 못함,소액결제 개선 안내 불충분,2026-09-13T20:32:00,synthetic-seeder
220227,2026-09-13,410227,RUN-PAY-P-3-027-2,negative,안내대로 했지만 변경을 완료하지 못함,소액결제 개선 안내 불충분,2026-09-13T20:39:00,synthetic-seeder
220228,2026-09-13,410228,RUN-PAY-P-3-028-2,negative,안내대로 했지만 변경을 완료하지 못함,소액결제 개선 안내 불충분,2026-09-13T20:40:00,synthetic-seeder
220321,2026-09-14,410321,RUN-PAY-P-4-021-2,negative,안내대로 했지만 변경을 완료하지 못함,소액결제 개선 안내 불충분,2026-09-14T20:33:00,synthetic-seeder
220322,2026-09-14,410322,RUN-PAY-P-4-022-2,negative,안내대로 했지만 변경을 완료하지 못함,소액결제 개선 안내 불충분,2026-09-14T20:34:00,synthetic-seeder
220323,2026-09-14,410323,RUN-PAY-P-4-023-2,negative,안내대로 했지만 변경을 완료하지 못함,소액결제 개선 안내 불충분,2026-09-14T20:35:00,synthetic-seeder
220324,2026-09-14,410324,RUN-PAY-P-4-024-2,negative,안내대로 했지만 변경을 완료하지 못함,소액결제 개선 안내 불충분,2026-09-14T20:36:00,synthetic-seeder
220325,2026-09-14,410325,RUN-PAY-P-4-025-2,negative,안내대로 했지만 변경을 완료하지 못함,소액결제 개선 안내 불충분,2026-09-14T20:37:00,synthetic-seeder
220326,2026-09-14,410326,RUN-PAY-P-4-026-2,negative,안내대로 했지만 변경을 완료하지 못함,소액결제 개선 안내 불충분,2026-09-14T20:38:00,synthetic-seeder
220331,2026-09-14,410331,RUN-PAY-P-4-031-2,negative,안내대로 했지만 변경을 완료하지 못함,소액결제 개선 안내 불충분,2026-09-14T20:43:00,synthetic-seeder
220332,2026-09-14,410332,RUN-PAY-P-4-032-2,negative,안내대로 했지만 변경을 완료하지 못함,소액결제 개선 안내 불충분,2026-09-14T20:44:00,synthetic-seeder
220333,2026-09-14,410333,RUN-PAY-P-4-033-2,negative,안내대로 했지만 변경을 완료하지 못함,소액결제 개선 안내 불충분,2026-09-14T20:45:00,synthetic-seeder
220426,2026-09-15,410426,RUN-PAY-P-5-026-2,negative,안내대로 했지만 변경을 완료하지 못함,소액결제 개선 안내 불충분,2026-09-15T20:38:00,synthetic-seeder
220427,2026-09-15,410427,RUN-PAY-P-5-027-2,negative,안내대로 했지만 변경을 완료하지 못함,소액결제 개선 안내 불충분,2026-09-15T20:39:00,synthetic-seeder
220428,2026-09-15,410428,RUN-PAY-P-5-028-2,negative,안내대로 했지만 변경을 완료하지 못함,소액결제 개선 안내 불충분,2026-09-15T20:40:00,synthetic-seeder
220429,2026-09-15,410429,RUN-PAY-P-5-029-2,negative,안내대로 했지만 변경을 완료하지 못함,소액결제 개선 안내 불충분,2026-09-15T20:41:00,synthetic-seeder
220430,2026-09-15,410430,RUN-PAY-P-5-030-2,negative,안내대로 했지만 변경을 완료하지 못함,소액결제 개선 안내 불충분,2026-09-15T20:42:00,synthetic-seeder
220431,2026-09-15,410431,RUN-PAY-P-5-031-2,negative,안내대로 했지만 변경을 완료하지 못함,소액결제 개선 안내 불충분,2026-09-15T20:43:00,synthetic-seeder
220432,2026-09-15,410432,RUN-PAY-P-5-032-2,negative,안내대로 했지만 변경을 완료하지 못함,소액결제 개선 안내 불충분,2026-09-15T20:44:00,synthetic-seeder
220529,2026-09-16,410529,RUN-PAY-P-6-029-2,negative,안내대로 했지만 변경을 완료하지 못함,소액결제 개선 안내 불충분,2026-09-16T20:41:00,synthetic-seeder
220530,2026-09-16,410530,RUN-PAY-P-6-030-2,negative,안내대로 했지만 변경을 완료하지 못함,소액결제 개선 안내 불충분,2026-09-16T20:42:00,synthetic-seeder
220531,2026-09-16,410531,RUN-PAY-P-6-031-2,negative,안내대로 했지만 변경을 완료하지 못함,소액결제 개선 안내 불충분,2026-09-16T20:43:00,synthetic-seeder
220532,2026-09-16,410532,RUN-PAY-P-6-032-2,negative,안내대로 했지만 변경을 완료하지 못함,소액결제 개선 안내 불충분,2026-09-16T20:44:00,synthetic-seeder
220533,2026-09-16,410533,RUN-PAY-P-6-033-2,negative,안내대로 했지만 변경을 완료하지 못함,소액결제 개선 안내 불충분,2026-09-16T20:45:00,synthetic-seeder
220631,2026-09-17,410631,RUN-PAY-P-7-031-2,negative,안내대로 했지만 변경을 완료하지 못함,소액결제 개선 안내 불충분,2026-09-17T20:43:00,synthetic-seeder
220632,2026-09-17,410632,RUN-PAY-P-7-032-2,negative,안내대로 했지만 변경을 완료하지 못함,소액결제 개선 안내 불충분,2026-09-17T20:44:00,synthetic-seeder
220633,2026-09-17,410633,RUN-PAY-P-7-033-2,negative,안내대로 했지만 변경을 완료하지 못함,소액결제 개선 안내 불충분,2026-09-17T20:45:00,synthetic-seeder
