CSZ_LNK_KEY,P_YYYYMM,ENTR_NO,CUST_NO,BILL_ACNT_NO,PROD_NO,AG10_AGJU_ID,CUST_AGE,SEX_DIVS_CD,SEX_DIVS_NM,PP_CD,PP_NM,ENTR_STUS_CD,ENTR_STUS_NM,RMNG_NATN_NM,DPTR_DT,HMCML_DT,ABRD_STAY_DAYS,SPPS_CD,SPPS_NM,SPPS_ENTR_STUS_CD,SPPS_ENTR_STUS_NM,SPPS_FRST_ENTR_DT,SPPS_STRT_DT,SPPS_END_DT,RTNG_STRT_DT,RTNG_END_DT,PP_USE_DAYS,MERT_USE_DAYS,DATA_USAG,RMNG_LTTR_CNT,BQ_LOAD_DTTM,BQ_LOAD_USER_ID
310009,202609,ENTR-ROAMING-BASELINE-0009,310009,BILL-310009,SYN-ROAM-4GB,3,34,MALE,남자,5G-STD-01,5G 스탠다드,A,개통,베트남,20260904,,0,SYN-ROAM-4GB,합성 로밍패스 4GB,A,개통,20260904,20260904,99991231,20260904,,1,0,129000000,1,2026-09-04T21:00:00,synthetic-seeder
310004,202609,ENTR-ROAMING-BASELINE-0004,310004,BILL-310004,SYN-ROAM-4GB,2,29,FEMALE,여자,5G-STD-01,5G 스탠다드,A,개통,일본,20260904,,0,SYN-ROAM-4GB,합성 로밍패스 4GB,A,개통,20260904,20260904,99991231,20260904,,1,0,124000000,1,2026-09-04T21:00:00,synthetic-seeder
310005,202609,ENTR-ROAMING-BASELINE-0005,310005,BILL-310005,SYN-ROAM-4GB,3,30,MALE,남자,5G-STD-01,5G 스탠다드,A,개통,베트남,20260904,,0,SYN-ROAM-4GB,합성 로밍패스 4GB,A,개통,20260904,20260904,99991231,,,0,0,0,0,2026-09-04T21:00:00,synthetic-seeder
310016,202609,ENTR-ROAMING-BASELINE-0016,310016,BILL-310016,SYN-ROAM-4GB,4,41,FEMALE,여자,5G-STD-01,5G 스탠다드,A,개통,일본,20260904,,0,SYN-ROAM-4GB,합성 로밍패스 4GB,A,개통,20260904,20260904,99991231,20260904,,1,0,136000000,1,2026-09-04T21:00:00,synthetic-seeder
310012,202609,ENTR-ROAMING-BASELINE-0012,310012,BILL-310012,SYN-ROAM-4GB,3,37,FEMALE,여자,5G-STD-01,5G 스탠다드,A,개통,일본,20260904,,0,SYN-ROAM-4GB,합성 로밍패스 4GB,A,개통,20260904,20260904,99991231,20260904,,1,0,132000000,1,2026-09-04T21:00:00,synthetic-seeder
310019,202609,ENTR-ROAMING-BASELINE-0019,310019,BILL-310019,SYN-ROAM-4GB,4,44,MALE,남자,5G-STD-01,5G 스탠다드,A,개통,태국,20260904,,0,SYN-ROAM-4GB,합성 로밍패스 4GB,A,개통,20260904,20260904,99991231,20260904,,1,0,139000000,1,2026-09-04T21:00:00,synthetic-seeder
310003,202609,ENTR-ROAMING-BASELINE-0003,310003,BILL-310003,SYN-ROAM-4GB,2,28,MALE,남자,5G-STD-01,5G 스탠다드,A,개통,태국,20260904,,0,SYN-ROAM-4GB,합성 로밍패스 4GB,A,개통,20260904,20260904,99991231,20260904,,1,0,123000000,1,2026-09-04T21:00:00,synthetic-seeder
310001,202609,ENTR-ROAMING-BASELINE-0001,310001,BILL-310001,SYN-ROAM-4GB,2,26,MALE,남자,5G-STD-01,5G 스탠다드,A,개통,베트남,20260904,,0,SYN-ROAM-4GB,합성 로밍패스 4GB,A,개통,20260904,20260904,99991231,20260904,,1,0,121000000,1,2026-09-04T21:00:00,synthetic-seeder
310006,202609,ENTR-ROAMING-BASELINE-0006,310006,BILL-310006,SYN-ROAM-4GB,3,31,FEMALE,여자,5G-STD-01,5G 스탠다드,A,개통,미국,20260904,,0,SYN-ROAM-4GB,합성 로밍패스 4GB,A,개통,20260904,20260904,99991231,20260904,,1,0,126000000,1,2026-09-04T21:00:00,synthetic-seeder
310018,202609,ENTR-ROAMING-BASELINE-0018,310018,BILL-310018,SYN-ROAM-4GB,4,43,FEMALE,여자,5G-STD-01,5G 스탠다드,A,개통,미국,20260904,,0,SYN-ROAM-4GB,합성 로밍패스 4GB,A,개통,20260904,20260904,99991231,20260904,,1,0,138000000,1,2026-09-04T21:00:00,synthetic-seeder
310002,202609,ENTR-ROAMING-BASELINE-0002,310002,BILL-310002,SYN-ROAM-4GB,2,27,FEMALE,여자,5G-STD-01,5G 스탠다드,A,개통,미국,20260904,,0,SYN-ROAM-4GB,합성 로밍패스 4GB,A,개통,20260904,20260904,99991231,20260904,,1,0,122000000,1,2026-09-04T21:00:00,synthetic-seeder
310013,202609,ENTR-ROAMING-BASELINE-0013,310013,BILL-310013,SYN-ROAM-4GB,3,38,MALE,남자,5G-STD-01,5G 스탠다드,A,개통,베트남,20260904,,0,SYN-ROAM-4GB,합성 로밍패스 4GB,A,개통,20260904,20260904,99991231,20260904,,1,0,133000000,1,2026-09-04T21:00:00,synthetic-seeder
310011,202609,ENTR-ROAMING-BASELINE-0011,310011,BILL-310011,SYN-ROAM-4GB,3,36,MALE,남자,5G-STD-01,5G 스탠다드,A,개통,태국,20260904,,0,SYN-ROAM-4GB,합성 로밍패스 4GB,A,개통,20260904,20260904,99991231,20260904,,1,0,131000000,1,2026-09-04T21:00:00,synthetic-seeder
310007,202609,ENTR-ROAMING-BASELINE-0007,310007,BILL-310007,SYN-ROAM-4GB,3,32,MALE,남자,5G-STD-01,5G 스탠다드,A,개통,태국,20260904,,0,SYN-ROAM-4GB,합성 로밍패스 4GB,A,개통,20260904,20260904,99991231,20260904,,1,0,127000000,1,2026-09-04T21:00:00,synthetic-seeder
310020,202609,ENTR-ROAMING-BASELINE-0020,310020,BILL-310020,SYN-ROAM-4GB,4,45,FEMALE,여자,5G-STD-01,5G 스탠다드,A,개통,일본,20260904,,0,SYN-ROAM-4GB,합성 로밍패스 4GB,A,개통,20260904,20260904,99991231,,,0,0,0,0,2026-09-04T21:00:00,synthetic-seeder
310015,202609,ENTR-ROAMING-BASELINE-0015,310015,BILL-310015,SYN-ROAM-4GB,4,40,MALE,남자,5G-STD-01,5G 스탠다드,A,개통,태국,20260904,,0,SYN-ROAM-4GB,합성 로밍패스 4GB,A,개통,20260904,20260904,99991231,,,0,0,0,0,2026-09-04T21:00:00,synthetic-seeder
310017,202609,ENTR-ROAMING-BASELINE-0017,310017,BILL-310017,SYN-ROAM-4GB,4,42,MALE,남자,5G-STD-01,5G 스탠다드,A,개통,베트남,20260904,,0,SYN-ROAM-4GB,합성 로밍패스 4GB,A,개통,20260904,20260904,99991231,20260904,,1,0,137000000,1,2026-09-04T21:00:00,synthetic-seeder
310008,202609,ENTR-ROAMING-BASELINE-0008,310008,BILL-310008,SYN-ROAM-4GB,3,33,FEMALE,여자,5G-STD-01,5G 스탠다드,A,개통,일본,20260904,,0,SYN-ROAM-4GB,합성 로밍패스 4GB,A,개통,20260904,20260904,99991231,20260904,,1,0,128000000,1,2026-09-04T21:00:00,synthetic-seeder
310014,202609,ENTR-ROAMING-BASELINE-0014,310014,BILL-310014,SYN-ROAM-4GB,3,39,FEMALE,여자,5G-STD-01,5G 스탠다드,A,개통,미국,20260904,,0,SYN-ROAM-4GB,합성 로밍패스 4GB,A,개통,20260904,20260904,99991231,20260904,,1,0,134000000,1,2026-09-04T21:00:00,synthetic-seeder
310010,202609,ENTR-ROAMING-BASELINE-0010,310010,BILL-310010,SYN-ROAM-4GB,3,35,FEMALE,여자,5G-STD-01,5G 스탠다드,A,개통,미국,20260904,,0,SYN-ROAM-4GB,합성 로밍패스 4GB,A,개통,20260904,20260904,99991231,,,0,0,0,0,2026-09-04T21:00:00,synthetic-seeder
310118,202609,ENTR-ROAMING-BASELINE-0118,310118,BILL-310118,SYN-ROAM-4GB,4,43,FEMALE,여자,5G-STD-01,5G 스탠다드,A,개통,미국,20260905,,0,SYN-ROAM-4GB,합성 로밍패스 4GB,A,개통,20260905,20260905,99991231,20260905,,1,0,138000000,1,2026-09-05T21:00:00,synthetic-seeder
310108,202609,ENTR-ROAMING-BASELINE-0108,310108,BILL-310108,SYN-ROAM-4GB,3,33,FEMALE,여자,5G-STD-01,5G 스탠다드,A,개통,일본,20260905,,0,SYN-ROAM-4GB,합성 로밍패스 4GB,A,개통,20260905,20260905,99991231,20260905,,1,0,128000000,1,2026-09-05T21:00:00,synthetic-seeder
310104,202609,ENTR-ROAMING-BASELINE-0104,310104,BILL-310104,SYN-ROAM-4GB,2,29,FEMALE,여자,5G-STD-01,5G 스탠다드,A,개통,일본,20260905,,0,SYN-ROAM-4GB,합성 로밍패스 4GB,A,개통,20260905,20260905,99991231,20260905,,1,0,124000000,1,2026-09-05T21:00:00,synthetic-seeder
310113,202609,ENTR-ROAMING-BASELINE-0113,310113,BILL-310113,SYN-ROAM-4GB,3,38,MALE,남자,5G-STD-01,5G 스탠다드,A,개통,베트남,20260905,,0,SYN-ROAM-4GB,합성 로밍패스 4GB,A,개통,20260905,20260905,99991231,20260905,,1,0,133000000,1,2026-09-05T21:00:00,synthetic-seeder
310111,202609,ENTR-ROAMING-BASELINE-0111,310111,BILL-310111,SYN-ROAM-4GB,3,36,MALE,남자,5G-STD-01,5G 스탠다드,A,개통,태국,20260905,,0,SYN-ROAM-4GB,합성 로밍패스 4GB,A,개통,20260905,20260905,99991231,20260905,,1,0,131000000,1,2026-09-05T21:00:00,synthetic-seeder
310110,202609,ENTR-ROAMING-BASELINE-0110,310110,BILL-310110,SYN-ROAM-4GB,3,35,FEMALE,여자,5G-STD-01,5G 스탠다드,A,개통,미국,20260905,,0,SYN-ROAM-4GB,합성 로밍패스 4GB,A,개통,20260905,20260905,99991231,,,0,0,0,0,2026-09-05T21:00:00,synthetic-seeder
310119,202609,ENTR-ROAMING-BASELINE-0119,310119,BILL-310119,SYN-ROAM-4GB,4,44,MALE,남자,5G-STD-01,5G 스탠다드,A,개통,태국,20260905,,0,SYN-ROAM-4GB,합성 로밍패스 4GB,A,개통,20260905,20260905,99991231,20260905,,1,0,139000000,1,2026-09-05T21:00:00,synthetic-seeder
310106,202609,ENTR-ROAMING-BASELINE-0106,310106,BILL-310106,SYN-ROAM-4GB,3,31,FEMALE,여자,5G-STD-01,5G 스탠다드,A,개통,미국,20260905,,0,SYN-ROAM-4GB,합성 로밍패스 4GB,A,개통,20260905,20260905,99991231,20260905,,1,0,126000000,1,2026-09-05T21:00:00,synthetic-seeder
310117,202609,ENTR-ROAMING-BASELINE-0117,310117,BILL-310117,SYN-ROAM-4GB,4,42,MALE,남자,5G-STD-01,5G 스탠다드,A,개통,베트남,20260905,,0,SYN-ROAM-4GB,합성 로밍패스 4GB,A,개통,20260905,20260905,99991231,20260905,,1,0,137000000,1,2026-09-05T21:00:00,synthetic-seeder
310120,202609,ENTR-ROAMING-BASELINE-0120,310120,BILL-310120,SYN-ROAM-4GB,4,45,FEMALE,여자,5G-STD-01,5G 스탠다드,A,개통,일본,20260905,,0,SYN-ROAM-4GB,합성 로밍패스 4GB,A,개통,20260905,20260905,99991231,,,0,0,0,0,2026-09-05T21:00:00,synthetic-seeder
310109,202609,ENTR-ROAMING-BASELINE-0109,310109,BILL-310109,SYN-ROAM-4GB,3,34,MALE,남자,5G-STD-01,5G 스탠다드,A,개통,베트남,20260905,,0,SYN-ROAM-4GB,합성 로밍패스 4GB,A,개통,20260905,20260905,99991231,20260905,,1,0,129000000,1,2026-09-05T21:00:00,synthetic-seeder
310105,202609,ENTR-ROAMING-BASELINE-0105,310105,BILL-310105,SYN-ROAM-4GB,3,30,MALE,남자,5G-STD-01,5G 스탠다드,A,개통,베트남,20260905,,0,SYN-ROAM-4GB,합성 로밍패스 4GB,A,개통,20260905,20260905,99991231,,,0,0,0,0,2026-09-05T21:00:00,synthetic-seeder
310115,202609,ENTR-ROAMING-BASELINE-0115,310115,BILL-310115,SYN-ROAM-4GB,4,40,MALE,남자,5G-STD-01,5G 스탠다드,A,개통,태국,20260905,,0,SYN-ROAM-4GB,합성 로밍패스 4GB,A,개통,20260905,20260905,99991231,,,0,0,0,0,2026-09-05T21:00:00,synthetic-seeder
310116,202609,ENTR-ROAMING-BASELINE-0116,310116,BILL-310116,SYN-ROAM-4GB,4,41,FEMALE,여자,5G-STD-01,5G 스탠다드,A,개통,일본,20260905,,0,SYN-ROAM-4GB,합성 로밍패스 4GB,A,개통,20260905,20260905,99991231,20260905,,1,0,136000000,1,2026-09-05T21:00:00,synthetic-seeder
310114,202609,ENTR-ROAMING-BASELINE-0114,310114,BILL-310114,SYN-ROAM-4GB,3,39,FEMALE,여자,5G-STD-01,5G 스탠다드,A,개통,미국,20260905,,0,SYN-ROAM-4GB,합성 로밍패스 4GB,A,개통,20260905,20260905,99991231,20260905,,1,0,134000000,1,2026-09-05T21:00:00,synthetic-seeder
310102,202609,ENTR-ROAMING-BASELINE-0102,310102,BILL-310102,SYN-ROAM-4GB,2,27,FEMALE,여자,5G-STD-01,5G 스탠다드,A,개통,미국,20260905,,0,SYN-ROAM-4GB,합성 로밍패스 4GB,A,개통,20260905,20260905,99991231,20260905,,1,0,122000000,1,2026-09-05T21:00:00,synthetic-seeder
310107,202609,ENTR-ROAMING-BASELINE-0107,310107,BILL-310107,SYN-ROAM-4GB,3,32,MALE,남자,5G-STD-01,5G 스탠다드,A,개통,태국,20260905,,0,SYN-ROAM-4GB,합성 로밍패스 4GB,A,개통,20260905,20260905,99991231,20260905,,1,0,127000000,1,2026-09-05T21:00:00,synthetic-seeder
310101,202609,ENTR-ROAMING-BASELINE-0101,310101,BILL-310101,SYN-ROAM-4GB,2,26,MALE,남자,5G-STD-01,5G 스탠다드,A,개통,베트남,20260905,,0,SYN-ROAM-4GB,합성 로밍패스 4GB,A,개통,20260905,20260905,99991231,20260905,,1,0,121000000,1,2026-09-05T21:00:00,synthetic-seeder
310112,202609,ENTR-ROAMING-BASELINE-0112,310112,BILL-310112,SYN-ROAM-4GB,3,37,FEMALE,여자,5G-STD-01,5G 스탠다드,A,개통,일본,20260905,,0,SYN-ROAM-4GB,합성 로밍패스 4GB,A,개통,20260905,20260905,99991231,20260905,,1,0,132000000,1,2026-09-05T21:00:00,synthetic-seeder
310103,202609,ENTR-ROAMING-BASELINE-0103,310103,BILL-310103,SYN-ROAM-4GB,2,28,MALE,남자,5G-STD-01,5G 스탠다드,A,개통,태국,20260905,,0,SYN-ROAM-4GB,합성 로밍패스 4GB,A,개통,20260905,20260905,99991231,20260905,,1,0,123000000,1,2026-09-05T21:00:00,synthetic-seeder
310203,202609,ENTR-ROAMING-BASELINE-0203,310203,BILL-310203,SYN-ROAM-4GB,2,28,MALE,남자,5G-STD-01,5G 스탠다드,A,개통,태국,20260906,,0,SYN-ROAM-4GB,합성 로밍패스 4GB,A,개통,20260906,20260906,99991231,20260906,,1,0,123000000,1,2026-09-06T21:00:00,synthetic-seeder
310202,202609,ENTR-ROAMING-BASELINE-0202,310202,BILL-310202,SYN-ROAM-4GB,2,27,FEMALE,여자,5G-STD-01,5G 스탠다드,A,개통,미국,20260906,,0,SYN-ROAM-4GB,합성 로밍패스 4GB,A,개통,20260906,20260906,99991231,20260906,,1,0,122000000,1,2026-09-06T21:00:00,synthetic-seeder
310220,202609,ENTR-ROAMING-BASELINE-0220,310220,BILL-310220,SYN-ROAM-4GB,4,45,FEMALE,여자,5G-STD-01,5G 스탠다드,A,개통,일본,20260906,,0,SYN-ROAM-4GB,합성 로밍패스 4GB,A,개통,20260906,20260906,99991231,,,0,0,0,0,2026-09-06T21:00:00,synthetic-seeder
310211,202609,ENTR-ROAMING-BASELINE-0211,310211,BILL-310211,SYN-ROAM-4GB,3,36,MALE,남자,5G-STD-01,5G 스탠다드,A,개통,태국,20260906,,0,SYN-ROAM-4GB,합성 로밍패스 4GB,A,개통,20260906,20260906,99991231,20260906,,1,0,131000000,1,2026-09-06T21:00:00,synthetic-seeder
310214,202609,ENTR-ROAMING-BASELINE-0214,310214,BILL-310214,SYN-ROAM-4GB,3,39,FEMALE,여자,5G-STD-01,5G 스탠다드,A,개통,미국,20260906,,0,SYN-ROAM-4GB,합성 로밍패스 4GB,A,개통,20260906,20260906,99991231,20260906,,1,0,134000000,1,2026-09-06T21:00:00,synthetic-seeder
310210,202609,ENTR-ROAMING-BASELINE-0210,310210,BILL-310210,SYN-ROAM-4GB,3,35,FEMALE,여자,5G-STD-01,5G 스탠다드,A,개통,미국,20260906,,0,SYN-ROAM-4GB,합성 로밍패스 4GB,A,개통,20260906,20260906,99991231,,,0,0,0,0,2026-09-06T21:00:00,synthetic-seeder
310209,202609,ENTR-ROAMING-BASELINE-0209,310209,BILL-310209,SYN-ROAM-4GB,3,34,MALE,남자,5G-STD-01,5G 스탠다드,A,개통,베트남,20260906,,0,SYN-ROAM-4GB,합성 로밍패스 4GB,A,개통,20260906,20260906,99991231,20260906,,1,0,129000000,1,2026-09-06T21:00:00,synthetic-seeder
310213,202609,ENTR-ROAMING-BASELINE-0213,310213,BILL-310213,SYN-ROAM-4GB,3,38,MALE,남자,5G-STD-01,5G 스탠다드,A,개통,베트남,20260906,,0,SYN-ROAM-4GB,합성 로밍패스 4GB,A,개통,20260906,20260906,99991231,20260906,,1,0,133000000,1,2026-09-06T21:00:00,synthetic-seeder
310201,202609,ENTR-ROAMING-BASELINE-0201,310201,BILL-310201,SYN-ROAM-4GB,2,26,MALE,남자,5G-STD-01,5G 스탠다드,A,개통,베트남,20260906,,0,SYN-ROAM-4GB,합성 로밍패스 4GB,A,개통,20260906,20260906,99991231,20260906,,1,0,121000000,1,2026-09-06T21:00:00,synthetic-seeder
310215,202609,ENTR-ROAMING-BASELINE-0215,310215,BILL-310215,SYN-ROAM-4GB,4,40,MALE,남자,5G-STD-01,5G 스탠다드,A,개통,태국,20260906,,0,SYN-ROAM-4GB,합성 로밍패스 4GB,A,개통,20260906,20260906,99991231,,,0,0,0,0,2026-09-06T21:00:00,synthetic-seeder
310204,202609,ENTR-ROAMING-BASELINE-0204,310204,BILL-310204,SYN-ROAM-4GB,2,29,FEMALE,여자,5G-STD-01,5G 스탠다드,A,개통,일본,20260906,,0,SYN-ROAM-4GB,합성 로밍패스 4GB,A,개통,20260906,20260906,99991231,20260906,,1,0,124000000,1,2026-09-06T21:00:00,synthetic-seeder
310219,202609,ENTR-ROAMING-BASELINE-0219,310219,BILL-310219,SYN-ROAM-4GB,4,44,MALE,남자,5G-STD-01,5G 스탠다드,A,개통,태국,20260906,,0,SYN-ROAM-4GB,합성 로밍패스 4GB,A,개통,20260906,20260906,99991231,20260906,,1,0,139000000,1,2026-09-06T21:00:00,synthetic-seeder
310207,202609,ENTR-ROAMING-BASELINE-0207,310207,BILL-310207,SYN-ROAM-4GB,3,32,MALE,남자,5G-STD-01,5G 스탠다드,A,개통,태국,20260906,,0,SYN-ROAM-4GB,합성 로밍패스 4GB,A,개통,20260906,20260906,99991231,20260906,,1,0,127000000,1,2026-09-06T21:00:00,synthetic-seeder
310206,202609,ENTR-ROAMING-BASELINE-0206,310206,BILL-310206,SYN-ROAM-4GB,3,31,FEMALE,여자,5G-STD-01,5G 스탠다드,A,개통,미국,20260906,,0,SYN-ROAM-4GB,합성 로밍패스 4GB,A,개통,20260906,20260906,99991231,20260906,,1,0,126000000,1,2026-09-06T21:00:00,synthetic-seeder
310217,202609,ENTR-ROAMING-BASELINE-0217,310217,BILL-310217,SYN-ROAM-4GB,4,42,MALE,남자,5G-STD-01,5G 스탠다드,A,개통,베트남,20260906,,0,SYN-ROAM-4GB,합성 로밍패스 4GB,A,개통,20260906,20260906,99991231,20260906,,1,0,137000000,1,2026-09-06T21:00:00,synthetic-seeder
310208,202609,ENTR-ROAMING-BASELINE-0208,310208,BILL-310208,SYN-ROAM-4GB,3,33,FEMALE,여자,5G-STD-01,5G 스탠다드,A,개통,일본,20260906,,0,SYN-ROAM-4GB,합성 로밍패스 4GB,A,개통,20260906,20260906,99991231,20260906,,1,0,128000000,1,2026-09-06T21:00:00,synthetic-seeder
310205,202609,ENTR-ROAMING-BASELINE-0205,310205,BILL-310205,SYN-ROAM-4GB,3,30,MALE,남자,5G-STD-01,5G 스탠다드,A,개통,베트남,20260906,,0,SYN-ROAM-4GB,합성 로밍패스 4GB,A,개통,20260906,20260906,99991231,,,0,0,0,0,2026-09-06T21:00:00,synthetic-seeder
310212,202609,ENTR-ROAMING-BASELINE-0212,310212,BILL-310212,SYN-ROAM-4GB,3,37,FEMALE,여자,5G-STD-01,5G 스탠다드,A,개통,일본,20260906,,0,SYN-ROAM-4GB,합성 로밍패스 4GB,A,개통,20260906,20260906,99991231,20260906,,1,0,132000000,1,2026-09-06T21:00:00,synthetic-seeder
310218,202609,ENTR-ROAMING-BASELINE-0218,310218,BILL-310218,SYN-ROAM-4GB,4,43,FEMALE,여자,5G-STD-01,5G 스탠다드,A,개통,미국,20260906,,0,SYN-ROAM-4GB,합성 로밍패스 4GB,A,개통,20260906,20260906,99991231,20260906,,1,0,138000000,1,2026-09-06T21:00:00,synthetic-seeder
310216,202609,ENTR-ROAMING-BASELINE-0216,310216,BILL-310216,SYN-ROAM-4GB,4,41,FEMALE,여자,5G-STD-01,5G 스탠다드,A,개통,일본,20260906,,0,SYN-ROAM-4GB,합성 로밍패스 4GB,A,개통,20260906,20260906,99991231,20260906,,1,0,136000000,1,2026-09-06T21:00:00,synthetic-seeder
310310,202609,ENTR-ROAMING-BASELINE-0310,310310,BILL-310310,SYN-ROAM-4GB,3,35,FEMALE,여자,5G-STD-01,5G 스탠다드,A,개통,미국,20260907,,0,SYN-ROAM-4GB,합성 로밍패스 4GB,A,개통,20260907,20260907,99991231,,,0,0,0,0,2026-09-07T21:00:00,synthetic-seeder
310301,202609,ENTR-ROAMING-BASELINE-0301,310301,BILL-310301,SYN-ROAM-4GB,2,26,MALE,남자,5G-STD-01,5G 스탠다드,A,개통,베트남,20260907,,0,SYN-ROAM-4GB,합성 로밍패스 4GB,A,개통,20260907,20260907,99991231,20260907,,1,0,121000000,1,2026-09-07T21:00:00,synthetic-seeder
310315,202609,ENTR-ROAMING-BASELINE-0315,310315,BILL-310315,SYN-ROAM-4GB,4,40,MALE,남자,5G-STD-01,5G 스탠다드,A,개통,태국,20260907,,0,SYN-ROAM-4GB,합성 로밍패스 4GB,A,개통,20260907,20260907,99991231,,,0,0,0,0,2026-09-07T21:00:00,synthetic-seeder
310316,202609,ENTR-ROAMING-BASELINE-0316,310316,BILL-310316,SYN-ROAM-4GB,4,41,FEMALE,여자,5G-STD-01,5G 스탠다드,A,개통,일본,20260907,,0,SYN-ROAM-4GB,합성 로밍패스 4GB,A,개통,20260907,20260907,99991231,20260907,,1,0,136000000,1,2026-09-07T21:00:00,synthetic-seeder
310302,202609,ENTR-ROAMING-BASELINE-0302,310302,BILL-310302,SYN-ROAM-4GB,2,27,FEMALE,여자,5G-STD-01,5G 스탠다드,A,개통,미국,20260907,,0,SYN-ROAM-4GB,합성 로밍패스 4GB,A,개통,20260907,20260907,99991231,20260907,,1,0,122000000,1,2026-09-07T21:00:00,synthetic-seeder
310306,202609,ENTR-ROAMING-BASELINE-0306,310306,BILL-310306,SYN-ROAM-4GB,3,31,FEMALE,여자,5G-STD-01,5G 스탠다드,A,개통,미국,20260907,,0,SYN-ROAM-4GB,합성 로밍패스 4GB,A,개통,20260907,20260907,99991231,20260907,,1,0,126000000,1,2026-09-07T21:00:00,synthetic-seeder
310305,202609,ENTR-ROAMING-BASELINE-0305,310305,BILL-310305,SYN-ROAM-4GB,3,30,MALE,남자,5G-STD-01,5G 스탠다드,A,개통,베트남,20260907,,0,SYN-ROAM-4GB,합성 로밍패스 4GB,A,개통,20260907,20260907,99991231,,,0,0,0,0,2026-09-07T21:00:00,synthetic-seeder
310312,202609,ENTR-ROAMING-BASELINE-0312,310312,BILL-310312,SYN-ROAM-4GB,3,37,FEMALE,여자,5G-STD-01,5G 스탠다드,A,개통,일본,20260907,,0,SYN-ROAM-4GB,합성 로밍패스 4GB,A,개통,20260907,20260907,99991231,20260907,,1,0,132000000,1,2026-09-07T21:00:00,synthetic-seeder
310309,202609,ENTR-ROAMING-BASELINE-0309,310309,BILL-310309,SYN-ROAM-4GB,3,34,MALE,남자,5G-STD-01,5G 스탠다드,A,개통,베트남,20260907,,0,SYN-ROAM-4GB,합성 로밍패스 4GB,A,개통,20260907,20260907,99991231,20260907,,1,0,129000000,1,2026-09-07T21:00:00,synthetic-seeder
310307,202609,ENTR-ROAMING-BASELINE-0307,310307,BILL-310307,SYN-ROAM-4GB,3,32,MALE,남자,5G-STD-01,5G 스탠다드,A,개통,태국,20260907,,0,SYN-ROAM-4GB,합성 로밍패스 4GB,A,개통,20260907,20260907,99991231,20260907,,1,0,127000000,1,2026-09-07T21:00:00,synthetic-seeder
310317,202609,ENTR-ROAMING-BASELINE-0317,310317,BILL-310317,SYN-ROAM-4GB,4,42,MALE,남자,5G-STD-01,5G 스탠다드,A,개통,베트남,20260907,,0,SYN-ROAM-4GB,합성 로밍패스 4GB,A,개통,20260907,20260907,99991231,20260907,,1,0,137000000,1,2026-09-07T21:00:00,synthetic-seeder
310313,202609,ENTR-ROAMING-BASELINE-0313,310313,BILL-310313,SYN-ROAM-4GB,3,38,MALE,남자,5G-STD-01,5G 스탠다드,A,개통,베트남,20260907,,0,SYN-ROAM-4GB,합성 로밍패스 4GB,A,개통,20260907,20260907,99991231,20260907,,1,0,133000000,1,2026-09-07T21:00:00,synthetic-seeder
310314,202609,ENTR-ROAMING-BASELINE-0314,310314,BILL-310314,SYN-ROAM-4GB,3,39,FEMALE,여자,5G-STD-01,5G 스탠다드,A,개통,미국,20260907,,0,SYN-ROAM-4GB,합성 로밍패스 4GB,A,개통,20260907,20260907,99991231,20260907,,1,0,134000000,1,2026-09-07T21:00:00,synthetic-seeder
310308,202609,ENTR-ROAMING-BASELINE-0308,310308,BILL-310308,SYN-ROAM-4GB,3,33,FEMALE,여자,5G-STD-01,5G 스탠다드,A,개통,일본,20260907,,0,SYN-ROAM-4GB,합성 로밍패스 4GB,A,개통,20260907,20260907,99991231,20260907,,1,0,128000000,1,2026-09-07T21:00:00,synthetic-seeder
310319,202609,ENTR-ROAMING-BASELINE-0319,310319,BILL-310319,SYN-ROAM-4GB,4,44,MALE,남자,5G-STD-01,5G 스탠다드,A,개통,태국,20260907,,0,SYN-ROAM-4GB,합성 로밍패스 4GB,A,개통,20260907,20260907,99991231,20260907,,1,0,139000000,1,2026-09-07T21:00:00,synthetic-seeder
310318,202609,ENTR-ROAMING-BASELINE-0318,310318,BILL-310318,SYN-ROAM-4GB,4,43,FEMALE,여자,5G-STD-01,5G 스탠다드,A,개통,미국,20260907,,0,SYN-ROAM-4GB,합성 로밍패스 4GB,A,개통,20260907,20260907,99991231,20260907,,1,0,138000000,1,2026-09-07T21:00:00,synthetic-seeder
310320,202609,ENTR-ROAMING-BASELINE-0320,310320,BILL-310320,SYN-ROAM-4GB,4,45,FEMALE,여자,5G-STD-01,5G 스탠다드,A,개통,일본,20260907,,0,SYN-ROAM-4GB,합성 로밍패스 4GB,A,개통,20260907,20260907,99991231,,,0,0,0,0,2026-09-07T21:00:00,synthetic-seeder
310311,202609,ENTR-ROAMING-BASELINE-0311,310311,BILL-310311,SYN-ROAM-4GB,3,36,MALE,남자,5G-STD-01,5G 스탠다드,A,개통,태국,20260907,,0,SYN-ROAM-4GB,합성 로밍패스 4GB,A,개통,20260907,20260907,99991231,20260907,,1,0,131000000,1,2026-09-07T21:00:00,synthetic-seeder
310304,202609,ENTR-ROAMING-BASELINE-0304,310304,BILL-310304,SYN-ROAM-4GB,2,29,FEMALE,여자,5G-STD-01,5G 스탠다드,A,개통,일본,20260907,,0,SYN-ROAM-4GB,합성 로밍패스 4GB,A,개통,20260907,20260907,99991231,20260907,,1,0,124000000,1,2026-09-07T21:00:00,synthetic-seeder
310303,202609,ENTR-ROAMING-BASELINE-0303,310303,BILL-310303,SYN-ROAM-4GB,2,28,MALE,남자,5G-STD-01,5G 스탠다드,A,개통,태국,20260907,,0,SYN-ROAM-4GB,합성 로밍패스 4GB,A,개통,20260907,20260907,99991231,20260907,,1,0,123000000,1,2026-09-07T21:00:00,synthetic-seeder
310411,202609,ENTR-ROAMING-BASELINE-0411,310411,BILL-310411,SYN-ROAM-4GB,3,36,MALE,남자,5G-STD-01,5G 스탠다드,A,개통,태국,20260908,,0,SYN-ROAM-4GB,합성 로밍패스 4GB,A,개통,20260908,20260908,99991231,20260908,,1,0,131000000,1,2026-09-08T21:00:00,synthetic-seeder
310404,202609,ENTR-ROAMING-BASELINE-0404,310404,BILL-310404,SYN-ROAM-4GB,2,29,FEMALE,여자,5G-STD-01,5G 스탠다드,A,개통,일본,20260908,,0,SYN-ROAM-4GB,합성 로밍패스 4GB,A,개통,20260908,20260908,99991231,20260908,,1,0,124000000,1,2026-09-08T21:00:00,synthetic-seeder
310418,202609,ENTR-ROAMING-BASELINE-0418,310418,BILL-310418,SYN-ROAM-4GB,4,43,FEMALE,여자,5G-STD-01,5G 스탠다드,A,개통,미국,20260908,,0,SYN-ROAM-4GB,합성 로밍패스 4GB,A,개통,20260908,20260908,99991231,20260908,,1,0,138000000,1,2026-09-08T21:00:00,synthetic-seeder
310403,202609,ENTR-ROAMING-BASELINE-0403,310403,BILL-310403,SYN-ROAM-4GB,2,28,MALE,남자,5G-STD-01,5G 스탠다드,A,개통,태국,20260908,,0,SYN-ROAM-4GB,합성 로밍패스 4GB,A,개통,20260908,20260908,99991231,20260908,,1,0,123000000,1,2026-09-08T21:00:00,synthetic-seeder
310408,202609,ENTR-ROAMING-BASELINE-0408,310408,BILL-310408,SYN-ROAM-4GB,3,33,FEMALE,여자,5G-STD-01,5G 스탠다드,A,개통,일본,20260908,,0,SYN-ROAM-4GB,합성 로밍패스 4GB,A,개통,20260908,20260908,99991231,20260908,,1,0,128000000,1,2026-09-08T21:00:00,synthetic-seeder
310410,202609,ENTR-ROAMING-BASELINE-0410,310410,BILL-310410,SYN-ROAM-4GB,3,35,FEMALE,여자,5G-STD-01,5G 스탠다드,A,개통,미국,20260908,,0,SYN-ROAM-4GB,합성 로밍패스 4GB,A,개통,20260908,20260908,99991231,,,0,0,0,0,2026-09-08T21:00:00,synthetic-seeder
310417,202609,ENTR-ROAMING-BASELINE-0417,310417,BILL-310417,SYN-ROAM-4GB,4,42,MALE,남자,5G-STD-01,5G 스탠다드,A,개통,베트남,20260908,,0,SYN-ROAM-4GB,합성 로밍패스 4GB,A,개통,20260908,20260908,99991231,20260908,,1,0,137000000,1,2026-09-08T21:00:00,synthetic-seeder
310415,202609,ENTR-ROAMING-BASELINE-0415,310415,BILL-310415,SYN-ROAM-4GB,4,40,MALE,남자,5G-STD-01,5G 스탠다드,A,개통,태국,20260908,,0,SYN-ROAM-4GB,합성 로밍패스 4GB,A,개통,20260908,20260908,99991231,,,0,0,0,0,2026-09-08T21:00:00,synthetic-seeder
310406,202609,ENTR-ROAMING-BASELINE-0406,310406,BILL-310406,SYN-ROAM-4GB,3,31,FEMALE,여자,5G-STD-01,5G 스탠다드,A,개통,미국,20260908,,0,SYN-ROAM-4GB,합성 로밍패스 4GB,A,개통,20260908,20260908,99991231,20260908,,1,0,126000000,1,2026-09-08T21:00:00,synthetic-seeder
310416,202609,ENTR-ROAMING-BASELINE-0416,310416,BILL-310416,SYN-ROAM-4GB,4,41,FEMALE,여자,5G-STD-01,5G 스탠다드,A,개통,일본,20260908,,0,SYN-ROAM-4GB,합성 로밍패스 4GB,A,개통,20260908,20260908,99991231,20260908,,1,0,136000000,1,2026-09-08T21:00:00,synthetic-seeder
310414,202609,ENTR-ROAMING-BASELINE-0414,310414,BILL-310414,SYN-ROAM-4GB,3,39,FEMALE,여자,5G-STD-01,5G 스탠다드,A,개통,미국,20260908,,0,SYN-ROAM-4GB,합성 로밍패스 4GB,A,개통,20260908,20260908,99991231,20260908,,1,0,134000000,1,2026-09-08T21:00:00,synthetic-seeder
310419,202609,ENTR-ROAMING-BASELINE-0419,310419,BILL-310419,SYN-ROAM-4GB,4,44,MALE,남자,5G-STD-01,5G 스탠다드,A,개통,태국,20260908,,0,SYN-ROAM-4GB,합성 로밍패스 4GB,A,개통,20260908,20260908,99991231,20260908,,1,0,139000000,1,2026-09-08T21:00:00,synthetic-seeder
310402,202609,ENTR-ROAMING-BASELINE-0402,310402,BILL-310402,SYN-ROAM-4GB,2,27,FEMALE,여자,5G-STD-01,5G 스탠다드,A,개통,미국,20260908,,0,SYN-ROAM-4GB,합성 로밍패스 4GB,A,개통,20260908,20260908,99991231,20260908,,1,0,122000000,1,2026-09-08T21:00:00,synthetic-seeder
310409,202609,ENTR-ROAMING-BASELINE-0409,310409,BILL-310409,SYN-ROAM-4GB,3,34,MALE,남자,5G-STD-01,5G 스탠다드,A,개통,베트남,20260908,,0,SYN-ROAM-4GB,합성 로밍패스 4GB,A,개통,20260908,20260908,99991231,20260908,,1,0,129000000,1,2026-09-08T21:00:00,synthetic-seeder
310405,202609,ENTR-ROAMING-BASELINE-0405,310405,BILL-310405,SYN-ROAM-4GB,3,30,MALE,남자,5G-STD-01,5G 스탠다드,A,개통,베트남,20260908,,0,SYN-ROAM-4GB,합성 로밍패스 4GB,A,개통,20260908,20260908,99991231,,,0,0,0,0,2026-09-08T21:00:00,synthetic-seeder
310420,202609,ENTR-ROAMING-BASELINE-0420,310420,BILL-310420,SYN-ROAM-4GB,4,45,FEMALE,여자,5G-STD-01,5G 스탠다드,A,개통,일본,20260908,,0,SYN-ROAM-4GB,합성 로밍패스 4GB,A,개통,20260908,20260908,99991231,,,0,0,0,0,2026-09-08T21:00:00,synthetic-seeder
310413,202609,ENTR-ROAMING-BASELINE-0413,310413,BILL-310413,SYN-ROAM-4GB,3,38,MALE,남자,5G-STD-01,5G 스탠다드,A,개통,베트남,20260908,,0,SYN-ROAM-4GB,합성 로밍패스 4GB,A,개통,20260908,20260908,99991231,20260908,,1,0,133000000,1,2026-09-08T21:00:00,synthetic-seeder
310407,202609,ENTR-ROAMING-BASELINE-0407,310407,BILL-310407,SYN-ROAM-4GB,3,32,MALE,남자,5G-STD-01,5G 스탠다드,A,개통,태국,20260908,,0,SYN-ROAM-4GB,합성 로밍패스 4GB,A,개통,20260908,20260908,99991231,20260908,,1,0,127000000,1,2026-09-08T21:00:00,synthetic-seeder
310412,202609,ENTR-ROAMING-BASELINE-0412,310412,BILL-310412,SYN-ROAM-4GB,3,37,FEMALE,여자,5G-STD-01,5G 스탠다드,A,개통,일본,20260908,,0,SYN-ROAM-4GB,합성 로밍패스 4GB,A,개통,20260908,20260908,99991231,20260908,,1,0,132000000,1,2026-09-08T21:00:00,synthetic-seeder
310401,202609,ENTR-ROAMING-BASELINE-0401,310401,BILL-310401,SYN-ROAM-4GB,2,26,MALE,남자,5G-STD-01,5G 스탠다드,A,개통,베트남,20260908,,0,SYN-ROAM-4GB,합성 로밍패스 4GB,A,개통,20260908,20260908,99991231,20260908,,1,0,121000000,1,2026-09-08T21:00:00,synthetic-seeder
310516,202609,ENTR-ROAMING-BASELINE-0516,310516,BILL-310516,SYN-ROAM-4GB,4,41,FEMALE,여자,5G-STD-01,5G 스탠다드,A,개통,일본,20260909,,0,SYN-ROAM-4GB,합성 로밍패스 4GB,A,개통,20260909,20260909,99991231,20260909,,1,0,136000000,1,2026-09-09T21:00:00,synthetic-seeder
310517,202609,ENTR-ROAMING-BASELINE-0517,310517,BILL-310517,SYN-ROAM-4GB,4,42,MALE,남자,5G-STD-01,5G 스탠다드,A,개통,베트남,20260909,,0,SYN-ROAM-4GB,합성 로밍패스 4GB,A,개통,20260909,20260909,99991231,20260909,,1,0,137000000,1,2026-09-09T21:00:00,synthetic-seeder
310503,202609,ENTR-ROAMING-BASELINE-0503,310503,BILL-310503,SYN-ROAM-4GB,2,28,MALE,남자,5G-STD-01,5G 스탠다드,A,개통,태국,20260909,,0,SYN-ROAM-4GB,합성 로밍패스 4GB,A,개통,20260909,20260909,99991231,20260909,,1,0,123000000,1,2026-09-09T21:00:00,synthetic-seeder
310510,202609,ENTR-ROAMING-BASELINE-0510,310510,BILL-310510,SYN-ROAM-4GB,3,35,FEMALE,여자,5G-STD-01,5G 스탠다드,A,개통,미국,20260909,,0,SYN-ROAM-4GB,합성 로밍패스 4GB,A,개통,20260909,20260909,99991231,,,0,0,0,0,2026-09-09T21:00:00,synthetic-seeder
310504,202609,ENTR-ROAMING-BASELINE-0504,310504,BILL-310504,SYN-ROAM-4GB,2,29,FEMALE,여자,5G-STD-01,5G 스탠다드,A,개통,일본,20260909,,0,SYN-ROAM-4GB,합성 로밍패스 4GB,A,개통,20260909,20260909,99991231,20260909,,1,0,124000000,1,2026-09-09T21:00:00,synthetic-seeder
310502,202609,ENTR-ROAMING-BASELINE-0502,310502,BILL-310502,SYN-ROAM-4GB,2,27,FEMALE,여자,5G-STD-01,5G 스탠다드,A,개통,미국,20260909,,0,SYN-ROAM-4GB,합성 로밍패스 4GB,A,개통,20260909,20260909,99991231,20260909,,1,0,122000000,1,2026-09-09T21:00:00,synthetic-seeder
310512,202609,ENTR-ROAMING-BASELINE-0512,310512,BILL-310512,SYN-ROAM-4GB,3,37,FEMALE,여자,5G-STD-01,5G 스탠다드,A,개통,일본,20260909,,0,SYN-ROAM-4GB,합성 로밍패스 4GB,A,개통,20260909,20260909,99991231,20260909,,1,0,132000000,1,2026-09-09T21:00:00,synthetic-seeder
310519,202609,ENTR-ROAMING-BASELINE-0519,310519,BILL-310519,SYN-ROAM-4GB,4,44,MALE,남자,5G-STD-01,5G 스탠다드,A,개통,태국,20260909,,0,SYN-ROAM-4GB,합성 로밍패스 4GB,A,개통,20260909,20260909,99991231,20260909,,1,0,139000000,1,2026-09-09T21:00:00,synthetic-seeder
310508,202609,ENTR-ROAMING-BASELINE-0508,310508,BILL-310508,SYN-ROAM-4GB,3,33,FEMALE,여자,5G-STD-01,5G 스탠다드,A,개통,일본,20260909,,0,SYN-ROAM-4GB,합성 로밍패스 4GB,A,개통,20260909,20260909,99991231,20260909,,1,0,128000000,1,2026-09-09T21:00:00,synthetic-seeder
310501,202609,ENTR-ROAMING-BASELINE-0501,310501,BILL-310501,SYN-ROAM-4GB,2,26,MALE,남자,5G-STD-01,5G 스탠다드,A,개통,베트남,20260909,,0,SYN-ROAM-4GB,합성 로밍패스 4GB,A,개통,20260909,20260909,99991231,20260909,,1,0,121000000,1,2026-09-09T21:00:00,synthetic-seeder
310506,202609,ENTR-ROAMING-BASELINE-0506,310506,BILL-310506,SYN-ROAM-4GB,3,31,FEMALE,여자,5G-STD-01,5G 스탠다드,A,개통,미국,20260909,,0,SYN-ROAM-4GB,합성 로밍패스 4GB,A,개통,20260909,20260909,99991231,20260909,,1,0,126000000,1,2026-09-09T21:00:00,synthetic-seeder
310518,202609,ENTR-ROAMING-BASELINE-0518,310518,BILL-310518,SYN-ROAM-4GB,4,43,FEMALE,여자,5G-STD-01,5G 스탠다드,A,개통,미국,20260909,,0,SYN-ROAM-4GB,합성 로밍패스 4GB,A,개통,20260909,20260909,99991231,20260909,,1,0,138000000,1,2026-09-09T21:00:00,synthetic-seeder
310515,202609,ENTR-ROAMING-BASELINE-0515,310515,BILL-310515,SYN-ROAM-4GB,4,40,MALE,남자,5G-STD-01,5G 스탠다드,A,개통,태국,20260909,,0,SYN-ROAM-4GB,합성 로밍패스 4GB,A,개통,20260909,20260909,99991231,,,0,0,0,0,2026-09-09T21:00:00,synthetic-seeder
310505,202609,ENTR-ROAMING-BASELINE-0505,310505,BILL-310505,SYN-ROAM-4GB,3,30,MALE,남자,5G-STD-01,5G 스탠다드,A,개통,베트남,20260909,,0,SYN-ROAM-4GB,합성 로밍패스 4GB,A,개통,20260909,20260909,99991231,,,0,0,0,0,2026-09-09T21:00:00,synthetic-seeder
310513,202609,ENTR-ROAMING-BASELINE-0513,310513,BILL-310513,SYN-ROAM-4GB,3,38,MALE,남자,5G-STD-01,5G 스탠다드,A,개통,베트남,20260909,,0,SYN-ROAM-4GB,합성 로밍패스 4GB,A,개통,20260909,20260909,99991231,20260909,,1,0,133000000,1,2026-09-09T21:00:00,synthetic-seeder
310511,202609,ENTR-ROAMING-BASELINE-0511,310511,BILL-310511,SYN-ROAM-4GB,3,36,MALE,남자,5G-STD-01,5G 스탠다드,A,개통,태국,20260909,,0,SYN-ROAM-4GB,합성 로밍패스 4GB,A,개통,20260909,20260909,99991231,20260909,,1,0,131000000,1,2026-09-09T21:00:00,synthetic-seeder
310520,202609,ENTR-ROAMING-BASELINE-0520,310520,BILL-310520,SYN-ROAM-4GB,4,45,FEMALE,여자,5G-STD-01,5G 스탠다드,A,개통,일본,20260909,,0,SYN-ROAM-4GB,합성 로밍패스 4GB,A,개통,20260909,20260909,99991231,,,0,0,0,0,2026-09-09T21:00:00,synthetic-seeder
310507,202609,ENTR-ROAMING-BASELINE-0507,310507,BILL-310507,SYN-ROAM-4GB,3,32,MALE,남자,5G-STD-01,5G 스탠다드,A,개통,태국,20260909,,0,SYN-ROAM-4GB,합성 로밍패스 4GB,A,개통,20260909,20260909,99991231,20260909,,1,0,127000000,1,2026-09-09T21:00:00,synthetic-seeder
310514,202609,ENTR-ROAMING-BASELINE-0514,310514,BILL-310514,SYN-ROAM-4GB,3,39,FEMALE,여자,5G-STD-01,5G 스탠다드,A,개통,미국,20260909,,0,SYN-ROAM-4GB,합성 로밍패스 4GB,A,개통,20260909,20260909,99991231,20260909,,1,0,134000000,1,2026-09-09T21:00:00,synthetic-seeder
310509,202609,ENTR-ROAMING-BASELINE-0509,310509,BILL-310509,SYN-ROAM-4GB,3,34,MALE,남자,5G-STD-01,5G 스탠다드,A,개통,베트남,20260909,,0,SYN-ROAM-4GB,합성 로밍패스 4GB,A,개통,20260909,20260909,99991231,20260909,,1,0,129000000,1,2026-09-09T21:00:00,synthetic-seeder
310613,202609,ENTR-ROAMING-BASELINE-0613,310613,BILL-310613,SYN-ROAM-4GB,3,38,MALE,남자,5G-STD-01,5G 스탠다드,A,개통,베트남,20260910,,0,SYN-ROAM-4GB,합성 로밍패스 4GB,A,개통,20260910,20260910,99991231,20260910,,1,0,133000000,1,2026-09-10T21:00:00,synthetic-seeder
310616,202609,ENTR-ROAMING-BASELINE-0616,310616,BILL-310616,SYN-ROAM-4GB,4,41,FEMALE,여자,5G-STD-01,5G 스탠다드,A,개통,일본,20260910,,0,SYN-ROAM-4GB,합성 로밍패스 4GB,A,개통,20260910,20260910,99991231,20260910,,1,0,136000000,1,2026-09-10T21:00:00,synthetic-seeder
310619,202609,ENTR-ROAMING-BASELINE-0619,310619,BILL-310619,SYN-ROAM-4GB,4,44,MALE,남자,5G-STD-01,5G 스탠다드,A,개통,태국,20260910,,0,SYN-ROAM-4GB,합성 로밍패스 4GB,A,개통,20260910,20260910,99991231,20260910,,1,0,139000000,1,2026-09-10T21:00:00,synthetic-seeder
310602,202609,ENTR-ROAMING-BASELINE-0602,310602,BILL-310602,SYN-ROAM-4GB,2,27,FEMALE,여자,5G-STD-01,5G 스탠다드,A,개통,미국,20260910,,0,SYN-ROAM-4GB,합성 로밍패스 4GB,A,개통,20260910,20260910,99991231,20260910,,1,0,122000000,1,2026-09-10T21:00:00,synthetic-seeder
310611,202609,ENTR-ROAMING-BASELINE-0611,310611,BILL-310611,SYN-ROAM-4GB,3,36,MALE,남자,5G-STD-01,5G 스탠다드,A,개통,태국,20260910,,0,SYN-ROAM-4GB,합성 로밍패스 4GB,A,개통,20260910,20260910,99991231,20260910,,1,0,131000000,1,2026-09-10T21:00:00,synthetic-seeder
310603,202609,ENTR-ROAMING-BASELINE-0603,310603,BILL-310603,SYN-ROAM-4GB,2,28,MALE,남자,5G-STD-01,5G 스탠다드,A,개통,태국,20260910,,0,SYN-ROAM-4GB,합성 로밍패스 4GB,A,개통,20260910,20260910,99991231,20260910,,1,0,123000000,1,2026-09-10T21:00:00,synthetic-seeder
310610,202609,ENTR-ROAMING-BASELINE-0610,310610,BILL-310610,SYN-ROAM-4GB,3,35,FEMALE,여자,5G-STD-01,5G 스탠다드,A,개통,미국,20260910,,0,SYN-ROAM-4GB,합성 로밍패스 4GB,A,개통,20260910,20260910,99991231,,,0,0,0,0,2026-09-10T21:00:00,synthetic-seeder
310609,202609,ENTR-ROAMING-BASELINE-0609,310609,BILL-310609,SYN-ROAM-4GB,3,34,MALE,남자,5G-STD-01,5G 스탠다드,A,개통,베트남,20260910,,0,SYN-ROAM-4GB,합성 로밍패스 4GB,A,개통,20260910,20260910,99991231,20260910,,1,0,129000000,1,2026-09-10T21:00:00,synthetic-seeder
310617,202609,ENTR-ROAMING-BASELINE-0617,310617,BILL-310617,SYN-ROAM-4GB,4,42,MALE,남자,5G-STD-01,5G 스탠다드,A,개통,베트남,20260910,,0,SYN-ROAM-4GB,합성 로밍패스 4GB,A,개통,20260910,20260910,99991231,20260910,,1,0,137000000,1,2026-09-10T21:00:00,synthetic-seeder
310615,202609,ENTR-ROAMING-BASELINE-0615,310615,BILL-310615,SYN-ROAM-4GB,4,40,MALE,남자,5G-STD-01,5G 스탠다드,A,개통,태국,20260910,,0,SYN-ROAM-4GB,합성 로밍패스 4GB,A,개통,20260910,20260910,99991231,,,0,0,0,0,2026-09-10T21:00:00,synthetic-seeder
310606,202609,ENTR-ROAMING-BASELINE-0606,310606,BILL-310606,SYN-ROAM-4GB,3,31,FEMALE,여자,5G-STD-01,5G 스탠다드,A,개통,미국,20260910,,0,SYN-ROAM-4GB,합성 로밍패스 4GB,A,개통,20260910,20260910,99991231,20260910,,1,0,126000000,1,2026-09-10T21:00:00,synthetic-seeder
310604,202609,ENTR-ROAMING-BASELINE-0604,310604,BILL-310604,SYN-ROAM-4GB,2,29,FEMALE,여자,5G-STD-01,5G 스탠다드,A,개통,일본,20260910,,0,SYN-ROAM-4GB,합성 로밍패스 4GB,A,개통,20260910,20260910,99991231,20260910,,1,0,124000000,1,2026-09-10T21:00:00,synthetic-seeder
310605,202609,ENTR-ROAMING-BASELINE-0605,310605,BILL-310605,SYN-ROAM-4GB,3,30,MALE,남자,5G-STD-01,5G 스탠다드,A,개통,베트남,20260910,,0,SYN-ROAM-4GB,합성 로밍패스 4GB,A,개통,20260910,20260910,99991231,,,0,0,0,0,2026-09-10T21:00:00,synthetic-seeder
310601,202609,ENTR-ROAMING-BASELINE-0601,310601,BILL-310601,SYN-ROAM-4GB,2,26,MALE,남자,5G-STD-01,5G 스탠다드,A,개통,베트남,20260910,,0,SYN-ROAM-4GB,합성 로밍패스 4GB,A,개통,20260910,20260910,99991231,20260910,,1,0,121000000,1,2026-09-10T21:00:00,synthetic-seeder
310620,202609,ENTR-ROAMING-BASELINE-0620,310620,BILL-310620,SYN-ROAM-4GB,4,45,FEMALE,여자,5G-STD-01,5G 스탠다드,A,개통,일본,20260910,,0,SYN-ROAM-4GB,합성 로밍패스 4GB,A,개통,20260910,20260910,99991231,,,0,0,0,0,2026-09-10T21:00:00,synthetic-seeder
310614,202609,ENTR-ROAMING-BASELINE-0614,310614,BILL-310614,SYN-ROAM-4GB,3,39,FEMALE,여자,5G-STD-01,5G 스탠다드,A,개통,미국,20260910,,0,SYN-ROAM-4GB,합성 로밍패스 4GB,A,개통,20260910,20260910,99991231,20260910,,1,0,134000000,1,2026-09-10T21:00:00,synthetic-seeder
310612,202609,ENTR-ROAMING-BASELINE-0612,310612,BILL-310612,SYN-ROAM-4GB,3,37,FEMALE,여자,5G-STD-01,5G 스탠다드,A,개통,일본,20260910,,0,SYN-ROAM-4GB,합성 로밍패스 4GB,A,개통,20260910,20260910,99991231,20260910,,1,0,132000000,1,2026-09-10T21:00:00,synthetic-seeder
310608,202609,ENTR-ROAMING-BASELINE-0608,310608,BILL-310608,SYN-ROAM-4GB,3,33,FEMALE,여자,5G-STD-01,5G 스탠다드,A,개통,일본,20260910,,0,SYN-ROAM-4GB,합성 로밍패스 4GB,A,개통,20260910,20260910,99991231,20260910,,1,0,128000000,1,2026-09-10T21:00:00,synthetic-seeder
310618,202609,ENTR-ROAMING-BASELINE-0618,310618,BILL-310618,SYN-ROAM-4GB,4,43,FEMALE,여자,5G-STD-01,5G 스탠다드,A,개통,미국,20260910,,0,SYN-ROAM-4GB,합성 로밍패스 4GB,A,개통,20260910,20260910,99991231,20260910,,1,0,138000000,1,2026-09-10T21:00:00,synthetic-seeder
310607,202609,ENTR-ROAMING-BASELINE-0607,310607,BILL-310607,SYN-ROAM-4GB,3,32,MALE,남자,5G-STD-01,5G 스탠다드,A,개통,태국,20260910,,0,SYN-ROAM-4GB,합성 로밍패스 4GB,A,개통,20260910,20260910,99991231,20260910,,1,0,127000000,1,2026-09-10T21:00:00,synthetic-seeder
320005,202609,ENTR-ROAMING-POST-0005,320005,BILL-320005,SYN-ROAM-4GB,3,30,MALE,남자,5G-STD-01,5G 스탠다드,A,개통,베트남,20260911,,0,SYN-ROAM-4GB,합성 로밍패스 4GB,A,개통,20260911,20260911,99991231,,,0,0,0,0,2026-09-11T21:00:00,synthetic-seeder
320004,202609,ENTR-ROAMING-POST-0004,320004,BILL-320004,SYN-ROAM-4GB,2,29,FEMALE,여자,5G-STD-01,5G 스탠다드,A,개통,일본,20260911,,0,SYN-ROAM-4GB,합성 로밍패스 4GB,A,개통,20260911,20260911,99991231,20260911,,1,0,124000000,1,2026-09-11T21:00:00,synthetic-seeder
320010,202609,ENTR-ROAMING-POST-0010,320010,BILL-320010,SYN-ROAM-4GB,3,35,FEMALE,여자,5G-STD-01,5G 스탠다드,A,개통,미국,20260911,,0,SYN-ROAM-4GB,합성 로밍패스 4GB,A,개통,20260911,20260911,99991231,,,0,0,0,0,2026-09-11T21:00:00,synthetic-seeder
320001,202609,ENTR-ROAMING-POST-0001,320001,BILL-320001,SYN-ROAM-4GB,2,26,MALE,남자,5G-STD-01,5G 스탠다드,A,개통,베트남,20260911,,0,SYN-ROAM-4GB,합성 로밍패스 4GB,A,개통,20260911,20260911,99991231,20260911,,1,0,121000000,1,2026-09-11T21:00:00,synthetic-seeder
320002,202609,ENTR-ROAMING-POST-0002,320002,BILL-320002,SYN-ROAM-4GB,2,27,FEMALE,여자,5G-STD-01,5G 스탠다드,A,개통,미국,20260911,,0,SYN-ROAM-4GB,합성 로밍패스 4GB,A,개통,20260911,20260911,99991231,20260911,,1,0,122000000,1,2026-09-11T21:00:00,synthetic-seeder
320014,202609,ENTR-ROAMING-POST-0014,320014,BILL-320014,SYN-ROAM-4GB,3,39,FEMALE,여자,5G-STD-01,5G 스탠다드,A,개통,미국,20260911,,0,SYN-ROAM-4GB,합성 로밍패스 4GB,A,개통,20260911,20260911,99991231,20260911,,1,0,134000000,1,2026-09-11T21:00:00,synthetic-seeder
320009,202609,ENTR-ROAMING-POST-0009,320009,BILL-320009,SYN-ROAM-4GB,3,34,MALE,남자,5G-STD-01,5G 스탠다드,A,개통,베트남,20260911,,0,SYN-ROAM-4GB,합성 로밍패스 4GB,A,개통,20260911,20260911,99991231,20260911,,1,0,129000000,1,2026-09-11T21:00:00,synthetic-seeder
320013,202609,ENTR-ROAMING-POST-0013,320013,BILL-320013,SYN-ROAM-4GB,3,38,MALE,남자,5G-STD-01,5G 스탠다드,A,개통,베트남,20260911,,0,SYN-ROAM-4GB,합성 로밍패스 4GB,A,개통,20260911,20260911,99991231,20260911,,1,0,133000000,1,2026-09-11T21:00:00,synthetic-seeder
320016,202609,ENTR-ROAMING-POST-0016,320016,BILL-320016,SYN-ROAM-4GB,4,41,FEMALE,여자,5G-STD-01,5G 스탠다드,A,개통,일본,20260911,,0,SYN-ROAM-4GB,합성 로밍패스 4GB,A,개통,20260911,20260911,99991231,20260911,,1,0,136000000,1,2026-09-11T21:00:00,synthetic-seeder
320019,202609,ENTR-ROAMING-POST-0019,320019,BILL-320019,SYN-ROAM-4GB,4,44,MALE,남자,5G-STD-01,5G 스탠다드,A,개통,태국,20260911,,0,SYN-ROAM-4GB,합성 로밍패스 4GB,A,개통,20260911,20260911,99991231,20260911,,1,0,139000000,1,2026-09-11T21:00:00,synthetic-seeder
320012,202609,ENTR-ROAMING-POST-0012,320012,BILL-320012,SYN-ROAM-4GB,3,37,FEMALE,여자,5G-STD-01,5G 스탠다드,A,개통,일본,20260911,,0,SYN-ROAM-4GB,합성 로밍패스 4GB,A,개통,20260911,20260911,99991231,20260911,,1,0,132000000,1,2026-09-11T21:00:00,synthetic-seeder
320003,202609,ENTR-ROAMING-POST-0003,320003,BILL-320003,SYN-ROAM-4GB,2,28,MALE,남자,5G-STD-01,5G 스탠다드,A,개통,태국,20260911,,0,SYN-ROAM-4GB,합성 로밍패스 4GB,A,개통,20260911,20260911,99991231,20260911,,1,0,123000000,1,2026-09-11T21:00:00,synthetic-seeder
320008,202609,ENTR-ROAMING-POST-0008,320008,BILL-320008,SYN-ROAM-4GB,3,33,FEMALE,여자,5G-STD-01,5G 스탠다드,A,개통,일본,20260911,,0,SYN-ROAM-4GB,합성 로밍패스 4GB,A,개통,20260911,20260911,99991231,20260911,,1,0,128000000,1,2026-09-11T21:00:00,synthetic-seeder
320007,202609,ENTR-ROAMING-POST-0007,320007,BILL-320007,SYN-ROAM-4GB,3,32,MALE,남자,5G-STD-01,5G 스탠다드,A,개통,태국,20260911,,0,SYN-ROAM-4GB,합성 로밍패스 4GB,A,개통,20260911,20260911,99991231,20260911,,1,0,127000000,1,2026-09-11T21:00:00,synthetic-seeder
320017,202609,ENTR-ROAMING-POST-0017,320017,BILL-320017,SYN-ROAM-4GB,4,42,MALE,남자,5G-STD-01,5G 스탠다드,A,개통,베트남,20260911,,0,SYN-ROAM-4GB,합성 로밍패스 4GB,A,개통,20260911,20260911,99991231,20260911,,1,0,137000000,1,2026-09-11T21:00:00,synthetic-seeder
320011,202609,ENTR-ROAMING-POST-0011,320011,BILL-320011,SYN-ROAM-4GB,3,36,MALE,남자,5G-STD-01,5G 스탠다드,A,개통,태국,20260911,,0,SYN-ROAM-4GB,합성 로밍패스 4GB,A,개통,20260911,20260911,99991231,20260911,,1,0,131000000,1,2026-09-11T21:00:00,synthetic-seeder
320006,202609,ENTR-ROAMING-POST-0006,320006,BILL-320006,SYN-ROAM-4GB,3,31,FEMALE,여자,5G-STD-01,5G 스탠다드,A,개통,미국,20260911,,0,SYN-ROAM-4GB,합성 로밍패스 4GB,A,개통,20260911,20260911,99991231,20260911,,1,0,126000000,1,2026-09-11T21:00:00,synthetic-seeder
320015,202609,ENTR-ROAMING-POST-0015,320015,BILL-320015,SYN-ROAM-4GB,4,40,MALE,남자,5G-STD-01,5G 스탠다드,A,개통,태국,20260911,,0,SYN-ROAM-4GB,합성 로밍패스 4GB,A,개통,20260911,20260911,99991231,,,0,0,0,0,2026-09-11T21:00:00,synthetic-seeder
320018,202609,ENTR-ROAMING-POST-0018,320018,BILL-320018,SYN-ROAM-4GB,4,43,FEMALE,여자,5G-STD-01,5G 스탠다드,A,개통,미국,20260911,,0,SYN-ROAM-4GB,합성 로밍패스 4GB,A,개통,20260911,20260911,99991231,20260911,,1,0,138000000,1,2026-09-11T21:00:00,synthetic-seeder
320020,202609,ENTR-ROAMING-POST-0020,320020,BILL-320020,SYN-ROAM-4GB,4,45,FEMALE,여자,5G-STD-01,5G 스탠다드,A,개통,일본,20260911,,0,SYN-ROAM-4GB,합성 로밍패스 4GB,A,개통,20260911,20260911,99991231,,,0,0,0,0,2026-09-11T21:00:00,synthetic-seeder
320105,202609,ENTR-ROAMING-POST-0105,320105,BILL-320105,SYN-ROAM-4GB,3,30,MALE,남자,5G-STD-01,5G 스탠다드,A,개통,베트남,20260912,,0,SYN-ROAM-4GB,합성 로밍패스 4GB,A,개통,20260912,20260912,99991231,,,0,0,0,0,2026-09-12T21:00:00,synthetic-seeder
320118,202609,ENTR-ROAMING-POST-0118,320118,BILL-320118,SYN-ROAM-4GB,4,43,FEMALE,여자,5G-STD-01,5G 스탠다드,A,개통,미국,20260912,,0,SYN-ROAM-4GB,합성 로밍패스 4GB,A,개통,20260912,20260912,99991231,20260912,,1,0,138000000,1,2026-09-12T21:00:00,synthetic-seeder
320110,202609,ENTR-ROAMING-POST-0110,320110,BILL-320110,SYN-ROAM-4GB,3,35,FEMALE,여자,5G-STD-01,5G 스탠다드,A,개통,미국,20260912,,0,SYN-ROAM-4GB,합성 로밍패스 4GB,A,개통,20260912,20260912,99991231,,,0,0,0,0,2026-09-12T21:00:00,synthetic-seeder
320106,202609,ENTR-ROAMING-POST-0106,320106,BILL-320106,SYN-ROAM-4GB,3,31,FEMALE,여자,5G-STD-01,5G 스탠다드,A,개통,미국,20260912,,0,SYN-ROAM-4GB,합성 로밍패스 4GB,A,개통,20260912,20260912,99991231,20260912,,1,0,126000000,1,2026-09-12T21:00:00,synthetic-seeder
320119,202609,ENTR-ROAMING-POST-0119,320119,BILL-320119,SYN-ROAM-4GB,4,44,MALE,남자,5G-STD-01,5G 스탠다드,A,개통,태국,20260912,,0,SYN-ROAM-4GB,합성 로밍패스 4GB,A,개통,20260912,20260912,99991231,20260912,,1,0,139000000,1,2026-09-12T21:00:00,synthetic-seeder
320113,202609,ENTR-ROAMING-POST-0113,320113,BILL-320113,SYN-ROAM-4GB,3,38,MALE,남자,5G-STD-01,5G 스탠다드,A,개통,베트남,20260912,,0,SYN-ROAM-4GB,합성 로밍패스 4GB,A,개통,20260912,20260912,99991231,20260912,,1,0,133000000,1,2026-09-12T21:00:00,synthetic-seeder
320112,202609,ENTR-ROAMING-POST-0112,320112,BILL-320112,SYN-ROAM-4GB,3,37,FEMALE,여자,5G-STD-01,5G 스탠다드,A,개통,일본,20260912,,0,SYN-ROAM-4GB,합성 로밍패스 4GB,A,개통,20260912,20260912,99991231,20260912,,1,0,132000000,1,2026-09-12T21:00:00,synthetic-seeder
320116,202609,ENTR-ROAMING-POST-0116,320116,BILL-320116,SYN-ROAM-4GB,4,41,FEMALE,여자,5G-STD-01,5G 스탠다드,A,개통,일본,20260912,,0,SYN-ROAM-4GB,합성 로밍패스 4GB,A,개통,20260912,20260912,99991231,20260912,,1,0,136000000,1,2026-09-12T21:00:00,synthetic-seeder
320109,202609,ENTR-ROAMING-POST-0109,320109,BILL-320109,SYN-ROAM-4GB,3,34,MALE,남자,5G-STD-01,5G 스탠다드,A,개통,베트남,20260912,,0,SYN-ROAM-4GB,합성 로밍패스 4GB,A,개통,20260912,20260912,99991231,20260912,,1,0,129000000,1,2026-09-12T21:00:00,synthetic-seeder
320117,202609,ENTR-ROAMING-POST-0117,320117,BILL-320117,SYN-ROAM-4GB,4,42,MALE,남자,5G-STD-01,5G 스탠다드,A,개통,베트남,20260912,,0,SYN-ROAM-4GB,합성 로밍패스 4GB,A,개통,20260912,20260912,99991231,20260912,,1,0,137000000,1,2026-09-12T21:00:00,synthetic-seeder
320115,202609,ENTR-ROAMING-POST-0115,320115,BILL-320115,SYN-ROAM-4GB,4,40,MALE,남자,5G-STD-01,5G 스탠다드,A,개통,태국,20260912,,0,SYN-ROAM-4GB,합성 로밍패스 4GB,A,개통,20260912,20260912,99991231,,,0,0,0,0,2026-09-12T21:00:00,synthetic-seeder
320102,202609,ENTR-ROAMING-POST-0102,320102,BILL-320102,SYN-ROAM-4GB,2,27,FEMALE,여자,5G-STD-01,5G 스탠다드,A,개통,미국,20260912,,0,SYN-ROAM-4GB,합성 로밍패스 4GB,A,개통,20260912,20260912,99991231,20260912,,1,0,122000000,1,2026-09-12T21:00:00,synthetic-seeder
320104,202609,ENTR-ROAMING-POST-0104,320104,BILL-320104,SYN-ROAM-4GB,2,29,FEMALE,여자,5G-STD-01,5G 스탠다드,A,개통,일본,20260912,,0,SYN-ROAM-4GB,합성 로밍패스 4GB,A,개통,20260912,20260912,99991231,20260912,,1,0,124000000,1,2026-09-12T21:00:00,synthetic-seeder
320108,202609,ENTR-ROAMING-POST-0108,320108,BILL-320108,SYN-ROAM-4GB,3,33,FEMALE,여자,5G-STD-01,5G 스탠다드,A,개통,일본,20260912,,0,SYN-ROAM-4GB,합성 로밍패스 4GB,A,개통,20260912,20260912,99991231,20260912,,1,0,128000000,1,2026-09-12T21:00:00,synthetic-seeder
320120,202609,ENTR-ROAMING-POST-0120,320120,BILL-320120,SYN-ROAM-4GB,4,45,FEMALE,여자,5G-STD-01,5G 스탠다드,A,개통,일본,20260912,,0,SYN-ROAM-4GB,합성 로밍패스 4GB,A,개통,20260912,20260912,99991231,,,0,0,0,0,2026-09-12T21:00:00,synthetic-seeder
320101,202609,ENTR-ROAMING-POST-0101,320101,BILL-320101,SYN-ROAM-4GB,2,26,MALE,남자,5G-STD-01,5G 스탠다드,A,개통,베트남,20260912,,0,SYN-ROAM-4GB,합성 로밍패스 4GB,A,개통,20260912,20260912,99991231,20260912,,1,0,121000000,1,2026-09-12T21:00:00,synthetic-seeder
320114,202609,ENTR-ROAMING-POST-0114,320114,BILL-320114,SYN-ROAM-4GB,3,39,FEMALE,여자,5G-STD-01,5G 스탠다드,A,개통,미국,20260912,,0,SYN-ROAM-4GB,합성 로밍패스 4GB,A,개통,20260912,20260912,99991231,20260912,,1,0,134000000,1,2026-09-12T21:00:00,synthetic-seeder
320107,202609,ENTR-ROAMING-POST-0107,320107,BILL-320107,SYN-ROAM-4GB,3,32,MALE,남자,5G-STD-01,5G 스탠다드,A,개통,태국,20260912,,0,SYN-ROAM-4GB,합성 로밍패스 4GB,A,개통,20260912,20260912,99991231,20260912,,1,0,127000000,1,2026-09-12T21:00:00,synthetic-seeder
320103,202609,ENTR-ROAMING-POST-0103,320103,BILL-320103,SYN-ROAM-4GB,2,28,MALE,남자,5G-STD-01,5G 스탠다드,A,개통,태국,20260912,,0,SYN-ROAM-4GB,합성 로밍패스 4GB,A,개통,20260912,20260912,99991231,20260912,,1,0,123000000,1,2026-09-12T21:00:00,synthetic-seeder
320111,202609,ENTR-ROAMING-POST-0111,320111,BILL-320111,SYN-ROAM-4GB,3,36,MALE,남자,5G-STD-01,5G 스탠다드,A,개통,태국,20260912,,0,SYN-ROAM-4GB,합성 로밍패스 4GB,A,개통,20260912,20260912,99991231,20260912,,1,0,131000000,1,2026-09-12T21:00:00,synthetic-seeder
320211,202609,ENTR-ROAMING-POST-0211,320211,BILL-320211,SYN-ROAM-4GB,3,36,MALE,남자,5G-STD-01,5G 스탠다드,A,개통,태국,20260913,,0,SYN-ROAM-4GB,합성 로밍패스 4GB,A,개통,20260913,20260913,99991231,20260913,,1,0,131000000,1,2026-09-13T21:00:00,synthetic-seeder
320216,202609,ENTR-ROAMING-POST-0216,320216,BILL-320216,SYN-ROAM-4GB,4,41,FEMALE,여자,5G-STD-01,5G 스탠다드,A,개통,일본,20260913,,0,SYN-ROAM-4GB,합성 로밍패스 4GB,A,개통,20260913,20260913,99991231,20260913,,1,0,136000000,1,2026-09-13T21:00:00,synthetic-seeder
320203,202609,ENTR-ROAMING-POST-0203,320203,BILL-320203,SYN-ROAM-4GB,2,28,MALE,남자,5G-STD-01,5G 스탠다드,A,개통,태국,20260913,,0,SYN-ROAM-4GB,합성 로밍패스 4GB,A,개통,20260913,20260913,99991231,20260913,,1,0,123000000,1,2026-09-13T21:00:00,synthetic-seeder
320208,202609,ENTR-ROAMING-POST-0208,320208,BILL-320208,SYN-ROAM-4GB,3,33,FEMALE,여자,5G-STD-01,5G 스탠다드,A,개통,일본,20260913,,0,SYN-ROAM-4GB,합성 로밍패스 4GB,A,개통,20260913,20260913,99991231,20260913,,1,0,128000000,1,2026-09-13T21:00:00,synthetic-seeder
320214,202609,ENTR-ROAMING-POST-0214,320214,BILL-320214,SYN-ROAM-4GB,3,39,FEMALE,여자,5G-STD-01,5G 스탠다드,A,개통,미국,20260913,,0,SYN-ROAM-4GB,합성 로밍패스 4GB,A,개통,20260913,20260913,99991231,20260913,,1,0,134000000,1,2026-09-13T21:00:00,synthetic-seeder
320210,202609,ENTR-ROAMING-POST-0210,320210,BILL-320210,SYN-ROAM-4GB,3,35,FEMALE,여자,5G-STD-01,5G 스탠다드,A,개통,미국,20260913,,0,SYN-ROAM-4GB,합성 로밍패스 4GB,A,개통,20260913,20260913,99991231,,,0,0,0,0,2026-09-13T21:00:00,synthetic-seeder
320215,202609,ENTR-ROAMING-POST-0215,320215,BILL-320215,SYN-ROAM-4GB,4,40,MALE,남자,5G-STD-01,5G 스탠다드,A,개통,태국,20260913,,0,SYN-ROAM-4GB,합성 로밍패스 4GB,A,개통,20260913,20260913,99991231,,,0,0,0,0,2026-09-13T21:00:00,synthetic-seeder
320207,202609,ENTR-ROAMING-POST-0207,320207,BILL-320207,SYN-ROAM-4GB,3,32,MALE,남자,5G-STD-01,5G 스탠다드,A,개통,태국,20260913,,0,SYN-ROAM-4GB,합성 로밍패스 4GB,A,개통,20260913,20260913,99991231,20260913,,1,0,127000000,1,2026-09-13T21:00:00,synthetic-seeder
320204,202609,ENTR-ROAMING-POST-0204,320204,BILL-320204,SYN-ROAM-4GB,2,29,FEMALE,여자,5G-STD-01,5G 스탠다드,A,개통,일본,20260913,,0,SYN-ROAM-4GB,합성 로밍패스 4GB,A,개통,20260913,20260913,99991231,20260913,,1,0,124000000,1,2026-09-13T21:00:00,synthetic-seeder
320205,202609,ENTR-ROAMING-POST-0205,320205,BILL-320205,SYN-ROAM-4GB,3,30,MALE,남자,5G-STD-01,5G 스탠다드,A,개통,베트남,20260913,,0,SYN-ROAM-4GB,합성 로밍패스 4GB,A,개통,20260913,20260913,99991231,,,0,0,0,0,2026-09-13T21:00:00,synthetic-seeder
320212,202609,ENTR-ROAMING-POST-0212,320212,BILL-320212,SYN-ROAM-4GB,3,37,FEMALE,여자,5G-STD-01,5G 스탠다드,A,개통,일본,20260913,,0,SYN-ROAM-4GB,합성 로밍패스 4GB,A,개통,20260913,20260913,99991231,20260913,,1,0,132000000,1,2026-09-13T21:00:00,synthetic-seeder
320213,202609,ENTR-ROAMING-POST-0213,320213,BILL-320213,SYN-ROAM-4GB,3,38,MALE,남자,5G-STD-01,5G 스탠다드,A,개통,베트남,20260913,,0,SYN-ROAM-4GB,합성 로밍패스 4GB,A,개통,20260913,20260913,99991231,20260913,,1,0,133000000,1,2026-09-13T21:00:00,synthetic-seeder
320201,202609,ENTR-ROAMING-POST-0201,320201,BILL-320201,SYN-ROAM-4GB,2,26,MALE,남자,5G-STD-01,5G 스탠다드,A,개통,베트남,20260913,,0,SYN-ROAM-4GB,합성 로밍패스 4GB,A,개통,20260913,20260913,99991231,20260913,,1,0,121000000,1,2026-09-13T21:00:00,synthetic-seeder
320202,202609,ENTR-ROAMING-POST-0202,320202,BILL-320202,SYN-ROAM-4GB,2,27,FEMALE,여자,5G-STD-01,5G 스탠다드,A,개통,미국,20260913,,0,SYN-ROAM-4GB,합성 로밍패스 4GB,A,개통,20260913,20260913,99991231,20260913,,1,0,122000000,1,2026-09-13T21:00:00,synthetic-seeder
320219,202609,ENTR-ROAMING-POST-0219,320219,BILL-320219,SYN-ROAM-4GB,4,44,MALE,남자,5G-STD-01,5G 스탠다드,A,개통,태국,20260913,,0,SYN-ROAM-4GB,합성 로밍패스 4GB,A,개통,20260913,20260913,99991231,20260913,,1,0,139000000,1,2026-09-13T21:00:00,synthetic-seeder
320218,202609,ENTR-ROAMING-POST-0218,320218,BILL-320218,SYN-ROAM-4GB,4,43,FEMALE,여자,5G-STD-01,5G 스탠다드,A,개통,미국,20260913,,0,SYN-ROAM-4GB,합성 로밍패스 4GB,A,개통,20260913,20260913,99991231,20260913,,1,0,138000000,1,2026-09-13T21:00:00,synthetic-seeder
320206,202609,ENTR-ROAMING-POST-0206,320206,BILL-320206,SYN-ROAM-4GB,3,31,FEMALE,여자,5G-STD-01,5G 스탠다드,A,개통,미국,20260913,,0,SYN-ROAM-4GB,합성 로밍패스 4GB,A,개통,20260913,20260913,99991231,20260913,,1,0,126000000,1,2026-09-13T21:00:00,synthetic-seeder
320209,202609,ENTR-ROAMING-POST-0209,320209,BILL-320209,SYN-ROAM-4GB,3,34,MALE,남자,5G-STD-01,5G 스탠다드,A,개통,베트남,20260913,,0,SYN-ROAM-4GB,합성 로밍패스 4GB,A,개통,20260913,20260913,99991231,20260913,,1,0,129000000,1,2026-09-13T21:00:00,synthetic-seeder
320217,202609,ENTR-ROAMING-POST-0217,320217,BILL-320217,SYN-ROAM-4GB,4,42,MALE,남자,5G-STD-01,5G 스탠다드,A,개통,베트남,20260913,,0,SYN-ROAM-4GB,합성 로밍패스 4GB,A,개통,20260913,20260913,99991231,20260913,,1,0,137000000,1,2026-09-13T21:00:00,synthetic-seeder
320220,202609,ENTR-ROAMING-POST-0220,320220,BILL-320220,SYN-ROAM-4GB,4,45,FEMALE,여자,5G-STD-01,5G 스탠다드,A,개통,일본,20260913,,0,SYN-ROAM-4GB,합성 로밍패스 4GB,A,개통,20260913,20260913,99991231,,,0,0,0,0,2026-09-13T21:00:00,synthetic-seeder
320306,202609,ENTR-ROAMING-POST-0306,320306,BILL-320306,SYN-ROAM-4GB,3,31,FEMALE,여자,5G-STD-01,5G 스탠다드,A,개통,미국,20260914,,0,SYN-ROAM-4GB,합성 로밍패스 4GB,A,개통,20260914,20260914,99991231,20260914,,1,0,126000000,1,2026-09-14T21:00:00,synthetic-seeder
320317,202609,ENTR-ROAMING-POST-0317,320317,BILL-320317,SYN-ROAM-4GB,4,42,MALE,남자,5G-STD-01,5G 스탠다드,A,개통,베트남,20260914,,0,SYN-ROAM-4GB,합성 로밍패스 4GB,A,개통,20260914,20260914,99991231,20260914,,1,0,137000000,1,2026-09-14T21:00:00,synthetic-seeder
320315,202609,ENTR-ROAMING-POST-0315,320315,BILL-320315,SYN-ROAM-4GB,4,40,MALE,남자,5G-STD-01,5G 스탠다드,A,개통,태국,20260914,,0,SYN-ROAM-4GB,합성 로밍패스 4GB,A,개통,20260914,20260914,99991231,,,0,0,0,0,2026-09-14T21:00:00,synthetic-seeder
320314,202609,ENTR-ROAMING-POST-0314,320314,BILL-320314,SYN-ROAM-4GB,3,39,FEMALE,여자,5G-STD-01,5G 스탠다드,A,개통,미국,20260914,,0,SYN-ROAM-4GB,합성 로밍패스 4GB,A,개통,20260914,20260914,99991231,20260914,,1,0,134000000,1,2026-09-14T21:00:00,synthetic-seeder
320311,202609,ENTR-ROAMING-POST-0311,320311,BILL-320311,SYN-ROAM-4GB,3,36,MALE,남자,5G-STD-01,5G 스탠다드,A,개통,태국,20260914,,0,SYN-ROAM-4GB,합성 로밍패스 4GB,A,개통,20260914,20260914,99991231,20260914,,1,0,131000000,1,2026-09-14T21:00:00,synthetic-seeder
320316,202609,ENTR-ROAMING-POST-0316,320316,BILL-320316,SYN-ROAM-4GB,4,41,FEMALE,여자,5G-STD-01,5G 스탠다드,A,개통,일본,20260914,,0,SYN-ROAM-4GB,합성 로밍패스 4GB,A,개통,20260914,20260914,99991231,20260914,,1,0,136000000,1,2026-09-14T21:00:00,synthetic-seeder
320302,202609,ENTR-ROAMING-POST-0302,320302,BILL-320302,SYN-ROAM-4GB,2,27,FEMALE,여자,5G-STD-01,5G 스탠다드,A,개통,미국,20260914,,0,SYN-ROAM-4GB,합성 로밍패스 4GB,A,개통,20260914,20260914,99991231,20260914,,1,0,122000000,1,2026-09-14T21:00:00,synthetic-seeder
320309,202609,ENTR-ROAMING-POST-0309,320309,BILL-320309,SYN-ROAM-4GB,3,34,MALE,남자,5G-STD-01,5G 스탠다드,A,개통,베트남,20260914,,0,SYN-ROAM-4GB,합성 로밍패스 4GB,A,개통,20260914,20260914,99991231,20260914,,1,0,129000000,1,2026-09-14T21:00:00,synthetic-seeder
320308,202609,ENTR-ROAMING-POST-0308,320308,BILL-320308,SYN-ROAM-4GB,3,33,FEMALE,여자,5G-STD-01,5G 스탠다드,A,개통,일본,20260914,,0,SYN-ROAM-4GB,합성 로밍패스 4GB,A,개통,20260914,20260914,99991231,20260914,,1,0,128000000,1,2026-09-14T21:00:00,synthetic-seeder
320310,202609,ENTR-ROAMING-POST-0310,320310,BILL-320310,SYN-ROAM-4GB,3,35,FEMALE,여자,5G-STD-01,5G 스탠다드,A,개통,미국,20260914,,0,SYN-ROAM-4GB,합성 로밍패스 4GB,A,개통,20260914,20260914,99991231,,,0,0,0,0,2026-09-14T21:00:00,synthetic-seeder
320303,202609,ENTR-ROAMING-POST-0303,320303,BILL-320303,SYN-ROAM-4GB,2,28,MALE,남자,5G-STD-01,5G 스탠다드,A,개통,태국,20260914,,0,SYN-ROAM-4GB,합성 로밍패스 4GB,A,개통,20260914,20260914,99991231,20260914,,1,0,123000000,1,2026-09-14T21:00:00,synthetic-seeder
320301,202609,ENTR-ROAMING-POST-0301,320301,BILL-320301,SYN-ROAM-4GB,2,26,MALE,남자,5G-STD-01,5G 스탠다드,A,개통,베트남,20260914,,0,SYN-ROAM-4GB,합성 로밍패스 4GB,A,개통,20260914,20260914,99991231,20260914,,1,0,121000000,1,2026-09-14T21:00:00,synthetic-seeder
320320,202609,ENTR-ROAMING-POST-0320,320320,BILL-320320,SYN-ROAM-4GB,4,45,FEMALE,여자,5G-STD-01,5G 스탠다드,A,개통,일본,20260914,,0,SYN-ROAM-4GB,합성 로밍패스 4GB,A,개통,20260914,20260914,99991231,,,0,0,0,0,2026-09-14T21:00:00,synthetic-seeder
320312,202609,ENTR-ROAMING-POST-0312,320312,BILL-320312,SYN-ROAM-4GB,3,37,FEMALE,여자,5G-STD-01,5G 스탠다드,A,개통,일본,20260914,,0,SYN-ROAM-4GB,합성 로밍패스 4GB,A,개통,20260914,20260914,99991231,20260914,,1,0,132000000,1,2026-09-14T21:00:00,synthetic-seeder
320319,202609,ENTR-ROAMING-POST-0319,320319,BILL-320319,SYN-ROAM-4GB,4,44,MALE,남자,5G-STD-01,5G 스탠다드,A,개통,태국,20260914,,0,SYN-ROAM-4GB,합성 로밍패스 4GB,A,개통,20260914,20260914,99991231,20260914,,1,0,139000000,1,2026-09-14T21:00:00,synthetic-seeder
320304,202609,ENTR-ROAMING-POST-0304,320304,BILL-320304,SYN-ROAM-4GB,2,29,FEMALE,여자,5G-STD-01,5G 스탠다드,A,개통,일본,20260914,,0,SYN-ROAM-4GB,합성 로밍패스 4GB,A,개통,20260914,20260914,99991231,20260914,,1,0,124000000,1,2026-09-14T21:00:00,synthetic-seeder
320318,202609,ENTR-ROAMING-POST-0318,320318,BILL-320318,SYN-ROAM-4GB,4,43,FEMALE,여자,5G-STD-01,5G 스탠다드,A,개통,미국,20260914,,0,SYN-ROAM-4GB,합성 로밍패스 4GB,A,개통,20260914,20260914,99991231,20260914,,1,0,138000000,1,2026-09-14T21:00:00,synthetic-seeder
320305,202609,ENTR-ROAMING-POST-0305,320305,BILL-320305,SYN-ROAM-4GB,3,30,MALE,남자,5G-STD-01,5G 스탠다드,A,개통,베트남,20260914,,0,SYN-ROAM-4GB,합성 로밍패스 4GB,A,개통,20260914,20260914,99991231,,,0,0,0,0,2026-09-14T21:00:00,synthetic-seeder
320307,202609,ENTR-ROAMING-POST-0307,320307,BILL-320307,SYN-ROAM-4GB,3,32,MALE,남자,5G-STD-01,5G 스탠다드,A,개통,태국,20260914,,0,SYN-ROAM-4GB,합성 로밍패스 4GB,A,개통,20260914,20260914,99991231,20260914,,1,0,127000000,1,2026-09-14T21:00:00,synthetic-seeder
320313,202609,ENTR-ROAMING-POST-0313,320313,BILL-320313,SYN-ROAM-4GB,3,38,MALE,남자,5G-STD-01,5G 스탠다드,A,개통,베트남,20260914,,0,SYN-ROAM-4GB,합성 로밍패스 4GB,A,개통,20260914,20260914,99991231,20260914,,1,0,133000000,1,2026-09-14T21:00:00,synthetic-seeder
320401,202609,ENTR-ROAMING-POST-0401,320401,BILL-320401,SYN-ROAM-4GB,2,26,MALE,남자,5G-STD-01,5G 스탠다드,A,개통,베트남,20260915,,0,SYN-ROAM-4GB,합성 로밍패스 4GB,A,개통,20260915,20260915,99991231,20260915,,1,0,121000000,1,2026-09-15T21:00:00,synthetic-seeder
320403,202609,ENTR-ROAMING-POST-0403,320403,BILL-320403,SYN-ROAM-4GB,2,28,MALE,남자,5G-STD-01,5G 스탠다드,A,개통,태국,20260915,,0,SYN-ROAM-4GB,합성 로밍패스 4GB,A,개통,20260915,20260915,99991231,20260915,,1,0,123000000,1,2026-09-15T21:00:00,synthetic-seeder
320406,202609,ENTR-ROAMING-POST-0406,320406,BILL-320406,SYN-ROAM-4GB,3,31,FEMALE,여자,5G-STD-01,5G 스탠다드,A,개통,미국,20260915,,0,SYN-ROAM-4GB,합성 로밍패스 4GB,A,개통,20260915,20260915,99991231,20260915,,1,0,126000000,1,2026-09-15T21:00:00,synthetic-seeder
320408,202609,ENTR-ROAMING-POST-0408,320408,BILL-320408,SYN-ROAM-4GB,3,33,FEMALE,여자,5G-STD-01,5G 스탠다드,A,개통,일본,20260915,,0,SYN-ROAM-4GB,합성 로밍패스 4GB,A,개통,20260915,20260915,99991231,20260915,,1,0,128000000,1,2026-09-15T21:00:00,synthetic-seeder
320420,202609,ENTR-ROAMING-POST-0420,320420,BILL-320420,SYN-ROAM-4GB,4,45,FEMALE,여자,5G-STD-01,5G 스탠다드,A,개통,일본,20260915,,0,SYN-ROAM-4GB,합성 로밍패스 4GB,A,개통,20260915,20260915,99991231,,,0,0,0,0,2026-09-15T21:00:00,synthetic-seeder
320404,202609,ENTR-ROAMING-POST-0404,320404,BILL-320404,SYN-ROAM-4GB,2,29,FEMALE,여자,5G-STD-01,5G 스탠다드,A,개통,일본,20260915,,0,SYN-ROAM-4GB,합성 로밍패스 4GB,A,개통,20260915,20260915,99991231,20260915,,1,0,124000000,1,2026-09-15T21:00:00,synthetic-seeder
320417,202609,ENTR-ROAMING-POST-0417,320417,BILL-320417,SYN-ROAM-4GB,4,42,MALE,남자,5G-STD-01,5G 스탠다드,A,개통,베트남,20260915,,0,SYN-ROAM-4GB,합성 로밍패스 4GB,A,개통,20260915,20260915,99991231,20260915,,1,0,137000000,1,2026-09-15T21:00:00,synthetic-seeder
320411,202609,ENTR-ROAMING-POST-0411,320411,BILL-320411,SYN-ROAM-4GB,3,36,MALE,남자,5G-STD-01,5G 스탠다드,A,개통,태국,20260915,,0,SYN-ROAM-4GB,합성 로밍패스 4GB,A,개통,20260915,20260915,99991231,20260915,,1,0,131000000,1,2026-09-15T21:00:00,synthetic-seeder
320414,202609,ENTR-ROAMING-POST-0414,320414,BILL-320414,SYN-ROAM-4GB,3,39,FEMALE,여자,5G-STD-01,5G 스탠다드,A,개통,미국,20260915,,0,SYN-ROAM-4GB,합성 로밍패스 4GB,A,개통,20260915,20260915,99991231,20260915,,1,0,134000000,1,2026-09-15T21:00:00,synthetic-seeder
320405,202609,ENTR-ROAMING-POST-0405,320405,BILL-320405,SYN-ROAM-4GB,3,30,MALE,남자,5G-STD-01,5G 스탠다드,A,개통,베트남,20260915,,0,SYN-ROAM-4GB,합성 로밍패스 4GB,A,개통,20260915,20260915,99991231,,,0,0,0,0,2026-09-15T21:00:00,synthetic-seeder
320409,202609,ENTR-ROAMING-POST-0409,320409,BILL-320409,SYN-ROAM-4GB,3,34,MALE,남자,5G-STD-01,5G 스탠다드,A,개통,베트남,20260915,,0,SYN-ROAM-4GB,합성 로밍패스 4GB,A,개통,20260915,20260915,99991231,20260915,,1,0,129000000,1,2026-09-15T21:00:00,synthetic-seeder
320416,202609,ENTR-ROAMING-POST-0416,320416,BILL-320416,SYN-ROAM-4GB,4,41,FEMALE,여자,5G-STD-01,5G 스탠다드,A,개통,일본,20260915,,0,SYN-ROAM-4GB,합성 로밍패스 4GB,A,개통,20260915,20260915,99991231,20260915,,1,0,136000000,1,2026-09-15T21:00:00,synthetic-seeder
320407,202609,ENTR-ROAMING-POST-0407,320407,BILL-320407,SYN-ROAM-4GB,3,32,MALE,남자,5G-STD-01,5G 스탠다드,A,개통,태국,20260915,,0,SYN-ROAM-4GB,합성 로밍패스 4GB,A,개통,20260915,20260915,99991231,20260915,,1,0,127000000,1,2026-09-15T21:00:00,synthetic-seeder
320412,202609,ENTR-ROAMING-POST-0412,320412,BILL-320412,SYN-ROAM-4GB,3,37,FEMALE,여자,5G-STD-01,5G 스탠다드,A,개통,일본,20260915,,0,SYN-ROAM-4GB,합성 로밍패스 4GB,A,개통,20260915,20260915,99991231,20260915,,1,0,132000000,1,2026-09-15T21:00:00,synthetic-seeder
320410,202609,ENTR-ROAMING-POST-0410,320410,BILL-320410,SYN-ROAM-4GB,3,35,FEMALE,여자,5G-STD-01,5G 스탠다드,A,개통,미국,20260915,,0,SYN-ROAM-4GB,합성 로밍패스 4GB,A,개통,20260915,20260915,99991231,,,0,0,0,0,2026-09-15T21:00:00,synthetic-seeder
320419,202609,ENTR-ROAMING-POST-0419,320419,BILL-320419,SYN-ROAM-4GB,4,44,MALE,남자,5G-STD-01,5G 스탠다드,A,개통,태국,20260915,,0,SYN-ROAM-4GB,합성 로밍패스 4GB,A,개통,20260915,20260915,99991231,20260915,,1,0,139000000,1,2026-09-15T21:00:00,synthetic-seeder
320415,202609,ENTR-ROAMING-POST-0415,320415,BILL-320415,SYN-ROAM-4GB,4,40,MALE,남자,5G-STD-01,5G 스탠다드,A,개통,태국,20260915,,0,SYN-ROAM-4GB,합성 로밍패스 4GB,A,개통,20260915,20260915,99991231,,,0,0,0,0,2026-09-15T21:00:00,synthetic-seeder
320413,202609,ENTR-ROAMING-POST-0413,320413,BILL-320413,SYN-ROAM-4GB,3,38,MALE,남자,5G-STD-01,5G 스탠다드,A,개통,베트남,20260915,,0,SYN-ROAM-4GB,합성 로밍패스 4GB,A,개통,20260915,20260915,99991231,20260915,,1,0,133000000,1,2026-09-15T21:00:00,synthetic-seeder
320402,202609,ENTR-ROAMING-POST-0402,320402,BILL-320402,SYN-ROAM-4GB,2,27,FEMALE,여자,5G-STD-01,5G 스탠다드,A,개통,미국,20260915,,0,SYN-ROAM-4GB,합성 로밍패스 4GB,A,개통,20260915,20260915,99991231,20260915,,1,0,122000000,1,2026-09-15T21:00:00,synthetic-seeder
320418,202609,ENTR-ROAMING-POST-0418,320418,BILL-320418,SYN-ROAM-4GB,4,43,FEMALE,여자,5G-STD-01,5G 스탠다드,A,개통,미국,20260915,,0,SYN-ROAM-4GB,합성 로밍패스 4GB,A,개통,20260915,20260915,99991231,20260915,,1,0,138000000,1,2026-09-15T21:00:00,synthetic-seeder
320511,202609,ENTR-ROAMING-POST-0511,320511,BILL-320511,SYN-ROAM-4GB,3,36,MALE,남자,5G-STD-01,5G 스탠다드,A,개통,태국,20260916,,0,SYN-ROAM-4GB,합성 로밍패스 4GB,A,개통,20260916,20260916,99991231,20260916,,1,0,131000000,1,2026-09-16T21:00:00,synthetic-seeder
320508,202609,ENTR-ROAMING-POST-0508,320508,BILL-320508,SYN-ROAM-4GB,3,33,FEMALE,여자,5G-STD-01,5G 스탠다드,A,개통,일본,20260916,,0,SYN-ROAM-4GB,합성 로밍패스 4GB,A,개통,20260916,20260916,99991231,20260916,,1,0,128000000,1,2026-09-16T21:00:00,synthetic-seeder
320516,202609,ENTR-ROAMING-POST-0516,320516,BILL-320516,SYN-ROAM-4GB,4,41,FEMALE,여자,5G-STD-01,5G 스탠다드,A,개통,일본,20260916,,0,SYN-ROAM-4GB,합성 로밍패스 4GB,A,개통,20260916,20260916,99991231,20260916,,1,0,136000000,1,2026-09-16T21:00:00,synthetic-seeder
320519,202609,ENTR-ROAMING-POST-0519,320519,BILL-320519,SYN-ROAM-4GB,4,44,MALE,남자,5G-STD-01,5G 스탠다드,A,개통,태국,20260916,,0,SYN-ROAM-4GB,합성 로밍패스 4GB,A,개통,20260916,20260916,99991231,20260916,,1,0,139000000,1,2026-09-16T21:00:00,synthetic-seeder
320502,202609,ENTR-ROAMING-POST-0502,320502,BILL-320502,SYN-ROAM-4GB,2,27,FEMALE,여자,5G-STD-01,5G 스탠다드,A,개통,미국,20260916,,0,SYN-ROAM-4GB,합성 로밍패스 4GB,A,개통,20260916,20260916,99991231,20260916,,1,0,122000000,1,2026-09-16T21:00:00,synthetic-seeder
320503,202609,ENTR-ROAMING-POST-0503,320503,BILL-320503,SYN-ROAM-4GB,2,28,MALE,남자,5G-STD-01,5G 스탠다드,A,개통,태국,20260916,,0,SYN-ROAM-4GB,합성 로밍패스 4GB,A,개통,20260916,20260916,99991231,20260916,,1,0,123000000,1,2026-09-16T21:00:00,synthetic-seeder
320520,202609,ENTR-ROAMING-POST-0520,320520,BILL-320520,SYN-ROAM-4GB,4,45,FEMALE,여자,5G-STD-01,5G 스탠다드,A,개통,일본,20260916,,0,SYN-ROAM-4GB,합성 로밍패스 4GB,A,개통,20260916,20260916,99991231,,,0,0,0,0,2026-09-16T21:00:00,synthetic-seeder
320515,202609,ENTR-ROAMING-POST-0515,320515,BILL-320515,SYN-ROAM-4GB,4,40,MALE,남자,5G-STD-01,5G 스탠다드,A,개통,태국,20260916,,0,SYN-ROAM-4GB,합성 로밍패스 4GB,A,개통,20260916,20260916,99991231,,,0,0,0,0,2026-09-16T21:00:00,synthetic-seeder
320509,202609,ENTR-ROAMING-POST-0509,320509,BILL-320509,SYN-ROAM-4GB,3,34,MALE,남자,5G-STD-01,5G 스탠다드,A,개통,베트남,20260916,,0,SYN-ROAM-4GB,합성 로밍패스 4GB,A,개통,20260916,20260916,99991231,20260916,,1,0,129000000,1,2026-09-16T21:00:00,synthetic-seeder
320507,202609,ENTR-ROAMING-POST-0507,320507,BILL-320507,SYN-ROAM-4GB,3,32,MALE,남자,5G-STD-01,5G 스탠다드,A,개통,태국,20260916,,0,SYN-ROAM-4GB,합성 로밍패스 4GB,A,개통,20260916,20260916,99991231,20260916,,1,0,127000000,1,2026-09-16T21:00:00,synthetic-seeder
320518,202609,ENTR-ROAMING-POST-0518,320518,BILL-320518,SYN-ROAM-4GB,4,43,FEMALE,여자,5G-STD-01,5G 스탠다드,A,개통,미국,20260916,,0,SYN-ROAM-4GB,합성 로밍패스 4GB,A,개통,20260916,20260916,99991231,20260916,,1,0,138000000,1,2026-09-16T21:00:00,synthetic-seeder
320517,202609,ENTR-ROAMING-POST-0517,320517,BILL-320517,SYN-ROAM-4GB,4,42,MALE,남자,5G-STD-01,5G 스탠다드,A,개통,베트남,20260916,,0,SYN-ROAM-4GB,합성 로밍패스 4GB,A,개통,20260916,20260916,99991231,20260916,,1,0,137000000,1,2026-09-16T21:00:00,synthetic-seeder
320506,202609,ENTR-ROAMING-POST-0506,320506,BILL-320506,SYN-ROAM-4GB,3,31,FEMALE,여자,5G-STD-01,5G 스탠다드,A,개통,미국,20260916,,0,SYN-ROAM-4GB,합성 로밍패스 4GB,A,개통,20260916,20260916,99991231,20260916,,1,0,126000000,1,2026-09-16T21:00:00,synthetic-seeder
320514,202609,ENTR-ROAMING-POST-0514,320514,BILL-320514,SYN-ROAM-4GB,3,39,FEMALE,여자,5G-STD-01,5G 스탠다드,A,개통,미국,20260916,,0,SYN-ROAM-4GB,합성 로밍패스 4GB,A,개통,20260916,20260916,99991231,20260916,,1,0,134000000,1,2026-09-16T21:00:00,synthetic-seeder
320512,202609,ENTR-ROAMING-POST-0512,320512,BILL-320512,SYN-ROAM-4GB,3,37,FEMALE,여자,5G-STD-01,5G 스탠다드,A,개통,일본,20260916,,0,SYN-ROAM-4GB,합성 로밍패스 4GB,A,개통,20260916,20260916,99991231,20260916,,1,0,132000000,1,2026-09-16T21:00:00,synthetic-seeder
320501,202609,ENTR-ROAMING-POST-0501,320501,BILL-320501,SYN-ROAM-4GB,2,26,MALE,남자,5G-STD-01,5G 스탠다드,A,개통,베트남,20260916,,0,SYN-ROAM-4GB,합성 로밍패스 4GB,A,개통,20260916,20260916,99991231,20260916,,1,0,121000000,1,2026-09-16T21:00:00,synthetic-seeder
320504,202609,ENTR-ROAMING-POST-0504,320504,BILL-320504,SYN-ROAM-4GB,2,29,FEMALE,여자,5G-STD-01,5G 스탠다드,A,개통,일본,20260916,,0,SYN-ROAM-4GB,합성 로밍패스 4GB,A,개통,20260916,20260916,99991231,20260916,,1,0,124000000,1,2026-09-16T21:00:00,synthetic-seeder
320510,202609,ENTR-ROAMING-POST-0510,320510,BILL-320510,SYN-ROAM-4GB,3,35,FEMALE,여자,5G-STD-01,5G 스탠다드,A,개통,미국,20260916,,0,SYN-ROAM-4GB,합성 로밍패스 4GB,A,개통,20260916,20260916,99991231,,,0,0,0,0,2026-09-16T21:00:00,synthetic-seeder
320505,202609,ENTR-ROAMING-POST-0505,320505,BILL-320505,SYN-ROAM-4GB,3,30,MALE,남자,5G-STD-01,5G 스탠다드,A,개통,베트남,20260916,,0,SYN-ROAM-4GB,합성 로밍패스 4GB,A,개통,20260916,20260916,99991231,,,0,0,0,0,2026-09-16T21:00:00,synthetic-seeder
320513,202609,ENTR-ROAMING-POST-0513,320513,BILL-320513,SYN-ROAM-4GB,3,38,MALE,남자,5G-STD-01,5G 스탠다드,A,개통,베트남,20260916,,0,SYN-ROAM-4GB,합성 로밍패스 4GB,A,개통,20260916,20260916,99991231,20260916,,1,0,133000000,1,2026-09-16T21:00:00,synthetic-seeder
320609,202609,ENTR-ROAMING-POST-0609,320609,BILL-320609,SYN-ROAM-4GB,3,34,MALE,남자,5G-STD-01,5G 스탠다드,A,개통,베트남,20260917,,0,SYN-ROAM-4GB,합성 로밍패스 4GB,A,개통,20260917,20260917,99991231,20260917,,1,0,129000000,1,2026-09-17T21:00:00,synthetic-seeder
320618,202609,ENTR-ROAMING-POST-0618,320618,BILL-320618,SYN-ROAM-4GB,4,43,FEMALE,여자,5G-STD-01,5G 스탠다드,A,개통,미국,20260917,,0,SYN-ROAM-4GB,합성 로밍패스 4GB,A,개통,20260917,20260917,99991231,20260917,,1,0,138000000,1,2026-09-17T21:00:00,synthetic-seeder
320611,202609,ENTR-ROAMING-POST-0611,320611,BILL-320611,SYN-ROAM-4GB,3,36,MALE,남자,5G-STD-01,5G 스탠다드,A,개통,태국,20260917,,0,SYN-ROAM-4GB,합성 로밍패스 4GB,A,개통,20260917,20260917,99991231,20260917,,1,0,131000000,1,2026-09-17T21:00:00,synthetic-seeder
320612,202609,ENTR-ROAMING-POST-0612,320612,BILL-320612,SYN-ROAM-4GB,3,37,FEMALE,여자,5G-STD-01,5G 스탠다드,A,개통,일본,20260917,,0,SYN-ROAM-4GB,합성 로밍패스 4GB,A,개통,20260917,20260917,99991231,20260917,,1,0,132000000,1,2026-09-17T21:00:00,synthetic-seeder
320613,202609,ENTR-ROAMING-POST-0613,320613,BILL-320613,SYN-ROAM-4GB,3,38,MALE,남자,5G-STD-01,5G 스탠다드,A,개통,베트남,20260917,,0,SYN-ROAM-4GB,합성 로밍패스 4GB,A,개통,20260917,20260917,99991231,20260917,,1,0,133000000,1,2026-09-17T21:00:00,synthetic-seeder
320606,202609,ENTR-ROAMING-POST-0606,320606,BILL-320606,SYN-ROAM-4GB,3,31,FEMALE,여자,5G-STD-01,5G 스탠다드,A,개통,미국,20260917,,0,SYN-ROAM-4GB,합성 로밍패스 4GB,A,개통,20260917,20260917,99991231,20260917,,1,0,126000000,1,2026-09-17T21:00:00,synthetic-seeder
320614,202609,ENTR-ROAMING-POST-0614,320614,BILL-320614,SYN-ROAM-4GB,3,39,FEMALE,여자,5G-STD-01,5G 스탠다드,A,개통,미국,20260917,,0,SYN-ROAM-4GB,합성 로밍패스 4GB,A,개통,20260917,20260917,99991231,20260917,,1,0,134000000,1,2026-09-17T21:00:00,synthetic-seeder
320601,202609,ENTR-ROAMING-POST-0601,320601,BILL-320601,SYN-ROAM-4GB,2,26,MALE,남자,5G-STD-01,5G 스탠다드,A,개통,베트남,20260917,,0,SYN-ROAM-4GB,합성 로밍패스 4GB,A,개통,20260917,20260917,99991231,20260917,,1,0,121000000,1,2026-09-17T21:00:00,synthetic-seeder
320603,202609,ENTR-ROAMING-POST-0603,320603,BILL-320603,SYN-ROAM-4GB,2,28,MALE,남자,5G-STD-01,5G 스탠다드,A,개통,태국,20260917,,0,SYN-ROAM-4GB,합성 로밍패스 4GB,A,개통,20260917,20260917,99991231,20260917,,1,0,123000000,1,2026-09-17T21:00:00,synthetic-seeder
320617,202609,ENTR-ROAMING-POST-0617,320617,BILL-320617,SYN-ROAM-4GB,4,42,MALE,남자,5G-STD-01,5G 스탠다드,A,개통,베트남,20260917,,0,SYN-ROAM-4GB,합성 로밍패스 4GB,A,개통,20260917,20260917,99991231,20260917,,1,0,137000000,1,2026-09-17T21:00:00,synthetic-seeder
320615,202609,ENTR-ROAMING-POST-0615,320615,BILL-320615,SYN-ROAM-4GB,4,40,MALE,남자,5G-STD-01,5G 스탠다드,A,개통,태국,20260917,,0,SYN-ROAM-4GB,합성 로밍패스 4GB,A,개통,20260917,20260917,99991231,,,0,0,0,0,2026-09-17T21:00:00,synthetic-seeder
320605,202609,ENTR-ROAMING-POST-0605,320605,BILL-320605,SYN-ROAM-4GB,3,30,MALE,남자,5G-STD-01,5G 스탠다드,A,개통,베트남,20260917,,0,SYN-ROAM-4GB,합성 로밍패스 4GB,A,개통,20260917,20260917,99991231,,,0,0,0,0,2026-09-17T21:00:00,synthetic-seeder
320602,202609,ENTR-ROAMING-POST-0602,320602,BILL-320602,SYN-ROAM-4GB,2,27,FEMALE,여자,5G-STD-01,5G 스탠다드,A,개통,미국,20260917,,0,SYN-ROAM-4GB,합성 로밍패스 4GB,A,개통,20260917,20260917,99991231,20260917,,1,0,122000000,1,2026-09-17T21:00:00,synthetic-seeder
320616,202609,ENTR-ROAMING-POST-0616,320616,BILL-320616,SYN-ROAM-4GB,4,41,FEMALE,여자,5G-STD-01,5G 스탠다드,A,개통,일본,20260917,,0,SYN-ROAM-4GB,합성 로밍패스 4GB,A,개통,20260917,20260917,99991231,20260917,,1,0,136000000,1,2026-09-17T21:00:00,synthetic-seeder
320608,202609,ENTR-ROAMING-POST-0608,320608,BILL-320608,SYN-ROAM-4GB,3,33,FEMALE,여자,5G-STD-01,5G 스탠다드,A,개통,일본,20260917,,0,SYN-ROAM-4GB,합성 로밍패스 4GB,A,개통,20260917,20260917,99991231,20260917,,1,0,128000000,1,2026-09-17T21:00:00,synthetic-seeder
320619,202609,ENTR-ROAMING-POST-0619,320619,BILL-320619,SYN-ROAM-4GB,4,44,MALE,남자,5G-STD-01,5G 스탠다드,A,개통,태국,20260917,,0,SYN-ROAM-4GB,합성 로밍패스 4GB,A,개통,20260917,20260917,99991231,20260917,,1,0,139000000,1,2026-09-17T21:00:00,synthetic-seeder
320607,202609,ENTR-ROAMING-POST-0607,320607,BILL-320607,SYN-ROAM-4GB,3,32,MALE,남자,5G-STD-01,5G 스탠다드,A,개통,태국,20260917,,0,SYN-ROAM-4GB,합성 로밍패스 4GB,A,개통,20260917,20260917,99991231,20260917,,1,0,127000000,1,2026-09-17T21:00:00,synthetic-seeder
320604,202609,ENTR-ROAMING-POST-0604,320604,BILL-320604,SYN-ROAM-4GB,2,29,FEMALE,여자,5G-STD-01,5G 스탠다드,A,개통,일본,20260917,,0,SYN-ROAM-4GB,합성 로밍패스 4GB,A,개통,20260917,20260917,99991231,20260917,,1,0,124000000,1,2026-09-17T21:00:00,synthetic-seeder
320610,202609,ENTR-ROAMING-POST-0610,320610,BILL-320610,SYN-ROAM-4GB,3,35,FEMALE,여자,5G-STD-01,5G 스탠다드,A,개통,미국,20260917,,0,SYN-ROAM-4GB,합성 로밍패스 4GB,A,개통,20260917,20260917,99991231,,,0,0,0,0,2026-09-17T21:00:00,synthetic-seeder
320620,202609,ENTR-ROAMING-POST-0620,320620,BILL-320620,SYN-ROAM-4GB,4,45,FEMALE,여자,5G-STD-01,5G 스탠다드,A,개통,일본,20260917,,0,SYN-ROAM-4GB,합성 로밍패스 4GB,A,개통,20260917,20260917,99991231,,,0,0,0,0,2026-09-17T21:00:00,synthetic-seeder
