P_YYYYMMDD,CZ_LNK_KEY,BASE_DT,MESSAGE_ID,CAMPAIGN_ID,CAMPAIGN_NM,MESSAGE_TEMPLATE_ID,SEND_DTTM,CHANNEL_CD,SEND_RESULT_CD,TARGET_SEGMENT_NM,TARGET_PROD_CD,TARGET_PROD_NM,FEATURE_NM,MESSAGE_CNTN,ENTR_NO,CUST_NO,BQ_LOAD_DTTM,BQ_LOAD_USER_ID
2026-09-07,110001,20260907,CRM-G1-20260907-0001,CMP-G1-OPTION-202609,구글 원 세부 옵션 변경 기능 안내,SMS-G1-OPTION-CHANGE-V1,2026-09-07T08:00:00,SMS,DELIVERED,구글 원 100GB 부가서비스 가입자,VAS-GOOGLEONE-100,구글 원 100GB,구글 원 저장공간 옵션 변경,"구글 원 이용 고객님, 9월부터 저장공간 옵션을 변경할 수 있습니다. 자세한 내용은 U+ 앱에서 확인해 주세요.",ENTR-VAS-BASELINE-0001,110001,2026-09-07T10:00:00,synthetic-seeder
2026-09-07,110002,20260907,CRM-G1-20260907-0002,CMP-G1-OPTION-202609,구글 원 세부 옵션 변경 기능 안내,SMS-G1-OPTION-CHANGE-V1,2026-09-07T08:00:00,SMS,DELIVERED,구글 원 100GB 부가서비스 가입자,VAS-GOOGLEONE-100,구글 원 100GB,구글 원 저장공간 옵션 변경,"구글 원 이용 고객님, 9월부터 저장공간 옵션을 변경할 수 있습니다. 자세한 내용은 U+ 앱에서 확인해 주세요.",ENTR-VAS-BASELINE-0002,110002,2026-09-07T10:00:00,synthetic-seeder
2026-09-07,110003,20260907,CRM-G1-20260907-0003,CMP-G1-OPTION-202609,구글 원 세부 옵션 변경 기능 안내,SMS-G1-OPTION-CHANGE-V1,2026-09-07T08:00:00,SMS,DELIVERED,구글 원 100GB 부가서비스 가입자,VAS-GOOGLEONE-100,구글 원 100GB,구글 원 저장공간 옵션 변경,"구글 원 이용 고객님, 9월부터 저장공간 옵션을 변경할 수 있습니다. 자세한 내용은 U+ 앱에서 확인해 주세요.",ENTR-VAS-BASELINE-0003,110003,2026-09-07T10:00:00,synthetic-seeder
2026-09-07,110004,20260907,CRM-G1-20260907-0004,CMP-G1-OPTION-202609,구글 원 세부 옵션 변경 기능 안내,SMS-G1-OPTION-CHANGE-V1,2026-09-07T08:00:00,SMS,DELIVERED,구글 원 100GB 부가서비스 가입자,VAS-GOOGLEONE-100,구글 원 100GB,구글 원 저장공간 옵션 변경,"구글 원 이용 고객님, 9월부터 저장공간 옵션을 변경할 수 있습니다. 자세한 내용은 U+ 앱에서 확인해 주세요.",ENTR-VAS-BASELINE-0004,110004,2026-09-07T10:00:00,synthetic-seeder
2026-09-07,110005,20260907,CRM-G1-20260907-0005,CMP-G1-OPTION-202609,구글 원 세부 옵션 변경 기능 안내,SMS-G1-OPTION-CHANGE-V1,2026-09-07T08:00:00,SMS,DELIVERED,구글 원 100GB 부가서비스 가입자,VAS-GOOGLEONE-100,구글 원 100GB,구글 원 저장공간 옵션 변경,"구글 원 이용 고객님, 9월부터 저장공간 옵션을 변경할 수 있습니다. 자세한 내용은 U+ 앱에서 확인해 주세요.",ENTR-VAS-BASELINE-0005,110005,2026-09-07T10:00:00,synthetic-seeder
2026-09-07,110006,20260907,CRM-G1-20260907-0006,CMP-G1-OPTION-202609,구글 원 세부 옵션 변경 기능 안내,SMS-G1-OPTION-CHANGE-V1,2026-09-07T08:00:00,SMS,DELIVERED,구글 원 100GB 부가서비스 가입자,VAS-GOOGLEONE-100,구글 원 100GB,구글 원 저장공간 옵션 변경,"구글 원 이용 고객님, 9월부터 저장공간 옵션을 변경할 수 있습니다. 자세한 내용은 U+ 앱에서 확인해 주세요.",ENTR-VAS-BASELINE-0006,110006,2026-09-07T10:00:00,synthetic-seeder
2026-09-07,110007,20260907,CRM-G1-20260907-0007,CMP-G1-OPTION-202609,구글 원 세부 옵션 변경 기능 안내,SMS-G1-OPTION-CHANGE-V1,2026-09-07T08:00:00,SMS,DELIVERED,구글 원 100GB 부가서비스 가입자,VAS-GOOGLEONE-100,구글 원 100GB,구글 원 저장공간 옵션 변경,"구글 원 이용 고객님, 9월부터 저장공간 옵션을 변경할 수 있습니다. 자세한 내용은 U+ 앱에서 확인해 주세요.",ENTR-VAS-BASELINE-0007,110007,2026-09-07T10:00:00,synthetic-seeder
2026-09-07,110008,20260907,CRM-G1-20260907-0008,CMP-G1-OPTION-202609,구글 원 세부 옵션 변경 기능 안내,SMS-G1-OPTION-CHANGE-V1,2026-09-07T08:00:00,SMS,DELIVERED,구글 원 100GB 부가서비스 가입자,VAS-GOOGLEONE-100,구글 원 100GB,구글 원 저장공간 옵션 변경,"구글 원 이용 고객님, 9월부터 저장공간 옵션을 변경할 수 있습니다. 자세한 내용은 U+ 앱에서 확인해 주세요.",ENTR-VAS-BASELINE-0008,110008,2026-09-07T10:00:00,synthetic-seeder
2026-09-07,110009,20260907,CRM-G1-20260907-0009,CMP-G1-OPTION-202609,구글 원 세부 옵션 변경 기능 안내,SMS-G1-OPTION-CHANGE-V1,2026-09-07T08:00:00,SMS,DELIVERED,구글 원 100GB 부가서비스 가입자,VAS-GOOGLEONE-100,구글 원 100GB,구글 원 저장공간 옵션 변경,"구글 원 이용 고객님, 9월부터 저장공간 옵션을 변경할 수 있습니다. 자세한 내용은 U+ 앱에서 확인해 주세요.",ENTR-VAS-BASELINE-0009,110009,2026-09-07T10:00:00,synthetic-seeder
2026-09-07,110010,20260907,CRM-G1-20260907-0010,CMP-G1-OPTION-202609,구글 원 세부 옵션 변경 기능 안내,SMS-G1-OPTION-CHANGE-V1,2026-09-07T08:00:00,SMS,DELIVERED,구글 원 100GB 부가서비스 가입자,VAS-GOOGLEONE-100,구글 원 100GB,구글 원 저장공간 옵션 변경,"구글 원 이용 고객님, 9월부터 저장공간 옵션을 변경할 수 있습니다. 자세한 내용은 U+ 앱에서 확인해 주세요.",ENTR-VAS-BASELINE-0010,110010,2026-09-07T10:00:00,synthetic-seeder
2026-09-07,110011,20260907,CRM-G1-20260907-0011,CMP-G1-OPTION-202609,구글 원 세부 옵션 변경 기능 안내,SMS-G1-OPTION-CHANGE-V1,2026-09-07T08:00:00,SMS,DELIVERED,구글 원 100GB 부가서비스 가입자,VAS-GOOGLEONE-100,구글 원 100GB,구글 원 저장공간 옵션 변경,"구글 원 이용 고객님, 9월부터 저장공간 옵션을 변경할 수 있습니다. 자세한 내용은 U+ 앱에서 확인해 주세요.",ENTR-VAS-BASELINE-0011,110011,2026-09-07T10:00:00,synthetic-seeder
2026-09-07,110012,20260907,CRM-G1-20260907-0012,CMP-G1-OPTION-202609,구글 원 세부 옵션 변경 기능 안내,SMS-G1-OPTION-CHANGE-V1,2026-09-07T08:00:00,SMS,DELIVERED,구글 원 100GB 부가서비스 가입자,VAS-GOOGLEONE-100,구글 원 100GB,구글 원 저장공간 옵션 변경,"구글 원 이용 고객님, 9월부터 저장공간 옵션을 변경할 수 있습니다. 자세한 내용은 U+ 앱에서 확인해 주세요.",ENTR-VAS-BASELINE-0012,110012,2026-09-07T10:00:00,synthetic-seeder
2026-09-07,110013,20260907,CRM-G1-20260907-0013,CMP-G1-OPTION-202609,구글 원 세부 옵션 변경 기능 안내,SMS-G1-OPTION-CHANGE-V1,2026-09-07T08:00:00,SMS,DELIVERED,구글 원 100GB 부가서비스 가입자,VAS-GOOGLEONE-100,구글 원 100GB,구글 원 저장공간 옵션 변경,"구글 원 이용 고객님, 9월부터 저장공간 옵션을 변경할 수 있습니다. 자세한 내용은 U+ 앱에서 확인해 주세요.",ENTR-VAS-BASELINE-0013,110013,2026-09-07T10:00:00,synthetic-seeder
2026-09-07,110014,20260907,CRM-G1-20260907-0014,CMP-G1-OPTION-202609,구글 원 세부 옵션 변경 기능 안내,SMS-G1-OPTION-CHANGE-V1,2026-09-07T08:00:00,SMS,DELIVERED,구글 원 100GB 부가서비스 가입자,VAS-GOOGLEONE-100,구글 원 100GB,구글 원 저장공간 옵션 변경,"구글 원 이용 고객님, 9월부터 저장공간 옵션을 변경할 수 있습니다. 자세한 내용은 U+ 앱에서 확인해 주세요.",ENTR-VAS-BASELINE-0014,110014,2026-09-07T10:00:00,synthetic-seeder
2026-09-07,110015,20260907,CRM-G1-20260907-0015,CMP-G1-OPTION-202609,구글 원 세부 옵션 변경 기능 안내,SMS-G1-OPTION-CHANGE-V1,2026-09-07T08:00:00,SMS,DELIVERED,구글 원 100GB 부가서비스 가입자,VAS-GOOGLEONE-100,구글 원 100GB,구글 원 저장공간 옵션 변경,"구글 원 이용 고객님, 9월부터 저장공간 옵션을 변경할 수 있습니다. 자세한 내용은 U+ 앱에서 확인해 주세요.",ENTR-VAS-BASELINE-0015,110015,2026-09-07T10:00:00,synthetic-seeder
2026-09-07,110016,20260907,CRM-G1-20260907-0016,CMP-G1-OPTION-202609,구글 원 세부 옵션 변경 기능 안내,SMS-G1-OPTION-CHANGE-V1,2026-09-07T08:00:00,SMS,DELIVERED,구글 원 100GB 부가서비스 가입자,VAS-GOOGLEONE-100,구글 원 100GB,구글 원 저장공간 옵션 변경,"구글 원 이용 고객님, 9월부터 저장공간 옵션을 변경할 수 있습니다. 자세한 내용은 U+ 앱에서 확인해 주세요.",ENTR-VAS-BASELINE-0016,110016,2026-09-07T10:00:00,synthetic-seeder
2026-09-07,110017,20260907,CRM-G1-20260907-0017,CMP-G1-OPTION-202609,구글 원 세부 옵션 변경 기능 안내,SMS-G1-OPTION-CHANGE-V1,2026-09-07T08:00:00,SMS,DELIVERED,구글 원 100GB 부가서비스 가입자,VAS-GOOGLEONE-100,구글 원 100GB,구글 원 저장공간 옵션 변경,"구글 원 이용 고객님, 9월부터 저장공간 옵션을 변경할 수 있습니다. 자세한 내용은 U+ 앱에서 확인해 주세요.",ENTR-VAS-BASELINE-0017,110017,2026-09-07T10:00:00,synthetic-seeder
2026-09-07,110018,20260907,CRM-G1-20260907-0018,CMP-G1-OPTION-202609,구글 원 세부 옵션 변경 기능 안내,SMS-G1-OPTION-CHANGE-V1,2026-09-07T08:00:00,SMS,DELIVERED,구글 원 100GB 부가서비스 가입자,VAS-GOOGLEONE-100,구글 원 100GB,구글 원 저장공간 옵션 변경,"구글 원 이용 고객님, 9월부터 저장공간 옵션을 변경할 수 있습니다. 자세한 내용은 U+ 앱에서 확인해 주세요.",ENTR-VAS-BASELINE-0018,110018,2026-09-07T10:00:00,synthetic-seeder
2026-09-07,110019,20260907,CRM-G1-20260907-0019,CMP-G1-OPTION-202609,구글 원 세부 옵션 변경 기능 안내,SMS-G1-OPTION-CHANGE-V1,2026-09-07T08:00:00,SMS,DELIVERED,구글 원 100GB 부가서비스 가입자,VAS-GOOGLEONE-100,구글 원 100GB,구글 원 저장공간 옵션 변경,"구글 원 이용 고객님, 9월부터 저장공간 옵션을 변경할 수 있습니다. 자세한 내용은 U+ 앱에서 확인해 주세요.",ENTR-VAS-BASELINE-0019,110019,2026-09-07T10:00:00,synthetic-seeder
2026-09-07,110020,20260907,CRM-G1-20260907-0020,CMP-G1-OPTION-202609,구글 원 세부 옵션 변경 기능 안내,SMS-G1-OPTION-CHANGE-V1,2026-09-07T08:00:00,SMS,DELIVERED,구글 원 100GB 부가서비스 가입자,VAS-GOOGLEONE-100,구글 원 100GB,구글 원 저장공간 옵션 변경,"구글 원 이용 고객님, 9월부터 저장공간 옵션을 변경할 수 있습니다. 자세한 내용은 U+ 앱에서 확인해 주세요.",ENTR-VAS-BASELINE-0020,110020,2026-09-07T10:00:00,synthetic-seeder
2026-09-07,110021,20260907,CRM-G1-20260907-0021,CMP-G1-OPTION-202609,구글 원 세부 옵션 변경 기능 안내,SMS-G1-OPTION-CHANGE-V1,2026-09-07T08:00:00,SMS,DELIVERED,구글 원 100GB 부가서비스 가입자,VAS-GOOGLEONE-100,구글 원 100GB,구글 원 저장공간 옵션 변경,"구글 원 이용 고객님, 9월부터 저장공간 옵션을 변경할 수 있습니다. 자세한 내용은 U+ 앱에서 확인해 주세요.",ENTR-VAS-BASELINE-0021,110021,2026-09-07T10:00:00,synthetic-seeder
2026-09-07,110022,20260907,CRM-G1-20260907-0022,CMP-G1-OPTION-202609,구글 원 세부 옵션 변경 기능 안내,SMS-G1-OPTION-CHANGE-V1,2026-09-07T08:00:00,SMS,DELIVERED,구글 원 100GB 부가서비스 가입자,VAS-GOOGLEONE-100,구글 원 100GB,구글 원 저장공간 옵션 변경,"구글 원 이용 고객님, 9월부터 저장공간 옵션을 변경할 수 있습니다. 자세한 내용은 U+ 앱에서 확인해 주세요.",ENTR-VAS-BASELINE-0022,110022,2026-09-07T10:00:00,synthetic-seeder
2026-09-07,110023,20260907,CRM-G1-20260907-0023,CMP-G1-OPTION-202609,구글 원 세부 옵션 변경 기능 안내,SMS-G1-OPTION-CHANGE-V1,2026-09-07T08:00:00,SMS,DELIVERED,구글 원 100GB 부가서비스 가입자,VAS-GOOGLEONE-100,구글 원 100GB,구글 원 저장공간 옵션 변경,"구글 원 이용 고객님, 9월부터 저장공간 옵션을 변경할 수 있습니다. 자세한 내용은 U+ 앱에서 확인해 주세요.",ENTR-VAS-BASELINE-0023,110023,2026-09-07T10:00:00,synthetic-seeder
2026-09-07,110024,20260907,CRM-G1-20260907-0024,CMP-G1-OPTION-202609,구글 원 세부 옵션 변경 기능 안내,SMS-G1-OPTION-CHANGE-V1,2026-09-07T08:00:00,SMS,DELIVERED,구글 원 100GB 부가서비스 가입자,VAS-GOOGLEONE-100,구글 원 100GB,구글 원 저장공간 옵션 변경,"구글 원 이용 고객님, 9월부터 저장공간 옵션을 변경할 수 있습니다. 자세한 내용은 U+ 앱에서 확인해 주세요.",ENTR-VAS-BASELINE-0024,110024,2026-09-07T10:00:00,synthetic-seeder
2026-09-07,110025,20260907,CRM-G1-20260907-0025,CMP-G1-OPTION-202609,구글 원 세부 옵션 변경 기능 안내,SMS-G1-OPTION-CHANGE-V1,2026-09-07T08:00:00,SMS,DELIVERED,구글 원 100GB 부가서비스 가입자,VAS-GOOGLEONE-100,구글 원 100GB,구글 원 저장공간 옵션 변경,"구글 원 이용 고객님, 9월부터 저장공간 옵션을 변경할 수 있습니다. 자세한 내용은 U+ 앱에서 확인해 주세요.",ENTR-VAS-BASELINE-0025,110025,2026-09-07T10:00:00,synthetic-seeder
2026-09-07,110026,20260907,CRM-G1-20260907-0026,CMP-G1-OPTION-202609,구글 원 세부 옵션 변경 기능 안내,SMS-G1-OPTION-CHANGE-V1,2026-09-07T08:00:00,SMS,DELIVERED,구글 원 100GB 부가서비스 가입자,VAS-GOOGLEONE-100,구글 원 100GB,구글 원 저장공간 옵션 변경,"구글 원 이용 고객님, 9월부터 저장공간 옵션을 변경할 수 있습니다. 자세한 내용은 U+ 앱에서 확인해 주세요.",ENTR-VAS-BASELINE-0026,110026,2026-09-07T10:00:00,synthetic-seeder
2026-09-07,110027,20260907,CRM-G1-20260907-0027,CMP-G1-OPTION-202609,구글 원 세부 옵션 변경 기능 안내,SMS-G1-OPTION-CHANGE-V1,2026-09-07T08:00:00,SMS,DELIVERED,구글 원 100GB 부가서비스 가입자,VAS-GOOGLEONE-100,구글 원 100GB,구글 원 저장공간 옵션 변경,"구글 원 이용 고객님, 9월부터 저장공간 옵션을 변경할 수 있습니다. 자세한 내용은 U+ 앱에서 확인해 주세요.",ENTR-VAS-BASELINE-0027,110027,2026-09-07T10:00:00,synthetic-seeder
2026-09-07,110028,20260907,CRM-G1-20260907-0028,CMP-G1-OPTION-202609,구글 원 세부 옵션 변경 기능 안내,SMS-G1-OPTION-CHANGE-V1,2026-09-07T08:00:00,SMS,DELIVERED,구글 원 100GB 부가서비스 가입자,VAS-GOOGLEONE-100,구글 원 100GB,구글 원 저장공간 옵션 변경,"구글 원 이용 고객님, 9월부터 저장공간 옵션을 변경할 수 있습니다. 자세한 내용은 U+ 앱에서 확인해 주세요.",ENTR-VAS-BASELINE-0028,110028,2026-09-07T10:00:00,synthetic-seeder
2026-09-07,110029,20260907,CRM-G1-20260907-0029,CMP-G1-OPTION-202609,구글 원 세부 옵션 변경 기능 안내,SMS-G1-OPTION-CHANGE-V1,2026-09-07T08:00:00,SMS,DELIVERED,구글 원 100GB 부가서비스 가입자,VAS-GOOGLEONE-100,구글 원 100GB,구글 원 저장공간 옵션 변경,"구글 원 이용 고객님, 9월부터 저장공간 옵션을 변경할 수 있습니다. 자세한 내용은 U+ 앱에서 확인해 주세요.",ENTR-VAS-BASELINE-0029,110029,2026-09-07T10:00:00,synthetic-seeder
2026-09-07,110030,20260907,CRM-G1-20260907-0030,CMP-G1-OPTION-202609,구글 원 세부 옵션 변경 기능 안내,SMS-G1-OPTION-CHANGE-V1,2026-09-07T08:00:00,SMS,DELIVERED,구글 원 100GB 부가서비스 가입자,VAS-GOOGLEONE-100,구글 원 100GB,구글 원 저장공간 옵션 변경,"구글 원 이용 고객님, 9월부터 저장공간 옵션을 변경할 수 있습니다. 자세한 내용은 U+ 앱에서 확인해 주세요.",ENTR-VAS-BASELINE-0030,110030,2026-09-07T10:00:00,synthetic-seeder
2026-09-07,110031,20260907,CRM-G1-20260907-0031,CMP-G1-OPTION-202609,구글 원 세부 옵션 변경 기능 안내,SMS-G1-OPTION-CHANGE-V1,2026-09-07T08:00:00,SMS,DELIVERED,구글 원 100GB 부가서비스 가입자,VAS-GOOGLEONE-100,구글 원 100GB,구글 원 저장공간 옵션 변경,"구글 원 이용 고객님, 9월부터 저장공간 옵션을 변경할 수 있습니다. 자세한 내용은 U+ 앱에서 확인해 주세요.",ENTR-VAS-BASELINE-0031,110031,2026-09-07T10:00:00,synthetic-seeder
2026-09-07,110032,20260907,CRM-G1-20260907-0032,CMP-G1-OPTION-202609,구글 원 세부 옵션 변경 기능 안내,SMS-G1-OPTION-CHANGE-V1,2026-09-07T08:00:00,SMS,DELIVERED,구글 원 100GB 부가서비스 가입자,VAS-GOOGLEONE-100,구글 원 100GB,구글 원 저장공간 옵션 변경,"구글 원 이용 고객님, 9월부터 저장공간 옵션을 변경할 수 있습니다. 자세한 내용은 U+ 앱에서 확인해 주세요.",ENTR-VAS-BASELINE-0032,110032,2026-09-07T10:00:00,synthetic-seeder
2026-09-07,110033,20260907,CRM-G1-20260907-0033,CMP-G1-OPTION-202609,구글 원 세부 옵션 변경 기능 안내,SMS-G1-OPTION-CHANGE-V1,2026-09-07T08:00:00,SMS,DELIVERED,구글 원 100GB 부가서비스 가입자,VAS-GOOGLEONE-100,구글 원 100GB,구글 원 저장공간 옵션 변경,"구글 원 이용 고객님, 9월부터 저장공간 옵션을 변경할 수 있습니다. 자세한 내용은 U+ 앱에서 확인해 주세요.",ENTR-VAS-BASELINE-0033,110033,2026-09-07T10:00:00,synthetic-seeder
2026-09-07,110034,20260907,CRM-G1-20260907-0034,CMP-G1-OPTION-202609,구글 원 세부 옵션 변경 기능 안내,SMS-G1-OPTION-CHANGE-V1,2026-09-07T08:00:00,SMS,DELIVERED,구글 원 100GB 부가서비스 가입자,VAS-GOOGLEONE-100,구글 원 100GB,구글 원 저장공간 옵션 변경,"구글 원 이용 고객님, 9월부터 저장공간 옵션을 변경할 수 있습니다. 자세한 내용은 U+ 앱에서 확인해 주세요.",ENTR-VAS-BASELINE-0034,110034,2026-09-07T10:00:00,synthetic-seeder
2026-09-07,110035,20260907,CRM-G1-20260907-0035,CMP-G1-OPTION-202609,구글 원 세부 옵션 변경 기능 안내,SMS-G1-OPTION-CHANGE-V1,2026-09-07T08:00:00,SMS,DELIVERED,구글 원 100GB 부가서비스 가입자,VAS-GOOGLEONE-100,구글 원 100GB,구글 원 저장공간 옵션 변경,"구글 원 이용 고객님, 9월부터 저장공간 옵션을 변경할 수 있습니다. 자세한 내용은 U+ 앱에서 확인해 주세요.",ENTR-VAS-BASELINE-0035,110035,2026-09-07T10:00:00,synthetic-seeder
2026-09-07,110036,20260907,CRM-G1-20260907-0036,CMP-G1-OPTION-202609,구글 원 세부 옵션 변경 기능 안내,SMS-G1-OPTION-CHANGE-V1,2026-09-07T08:00:00,SMS,DELIVERED,구글 원 100GB 부가서비스 가입자,VAS-GOOGLEONE-100,구글 원 100GB,구글 원 저장공간 옵션 변경,"구글 원 이용 고객님, 9월부터 저장공간 옵션을 변경할 수 있습니다. 자세한 내용은 U+ 앱에서 확인해 주세요.",ENTR-VAS-BASELINE-0036,110036,2026-09-07T10:00:00,synthetic-seeder
2026-09-07,110037,20260907,CRM-G1-20260907-0037,CMP-G1-OPTION-202609,구글 원 세부 옵션 변경 기능 안내,SMS-G1-OPTION-CHANGE-V1,2026-09-07T08:00:00,SMS,DELIVERED,구글 원 100GB 부가서비스 가입자,VAS-GOOGLEONE-100,구글 원 100GB,구글 원 저장공간 옵션 변경,"구글 원 이용 고객님, 9월부터 저장공간 옵션을 변경할 수 있습니다. 자세한 내용은 U+ 앱에서 확인해 주세요.",ENTR-VAS-BASELINE-0037,110037,2026-09-07T10:00:00,synthetic-seeder
2026-09-07,110038,20260907,CRM-G1-20260907-0038,CMP-G1-OPTION-202609,구글 원 세부 옵션 변경 기능 안내,SMS-G1-OPTION-CHANGE-V1,2026-09-07T08:00:00,SMS,DELIVERED,구글 원 100GB 부가서비스 가입자,VAS-GOOGLEONE-100,구글 원 100GB,구글 원 저장공간 옵션 변경,"구글 원 이용 고객님, 9월부터 저장공간 옵션을 변경할 수 있습니다. 자세한 내용은 U+ 앱에서 확인해 주세요.",ENTR-VAS-BASELINE-0038,110038,2026-09-07T10:00:00,synthetic-seeder
2026-09-07,110039,20260907,CRM-G1-20260907-0039,CMP-G1-OPTION-202609,구글 원 세부 옵션 변경 기능 안내,SMS-G1-OPTION-CHANGE-V1,2026-09-07T08:00:00,SMS,DELIVERED,구글 원 100GB 부가서비스 가입자,VAS-GOOGLEONE-100,구글 원 100GB,구글 원 저장공간 옵션 변경,"구글 원 이용 고객님, 9월부터 저장공간 옵션을 변경할 수 있습니다. 자세한 내용은 U+ 앱에서 확인해 주세요.",ENTR-VAS-BASELINE-0039,110039,2026-09-07T10:00:00,synthetic-seeder
2026-09-07,110040,20260907,CRM-G1-20260907-0040,CMP-G1-OPTION-202609,구글 원 세부 옵션 변경 기능 안내,SMS-G1-OPTION-CHANGE-V1,2026-09-07T08:00:00,SMS,DELIVERED,구글 원 100GB 부가서비스 가입자,VAS-GOOGLEONE-100,구글 원 100GB,구글 원 저장공간 옵션 변경,"구글 원 이용 고객님, 9월부터 저장공간 옵션을 변경할 수 있습니다. 자세한 내용은 U+ 앱에서 확인해 주세요.",ENTR-VAS-BASELINE-0040,110040,2026-09-07T10:00:00,synthetic-seeder
2026-09-07,110041,20260907,CRM-G1-20260907-0041,CMP-G1-OPTION-202609,구글 원 세부 옵션 변경 기능 안내,SMS-G1-OPTION-CHANGE-V1,2026-09-07T08:00:00,SMS,DELIVERED,구글 원 100GB 부가서비스 가입자,VAS-GOOGLEONE-100,구글 원 100GB,구글 원 저장공간 옵션 변경,"구글 원 이용 고객님, 9월부터 저장공간 옵션을 변경할 수 있습니다. 자세한 내용은 U+ 앱에서 확인해 주세요.",ENTR-VAS-BASELINE-0041,110041,2026-09-07T10:00:00,synthetic-seeder
2026-09-07,110042,20260907,CRM-G1-20260907-0042,CMP-G1-OPTION-202609,구글 원 세부 옵션 변경 기능 안내,SMS-G1-OPTION-CHANGE-V1,2026-09-07T08:00:00,SMS,DELIVERED,구글 원 100GB 부가서비스 가입자,VAS-GOOGLEONE-100,구글 원 100GB,구글 원 저장공간 옵션 변경,"구글 원 이용 고객님, 9월부터 저장공간 옵션을 변경할 수 있습니다. 자세한 내용은 U+ 앱에서 확인해 주세요.",ENTR-VAS-BASELINE-0042,110042,2026-09-07T10:00:00,synthetic-seeder
2026-09-07,110043,20260907,CRM-G1-20260907-0043,CMP-G1-OPTION-202609,구글 원 세부 옵션 변경 기능 안내,SMS-G1-OPTION-CHANGE-V1,2026-09-07T08:00:00,SMS,DELIVERED,구글 원 100GB 부가서비스 가입자,VAS-GOOGLEONE-100,구글 원 100GB,구글 원 저장공간 옵션 변경,"구글 원 이용 고객님, 9월부터 저장공간 옵션을 변경할 수 있습니다. 자세한 내용은 U+ 앱에서 확인해 주세요.",ENTR-VAS-BASELINE-0043,110043,2026-09-07T10:00:00,synthetic-seeder
2026-09-07,110044,20260907,CRM-G1-20260907-0044,CMP-G1-OPTION-202609,구글 원 세부 옵션 변경 기능 안내,SMS-G1-OPTION-CHANGE-V1,2026-09-07T08:00:00,SMS,DELIVERED,구글 원 100GB 부가서비스 가입자,VAS-GOOGLEONE-100,구글 원 100GB,구글 원 저장공간 옵션 변경,"구글 원 이용 고객님, 9월부터 저장공간 옵션을 변경할 수 있습니다. 자세한 내용은 U+ 앱에서 확인해 주세요.",ENTR-VAS-BASELINE-0044,110044,2026-09-07T10:00:00,synthetic-seeder
2026-09-07,110045,20260907,CRM-G1-20260907-0045,CMP-G1-OPTION-202609,구글 원 세부 옵션 변경 기능 안내,SMS-G1-OPTION-CHANGE-V1,2026-09-07T08:00:00,SMS,DELIVERED,구글 원 100GB 부가서비스 가입자,VAS-GOOGLEONE-100,구글 원 100GB,구글 원 저장공간 옵션 변경,"구글 원 이용 고객님, 9월부터 저장공간 옵션을 변경할 수 있습니다. 자세한 내용은 U+ 앱에서 확인해 주세요.",ENTR-VAS-BASELINE-0045,110045,2026-09-07T10:00:00,synthetic-seeder
2026-09-07,110046,20260907,CRM-G1-20260907-0046,CMP-G1-OPTION-202609,구글 원 세부 옵션 변경 기능 안내,SMS-G1-OPTION-CHANGE-V1,2026-09-07T08:00:00,SMS,DELIVERED,구글 원 100GB 부가서비스 가입자,VAS-GOOGLEONE-100,구글 원 100GB,구글 원 저장공간 옵션 변경,"구글 원 이용 고객님, 9월부터 저장공간 옵션을 변경할 수 있습니다. 자세한 내용은 U+ 앱에서 확인해 주세요.",ENTR-VAS-BASELINE-0046,110046,2026-09-07T10:00:00,synthetic-seeder
2026-09-07,110047,20260907,CRM-G1-20260907-0047,CMP-G1-OPTION-202609,구글 원 세부 옵션 변경 기능 안내,SMS-G1-OPTION-CHANGE-V1,2026-09-07T08:00:00,SMS,DELIVERED,구글 원 100GB 부가서비스 가입자,VAS-GOOGLEONE-100,구글 원 100GB,구글 원 저장공간 옵션 변경,"구글 원 이용 고객님, 9월부터 저장공간 옵션을 변경할 수 있습니다. 자세한 내용은 U+ 앱에서 확인해 주세요.",ENTR-VAS-BASELINE-0047,110047,2026-09-07T10:00:00,synthetic-seeder
2026-09-07,110048,20260907,CRM-G1-20260907-0048,CMP-G1-OPTION-202609,구글 원 세부 옵션 변경 기능 안내,SMS-G1-OPTION-CHANGE-V1,2026-09-07T08:00:00,SMS,DELIVERED,구글 원 100GB 부가서비스 가입자,VAS-GOOGLEONE-100,구글 원 100GB,구글 원 저장공간 옵션 변경,"구글 원 이용 고객님, 9월부터 저장공간 옵션을 변경할 수 있습니다. 자세한 내용은 U+ 앱에서 확인해 주세요.",ENTR-VAS-BASELINE-0048,110048,2026-09-07T10:00:00,synthetic-seeder
2026-09-07,110049,20260907,CRM-G1-20260907-0049,CMP-G1-OPTION-202609,구글 원 세부 옵션 변경 기능 안내,SMS-G1-OPTION-CHANGE-V1,2026-09-07T08:00:00,SMS,DELIVERED,구글 원 100GB 부가서비스 가입자,VAS-GOOGLEONE-100,구글 원 100GB,구글 원 저장공간 옵션 변경,"구글 원 이용 고객님, 9월부터 저장공간 옵션을 변경할 수 있습니다. 자세한 내용은 U+ 앱에서 확인해 주세요.",ENTR-VAS-BASELINE-0049,110049,2026-09-07T10:00:00,synthetic-seeder
2026-09-07,110050,20260907,CRM-G1-20260907-0050,CMP-G1-OPTION-202609,구글 원 세부 옵션 변경 기능 안내,SMS-G1-OPTION-CHANGE-V1,2026-09-07T08:00:00,SMS,DELIVERED,구글 원 100GB 부가서비스 가입자,VAS-GOOGLEONE-100,구글 원 100GB,구글 원 저장공간 옵션 변경,"구글 원 이용 고객님, 9월부터 저장공간 옵션을 변경할 수 있습니다. 자세한 내용은 U+ 앱에서 확인해 주세요.",ENTR-VAS-BASELINE-0050,110050,2026-09-07T10:00:00,synthetic-seeder
2026-09-07,110051,20260907,CRM-G1-20260907-0051,CMP-G1-OPTION-202609,구글 원 세부 옵션 변경 기능 안내,SMS-G1-OPTION-CHANGE-V1,2026-09-07T08:00:00,SMS,DELIVERED,구글 원 100GB 부가서비스 가입자,VAS-GOOGLEONE-100,구글 원 100GB,구글 원 저장공간 옵션 변경,"구글 원 이용 고객님, 9월부터 저장공간 옵션을 변경할 수 있습니다. 자세한 내용은 U+ 앱에서 확인해 주세요.",ENTR-VAS-BASELINE-0051,110051,2026-09-07T10:00:00,synthetic-seeder
2026-09-07,110052,20260907,CRM-G1-20260907-0052,CMP-G1-OPTION-202609,구글 원 세부 옵션 변경 기능 안내,SMS-G1-OPTION-CHANGE-V1,2026-09-07T08:00:00,SMS,DELIVERED,구글 원 100GB 부가서비스 가입자,VAS-GOOGLEONE-100,구글 원 100GB,구글 원 저장공간 옵션 변경,"구글 원 이용 고객님, 9월부터 저장공간 옵션을 변경할 수 있습니다. 자세한 내용은 U+ 앱에서 확인해 주세요.",ENTR-VAS-BASELINE-0052,110052,2026-09-07T10:00:00,synthetic-seeder
2026-09-07,110053,20260907,CRM-G1-20260907-0053,CMP-G1-OPTION-202609,구글 원 세부 옵션 변경 기능 안내,SMS-G1-OPTION-CHANGE-V1,2026-09-07T08:00:00,SMS,DELIVERED,구글 원 100GB 부가서비스 가입자,VAS-GOOGLEONE-100,구글 원 100GB,구글 원 저장공간 옵션 변경,"구글 원 이용 고객님, 9월부터 저장공간 옵션을 변경할 수 있습니다. 자세한 내용은 U+ 앱에서 확인해 주세요.",ENTR-VAS-BASELINE-0053,110053,2026-09-07T10:00:00,synthetic-seeder
2026-09-07,110054,20260907,CRM-G1-20260907-0054,CMP-G1-OPTION-202609,구글 원 세부 옵션 변경 기능 안내,SMS-G1-OPTION-CHANGE-V1,2026-09-07T08:00:00,SMS,DELIVERED,구글 원 100GB 부가서비스 가입자,VAS-GOOGLEONE-100,구글 원 100GB,구글 원 저장공간 옵션 변경,"구글 원 이용 고객님, 9월부터 저장공간 옵션을 변경할 수 있습니다. 자세한 내용은 U+ 앱에서 확인해 주세요.",ENTR-VAS-BASELINE-0054,110054,2026-09-07T10:00:00,synthetic-seeder
2026-09-07,110055,20260907,CRM-G1-20260907-0055,CMP-G1-OPTION-202609,구글 원 세부 옵션 변경 기능 안내,SMS-G1-OPTION-CHANGE-V1,2026-09-07T08:00:00,SMS,DELIVERED,구글 원 100GB 부가서비스 가입자,VAS-GOOGLEONE-100,구글 원 100GB,구글 원 저장공간 옵션 변경,"구글 원 이용 고객님, 9월부터 저장공간 옵션을 변경할 수 있습니다. 자세한 내용은 U+ 앱에서 확인해 주세요.",ENTR-VAS-BASELINE-0055,110055,2026-09-07T10:00:00,synthetic-seeder
2026-09-07,110056,20260907,CRM-G1-20260907-0056,CMP-G1-OPTION-202609,구글 원 세부 옵션 변경 기능 안내,SMS-G1-OPTION-CHANGE-V1,2026-09-07T08:00:00,SMS,DELIVERED,구글 원 100GB 부가서비스 가입자,VAS-GOOGLEONE-100,구글 원 100GB,구글 원 저장공간 옵션 변경,"구글 원 이용 고객님, 9월부터 저장공간 옵션을 변경할 수 있습니다. 자세한 내용은 U+ 앱에서 확인해 주세요.",ENTR-VAS-BASELINE-0056,110056,2026-09-07T10:00:00,synthetic-seeder
2026-09-07,110057,20260907,CRM-G1-20260907-0057,CMP-G1-OPTION-202609,구글 원 세부 옵션 변경 기능 안내,SMS-G1-OPTION-CHANGE-V1,2026-09-07T08:00:00,SMS,DELIVERED,구글 원 100GB 부가서비스 가입자,VAS-GOOGLEONE-100,구글 원 100GB,구글 원 저장공간 옵션 변경,"구글 원 이용 고객님, 9월부터 저장공간 옵션을 변경할 수 있습니다. 자세한 내용은 U+ 앱에서 확인해 주세요.",ENTR-VAS-BASELINE-0057,110057,2026-09-07T10:00:00,synthetic-seeder
2026-09-07,110058,20260907,CRM-G1-20260907-0058,CMP-G1-OPTION-202609,구글 원 세부 옵션 변경 기능 안내,SMS-G1-OPTION-CHANGE-V1,2026-09-07T08:00:00,SMS,DELIVERED,구글 원 100GB 부가서비스 가입자,VAS-GOOGLEONE-100,구글 원 100GB,구글 원 저장공간 옵션 변경,"구글 원 이용 고객님, 9월부터 저장공간 옵션을 변경할 수 있습니다. 자세한 내용은 U+ 앱에서 확인해 주세요.",ENTR-VAS-BASELINE-0058,110058,2026-09-07T10:00:00,synthetic-seeder
2026-09-07,110059,20260907,CRM-G1-20260907-0059,CMP-G1-OPTION-202609,구글 원 세부 옵션 변경 기능 안내,SMS-G1-OPTION-CHANGE-V1,2026-09-07T08:00:00,SMS,DELIVERED,구글 원 100GB 부가서비스 가입자,VAS-GOOGLEONE-100,구글 원 100GB,구글 원 저장공간 옵션 변경,"구글 원 이용 고객님, 9월부터 저장공간 옵션을 변경할 수 있습니다. 자세한 내용은 U+ 앱에서 확인해 주세요.",ENTR-VAS-BASELINE-0059,110059,2026-09-07T10:00:00,synthetic-seeder
2026-09-07,110060,20260907,CRM-G1-20260907-0060,CMP-G1-OPTION-202609,구글 원 세부 옵션 변경 기능 안내,SMS-G1-OPTION-CHANGE-V1,2026-09-07T08:00:00,SMS,DELIVERED,구글 원 100GB 부가서비스 가입자,VAS-GOOGLEONE-100,구글 원 100GB,구글 원 저장공간 옵션 변경,"구글 원 이용 고객님, 9월부터 저장공간 옵션을 변경할 수 있습니다. 자세한 내용은 U+ 앱에서 확인해 주세요.",ENTR-VAS-BASELINE-0060,110060,2026-09-07T10:00:00,synthetic-seeder
2026-09-07,110061,20260907,CRM-G1-20260907-0061,CMP-G1-OPTION-202609,구글 원 세부 옵션 변경 기능 안내,SMS-G1-OPTION-CHANGE-V1,2026-09-07T08:00:00,SMS,DELIVERED,구글 원 100GB 부가서비스 가입자,VAS-GOOGLEONE-100,구글 원 100GB,구글 원 저장공간 옵션 변경,"구글 원 이용 고객님, 9월부터 저장공간 옵션을 변경할 수 있습니다. 자세한 내용은 U+ 앱에서 확인해 주세요.",ENTR-VAS-BASELINE-0061,110061,2026-09-07T10:00:00,synthetic-seeder
2026-09-07,110062,20260907,CRM-G1-20260907-0062,CMP-G1-OPTION-202609,구글 원 세부 옵션 변경 기능 안내,SMS-G1-OPTION-CHANGE-V1,2026-09-07T08:00:00,SMS,DELIVERED,구글 원 100GB 부가서비스 가입자,VAS-GOOGLEONE-100,구글 원 100GB,구글 원 저장공간 옵션 변경,"구글 원 이용 고객님, 9월부터 저장공간 옵션을 변경할 수 있습니다. 자세한 내용은 U+ 앱에서 확인해 주세요.",ENTR-VAS-BASELINE-0062,110062,2026-09-07T10:00:00,synthetic-seeder
2026-09-07,110063,20260907,CRM-G1-20260907-0063,CMP-G1-OPTION-202609,구글 원 세부 옵션 변경 기능 안내,SMS-G1-OPTION-CHANGE-V1,2026-09-07T08:00:00,SMS,DELIVERED,구글 원 100GB 부가서비스 가입자,VAS-GOOGLEONE-100,구글 원 100GB,구글 원 저장공간 옵션 변경,"구글 원 이용 고객님, 9월부터 저장공간 옵션을 변경할 수 있습니다. 자세한 내용은 U+ 앱에서 확인해 주세요.",ENTR-VAS-BASELINE-0063,110063,2026-09-07T10:00:00,synthetic-seeder
2026-09-07,110064,20260907,CRM-G1-20260907-0064,CMP-G1-OPTION-202609,구글 원 세부 옵션 변경 기능 안내,SMS-G1-OPTION-CHANGE-V1,2026-09-07T08:00:00,SMS,DELIVERED,구글 원 100GB 부가서비스 가입자,VAS-GOOGLEONE-100,구글 원 100GB,구글 원 저장공간 옵션 변경,"구글 원 이용 고객님, 9월부터 저장공간 옵션을 변경할 수 있습니다. 자세한 내용은 U+ 앱에서 확인해 주세요.",ENTR-VAS-BASELINE-0064,110064,2026-09-07T10:00:00,synthetic-seeder
2026-09-07,110065,20260907,CRM-G1-20260907-0065,CMP-G1-OPTION-202609,구글 원 세부 옵션 변경 기능 안내,SMS-G1-OPTION-CHANGE-V1,2026-09-07T08:00:00,SMS,DELIVERED,구글 원 100GB 부가서비스 가입자,VAS-GOOGLEONE-100,구글 원 100GB,구글 원 저장공간 옵션 변경,"구글 원 이용 고객님, 9월부터 저장공간 옵션을 변경할 수 있습니다. 자세한 내용은 U+ 앱에서 확인해 주세요.",ENTR-VAS-BASELINE-0065,110065,2026-09-07T10:00:00,synthetic-seeder
2026-09-07,110066,20260907,CRM-G1-20260907-0066,CMP-G1-OPTION-202609,구글 원 세부 옵션 변경 기능 안내,SMS-G1-OPTION-CHANGE-V1,2026-09-07T08:00:00,SMS,DELIVERED,구글 원 100GB 부가서비스 가입자,VAS-GOOGLEONE-100,구글 원 100GB,구글 원 저장공간 옵션 변경,"구글 원 이용 고객님, 9월부터 저장공간 옵션을 변경할 수 있습니다. 자세한 내용은 U+ 앱에서 확인해 주세요.",ENTR-VAS-BASELINE-0066,110066,2026-09-07T10:00:00,synthetic-seeder
2026-09-07,110067,20260907,CRM-G1-20260907-0067,CMP-G1-OPTION-202609,구글 원 세부 옵션 변경 기능 안내,SMS-G1-OPTION-CHANGE-V1,2026-09-07T08:00:00,SMS,DELIVERED,구글 원 100GB 부가서비스 가입자,VAS-GOOGLEONE-100,구글 원 100GB,구글 원 저장공간 옵션 변경,"구글 원 이용 고객님, 9월부터 저장공간 옵션을 변경할 수 있습니다. 자세한 내용은 U+ 앱에서 확인해 주세요.",ENTR-VAS-BASELINE-0067,110067,2026-09-07T10:00:00,synthetic-seeder
2026-09-07,110068,20260907,CRM-G1-20260907-0068,CMP-G1-OPTION-202609,구글 원 세부 옵션 변경 기능 안내,SMS-G1-OPTION-CHANGE-V1,2026-09-07T08:00:00,SMS,DELIVERED,구글 원 100GB 부가서비스 가입자,VAS-GOOGLEONE-100,구글 원 100GB,구글 원 저장공간 옵션 변경,"구글 원 이용 고객님, 9월부터 저장공간 옵션을 변경할 수 있습니다. 자세한 내용은 U+ 앱에서 확인해 주세요.",ENTR-VAS-BASELINE-0068,110068,2026-09-07T10:00:00,synthetic-seeder
2026-09-07,110069,20260907,CRM-G1-20260907-0069,CMP-G1-OPTION-202609,구글 원 세부 옵션 변경 기능 안내,SMS-G1-OPTION-CHANGE-V1,2026-09-07T08:00:00,SMS,DELIVERED,구글 원 100GB 부가서비스 가입자,VAS-GOOGLEONE-100,구글 원 100GB,구글 원 저장공간 옵션 변경,"구글 원 이용 고객님, 9월부터 저장공간 옵션을 변경할 수 있습니다. 자세한 내용은 U+ 앱에서 확인해 주세요.",ENTR-VAS-BASELINE-0069,110069,2026-09-07T10:00:00,synthetic-seeder
2026-09-07,110070,20260907,CRM-G1-20260907-0070,CMP-G1-OPTION-202609,구글 원 세부 옵션 변경 기능 안내,SMS-G1-OPTION-CHANGE-V1,2026-09-07T08:00:00,SMS,DELIVERED,구글 원 100GB 부가서비스 가입자,VAS-GOOGLEONE-100,구글 원 100GB,구글 원 저장공간 옵션 변경,"구글 원 이용 고객님, 9월부터 저장공간 옵션을 변경할 수 있습니다. 자세한 내용은 U+ 앱에서 확인해 주세요.",ENTR-VAS-BASELINE-0070,110070,2026-09-07T10:00:00,synthetic-seeder
2026-09-07,110071,20260907,CRM-G1-20260907-0071,CMP-G1-OPTION-202609,구글 원 세부 옵션 변경 기능 안내,SMS-G1-OPTION-CHANGE-V1,2026-09-07T08:00:00,SMS,DELIVERED,구글 원 100GB 부가서비스 가입자,VAS-GOOGLEONE-100,구글 원 100GB,구글 원 저장공간 옵션 변경,"구글 원 이용 고객님, 9월부터 저장공간 옵션을 변경할 수 있습니다. 자세한 내용은 U+ 앱에서 확인해 주세요.",ENTR-VAS-BASELINE-0071,110071,2026-09-07T10:00:00,synthetic-seeder
2026-09-07,110072,20260907,CRM-G1-20260907-0072,CMP-G1-OPTION-202609,구글 원 세부 옵션 변경 기능 안내,SMS-G1-OPTION-CHANGE-V1,2026-09-07T08:00:00,SMS,DELIVERED,구글 원 100GB 부가서비스 가입자,VAS-GOOGLEONE-100,구글 원 100GB,구글 원 저장공간 옵션 변경,"구글 원 이용 고객님, 9월부터 저장공간 옵션을 변경할 수 있습니다. 자세한 내용은 U+ 앱에서 확인해 주세요.",ENTR-VAS-BASELINE-0072,110072,2026-09-07T10:00:00,synthetic-seeder
2026-09-07,110073,20260907,CRM-G1-20260907-0073,CMP-G1-OPTION-202609,구글 원 세부 옵션 변경 기능 안내,SMS-G1-OPTION-CHANGE-V1,2026-09-07T08:00:00,SMS,DELIVERED,구글 원 100GB 부가서비스 가입자,VAS-GOOGLEONE-100,구글 원 100GB,구글 원 저장공간 옵션 변경,"구글 원 이용 고객님, 9월부터 저장공간 옵션을 변경할 수 있습니다. 자세한 내용은 U+ 앱에서 확인해 주세요.",ENTR-VAS-BASELINE-0073,110073,2026-09-07T10:00:00,synthetic-seeder
2026-09-07,110074,20260907,CRM-G1-20260907-0074,CMP-G1-OPTION-202609,구글 원 세부 옵션 변경 기능 안내,SMS-G1-OPTION-CHANGE-V1,2026-09-07T08:00:00,SMS,DELIVERED,구글 원 100GB 부가서비스 가입자,VAS-GOOGLEONE-100,구글 원 100GB,구글 원 저장공간 옵션 변경,"구글 원 이용 고객님, 9월부터 저장공간 옵션을 변경할 수 있습니다. 자세한 내용은 U+ 앱에서 확인해 주세요.",ENTR-VAS-BASELINE-0074,110074,2026-09-07T10:00:00,synthetic-seeder
2026-09-07,110075,20260907,CRM-G1-20260907-0075,CMP-G1-OPTION-202609,구글 원 세부 옵션 변경 기능 안내,SMS-G1-OPTION-CHANGE-V1,2026-09-07T08:00:00,SMS,DELIVERED,구글 원 100GB 부가서비스 가입자,VAS-GOOGLEONE-100,구글 원 100GB,구글 원 저장공간 옵션 변경,"구글 원 이용 고객님, 9월부터 저장공간 옵션을 변경할 수 있습니다. 자세한 내용은 U+ 앱에서 확인해 주세요.",ENTR-VAS-BASELINE-0075,110075,2026-09-07T10:00:00,synthetic-seeder
2026-09-07,110076,20260907,CRM-G1-20260907-0076,CMP-G1-OPTION-202609,구글 원 세부 옵션 변경 기능 안내,SMS-G1-OPTION-CHANGE-V1,2026-09-07T08:00:00,SMS,DELIVERED,구글 원 100GB 부가서비스 가입자,VAS-GOOGLEONE-100,구글 원 100GB,구글 원 저장공간 옵션 변경,"구글 원 이용 고객님, 9월부터 저장공간 옵션을 변경할 수 있습니다. 자세한 내용은 U+ 앱에서 확인해 주세요.",ENTR-VAS-BASELINE-0076,110076,2026-09-07T10:00:00,synthetic-seeder
2026-09-07,110077,20260907,CRM-G1-20260907-0077,CMP-G1-OPTION-202609,구글 원 세부 옵션 변경 기능 안내,SMS-G1-OPTION-CHANGE-V1,2026-09-07T08:00:00,SMS,DELIVERED,구글 원 100GB 부가서비스 가입자,VAS-GOOGLEONE-100,구글 원 100GB,구글 원 저장공간 옵션 변경,"구글 원 이용 고객님, 9월부터 저장공간 옵션을 변경할 수 있습니다. 자세한 내용은 U+ 앱에서 확인해 주세요.",ENTR-VAS-BASELINE-0077,110077,2026-09-07T10:00:00,synthetic-seeder
2026-09-07,110078,20260907,CRM-G1-20260907-0078,CMP-G1-OPTION-202609,구글 원 세부 옵션 변경 기능 안내,SMS-G1-OPTION-CHANGE-V1,2026-09-07T08:00:00,SMS,DELIVERED,구글 원 100GB 부가서비스 가입자,VAS-GOOGLEONE-100,구글 원 100GB,구글 원 저장공간 옵션 변경,"구글 원 이용 고객님, 9월부터 저장공간 옵션을 변경할 수 있습니다. 자세한 내용은 U+ 앱에서 확인해 주세요.",ENTR-VAS-BASELINE-0078,110078,2026-09-07T10:00:00,synthetic-seeder
2026-09-07,110079,20260907,CRM-G1-20260907-0079,CMP-G1-OPTION-202609,구글 원 세부 옵션 변경 기능 안내,SMS-G1-OPTION-CHANGE-V1,2026-09-07T08:00:00,SMS,DELIVERED,구글 원 100GB 부가서비스 가입자,VAS-GOOGLEONE-100,구글 원 100GB,구글 원 저장공간 옵션 변경,"구글 원 이용 고객님, 9월부터 저장공간 옵션을 변경할 수 있습니다. 자세한 내용은 U+ 앱에서 확인해 주세요.",ENTR-VAS-BASELINE-0079,110079,2026-09-07T10:00:00,synthetic-seeder
2026-09-07,110080,20260907,CRM-G1-20260907-0080,CMP-G1-OPTION-202609,구글 원 세부 옵션 변경 기능 안내,SMS-G1-OPTION-CHANGE-V1,2026-09-07T08:00:00,SMS,DELIVERED,구글 원 100GB 부가서비스 가입자,VAS-GOOGLEONE-100,구글 원 100GB,구글 원 저장공간 옵션 변경,"구글 원 이용 고객님, 9월부터 저장공간 옵션을 변경할 수 있습니다. 자세한 내용은 U+ 앱에서 확인해 주세요.",ENTR-VAS-BASELINE-0080,110080,2026-09-07T10:00:00,synthetic-seeder
2026-09-07,110081,20260907,CRM-G1-20260907-0081,CMP-G1-OPTION-202609,구글 원 세부 옵션 변경 기능 안내,SMS-G1-OPTION-CHANGE-V1,2026-09-07T08:00:00,SMS,DELIVERED,구글 원 100GB 부가서비스 가입자,VAS-GOOGLEONE-100,구글 원 100GB,구글 원 저장공간 옵션 변경,"구글 원 이용 고객님, 9월부터 저장공간 옵션을 변경할 수 있습니다. 자세한 내용은 U+ 앱에서 확인해 주세요.",ENTR-VAS-BASELINE-0081,110081,2026-09-07T10:00:00,synthetic-seeder
2026-09-07,110082,20260907,CRM-G1-20260907-0082,CMP-G1-OPTION-202609,구글 원 세부 옵션 변경 기능 안내,SMS-G1-OPTION-CHANGE-V1,2026-09-07T08:00:00,SMS,DELIVERED,구글 원 100GB 부가서비스 가입자,VAS-GOOGLEONE-100,구글 원 100GB,구글 원 저장공간 옵션 변경,"구글 원 이용 고객님, 9월부터 저장공간 옵션을 변경할 수 있습니다. 자세한 내용은 U+ 앱에서 확인해 주세요.",ENTR-VAS-BASELINE-0082,110082,2026-09-07T10:00:00,synthetic-seeder
2026-09-07,110083,20260907,CRM-G1-20260907-0083,CMP-G1-OPTION-202609,구글 원 세부 옵션 변경 기능 안내,SMS-G1-OPTION-CHANGE-V1,2026-09-07T08:00:00,SMS,DELIVERED,구글 원 100GB 부가서비스 가입자,VAS-GOOGLEONE-100,구글 원 100GB,구글 원 저장공간 옵션 변경,"구글 원 이용 고객님, 9월부터 저장공간 옵션을 변경할 수 있습니다. 자세한 내용은 U+ 앱에서 확인해 주세요.",ENTR-VAS-BASELINE-0083,110083,2026-09-07T10:00:00,synthetic-seeder
2026-09-07,110084,20260907,CRM-G1-20260907-0084,CMP-G1-OPTION-202609,구글 원 세부 옵션 변경 기능 안내,SMS-G1-OPTION-CHANGE-V1,2026-09-07T08:00:00,SMS,DELIVERED,구글 원 100GB 부가서비스 가입자,VAS-GOOGLEONE-100,구글 원 100GB,구글 원 저장공간 옵션 변경,"구글 원 이용 고객님, 9월부터 저장공간 옵션을 변경할 수 있습니다. 자세한 내용은 U+ 앱에서 확인해 주세요.",ENTR-VAS-BASELINE-0084,110084,2026-09-07T10:00:00,synthetic-seeder
2026-09-07,110085,20260907,CRM-G1-20260907-0085,CMP-G1-OPTION-202609,구글 원 세부 옵션 변경 기능 안내,SMS-G1-OPTION-CHANGE-V1,2026-09-07T08:00:00,SMS,DELIVERED,구글 원 100GB 부가서비스 가입자,VAS-GOOGLEONE-100,구글 원 100GB,구글 원 저장공간 옵션 변경,"구글 원 이용 고객님, 9월부터 저장공간 옵션을 변경할 수 있습니다. 자세한 내용은 U+ 앱에서 확인해 주세요.",ENTR-VAS-BASELINE-0085,110085,2026-09-07T10:00:00,synthetic-seeder
2026-09-07,110086,20260907,CRM-G1-20260907-0086,CMP-G1-OPTION-202609,구글 원 세부 옵션 변경 기능 안내,SMS-G1-OPTION-CHANGE-V1,2026-09-07T08:00:00,SMS,DELIVERED,구글 원 100GB 부가서비스 가입자,VAS-GOOGLEONE-100,구글 원 100GB,구글 원 저장공간 옵션 변경,"구글 원 이용 고객님, 9월부터 저장공간 옵션을 변경할 수 있습니다. 자세한 내용은 U+ 앱에서 확인해 주세요.",ENTR-VAS-BASELINE-0086,110086,2026-09-07T10:00:00,synthetic-seeder
2026-09-07,110087,20260907,CRM-G1-20260907-0087,CMP-G1-OPTION-202609,구글 원 세부 옵션 변경 기능 안내,SMS-G1-OPTION-CHANGE-V1,2026-09-07T08:00:00,SMS,DELIVERED,구글 원 100GB 부가서비스 가입자,VAS-GOOGLEONE-100,구글 원 100GB,구글 원 저장공간 옵션 변경,"구글 원 이용 고객님, 9월부터 저장공간 옵션을 변경할 수 있습니다. 자세한 내용은 U+ 앱에서 확인해 주세요.",ENTR-VAS-BASELINE-0087,110087,2026-09-07T10:00:00,synthetic-seeder
2026-09-07,110088,20260907,CRM-G1-20260907-0088,CMP-G1-OPTION-202609,구글 원 세부 옵션 변경 기능 안내,SMS-G1-OPTION-CHANGE-V1,2026-09-07T08:00:00,SMS,DELIVERED,구글 원 100GB 부가서비스 가입자,VAS-GOOGLEONE-100,구글 원 100GB,구글 원 저장공간 옵션 변경,"구글 원 이용 고객님, 9월부터 저장공간 옵션을 변경할 수 있습니다. 자세한 내용은 U+ 앱에서 확인해 주세요.",ENTR-VAS-BASELINE-0088,110088,2026-09-07T10:00:00,synthetic-seeder
2026-09-07,110089,20260907,CRM-G1-20260907-0089,CMP-G1-OPTION-202609,구글 원 세부 옵션 변경 기능 안내,SMS-G1-OPTION-CHANGE-V1,2026-09-07T08:00:00,SMS,DELIVERED,구글 원 100GB 부가서비스 가입자,VAS-GOOGLEONE-100,구글 원 100GB,구글 원 저장공간 옵션 변경,"구글 원 이용 고객님, 9월부터 저장공간 옵션을 변경할 수 있습니다. 자세한 내용은 U+ 앱에서 확인해 주세요.",ENTR-VAS-BASELINE-0089,110089,2026-09-07T10:00:00,synthetic-seeder
2026-09-07,110090,20260907,CRM-G1-20260907-0090,CMP-G1-OPTION-202609,구글 원 세부 옵션 변경 기능 안내,SMS-G1-OPTION-CHANGE-V1,2026-09-07T08:00:00,SMS,DELIVERED,구글 원 100GB 부가서비스 가입자,VAS-GOOGLEONE-100,구글 원 100GB,구글 원 저장공간 옵션 변경,"구글 원 이용 고객님, 9월부터 저장공간 옵션을 변경할 수 있습니다. 자세한 내용은 U+ 앱에서 확인해 주세요.",ENTR-VAS-BASELINE-0090,110090,2026-09-07T10:00:00,synthetic-seeder
2026-09-07,110091,20260907,CRM-G1-20260907-0091,CMP-G1-OPTION-202609,구글 원 세부 옵션 변경 기능 안내,SMS-G1-OPTION-CHANGE-V1,2026-09-07T08:00:00,SMS,DELIVERED,구글 원 100GB 부가서비스 가입자,VAS-GOOGLEONE-100,구글 원 100GB,구글 원 저장공간 옵션 변경,"구글 원 이용 고객님, 9월부터 저장공간 옵션을 변경할 수 있습니다. 자세한 내용은 U+ 앱에서 확인해 주세요.",ENTR-VAS-BASELINE-0091,110091,2026-09-07T10:00:00,synthetic-seeder
2026-09-07,110092,20260907,CRM-G1-20260907-0092,CMP-G1-OPTION-202609,구글 원 세부 옵션 변경 기능 안내,SMS-G1-OPTION-CHANGE-V1,2026-09-07T08:00:00,SMS,DELIVERED,구글 원 100GB 부가서비스 가입자,VAS-GOOGLEONE-100,구글 원 100GB,구글 원 저장공간 옵션 변경,"구글 원 이용 고객님, 9월부터 저장공간 옵션을 변경할 수 있습니다. 자세한 내용은 U+ 앱에서 확인해 주세요.",ENTR-VAS-BASELINE-0092,110092,2026-09-07T10:00:00,synthetic-seeder
2026-09-07,110093,20260907,CRM-G1-20260907-0093,CMP-G1-OPTION-202609,구글 원 세부 옵션 변경 기능 안내,SMS-G1-OPTION-CHANGE-V1,2026-09-07T08:00:00,SMS,DELIVERED,구글 원 100GB 부가서비스 가입자,VAS-GOOGLEONE-100,구글 원 100GB,구글 원 저장공간 옵션 변경,"구글 원 이용 고객님, 9월부터 저장공간 옵션을 변경할 수 있습니다. 자세한 내용은 U+ 앱에서 확인해 주세요.",ENTR-VAS-BASELINE-0093,110093,2026-09-07T10:00:00,synthetic-seeder
2026-09-07,110094,20260907,CRM-G1-20260907-0094,CMP-G1-OPTION-202609,구글 원 세부 옵션 변경 기능 안내,SMS-G1-OPTION-CHANGE-V1,2026-09-07T08:00:00,SMS,DELIVERED,구글 원 100GB 부가서비스 가입자,VAS-GOOGLEONE-100,구글 원 100GB,구글 원 저장공간 옵션 변경,"구글 원 이용 고객님, 9월부터 저장공간 옵션을 변경할 수 있습니다. 자세한 내용은 U+ 앱에서 확인해 주세요.",ENTR-VAS-BASELINE-0094,110094,2026-09-07T10:00:00,synthetic-seeder
2026-09-07,110095,20260907,CRM-G1-20260907-0095,CMP-G1-OPTION-202609,구글 원 세부 옵션 변경 기능 안내,SMS-G1-OPTION-CHANGE-V1,2026-09-07T08:00:00,SMS,DELIVERED,구글 원 100GB 부가서비스 가입자,VAS-GOOGLEONE-100,구글 원 100GB,구글 원 저장공간 옵션 변경,"구글 원 이용 고객님, 9월부터 저장공간 옵션을 변경할 수 있습니다. 자세한 내용은 U+ 앱에서 확인해 주세요.",ENTR-VAS-BASELINE-0095,110095,2026-09-07T10:00:00,synthetic-seeder
2026-09-07,110096,20260907,CRM-G1-20260907-0096,CMP-G1-OPTION-202609,구글 원 세부 옵션 변경 기능 안내,SMS-G1-OPTION-CHANGE-V1,2026-09-07T08:00:00,SMS,DELIVERED,구글 원 100GB 부가서비스 가입자,VAS-GOOGLEONE-100,구글 원 100GB,구글 원 저장공간 옵션 변경,"구글 원 이용 고객님, 9월부터 저장공간 옵션을 변경할 수 있습니다. 자세한 내용은 U+ 앱에서 확인해 주세요.",ENTR-VAS-BASELINE-0096,110096,2026-09-07T10:00:00,synthetic-seeder
2026-09-07,110097,20260907,CRM-G1-20260907-0097,CMP-G1-OPTION-202609,구글 원 세부 옵션 변경 기능 안내,SMS-G1-OPTION-CHANGE-V1,2026-09-07T08:00:00,SMS,DELIVERED,구글 원 100GB 부가서비스 가입자,VAS-GOOGLEONE-100,구글 원 100GB,구글 원 저장공간 옵션 변경,"구글 원 이용 고객님, 9월부터 저장공간 옵션을 변경할 수 있습니다. 자세한 내용은 U+ 앱에서 확인해 주세요.",ENTR-VAS-BASELINE-0097,110097,2026-09-07T10:00:00,synthetic-seeder
2026-09-07,110098,20260907,CRM-G1-20260907-0098,CMP-G1-OPTION-202609,구글 원 세부 옵션 변경 기능 안내,SMS-G1-OPTION-CHANGE-V1,2026-09-07T08:00:00,SMS,DELIVERED,구글 원 100GB 부가서비스 가입자,VAS-GOOGLEONE-100,구글 원 100GB,구글 원 저장공간 옵션 변경,"구글 원 이용 고객님, 9월부터 저장공간 옵션을 변경할 수 있습니다. 자세한 내용은 U+ 앱에서 확인해 주세요.",ENTR-VAS-BASELINE-0098,110098,2026-09-07T10:00:00,synthetic-seeder
2026-09-07,110099,20260907,CRM-G1-20260907-0099,CMP-G1-OPTION-202609,구글 원 세부 옵션 변경 기능 안내,SMS-G1-OPTION-CHANGE-V1,2026-09-07T08:00:00,SMS,DELIVERED,구글 원 100GB 부가서비스 가입자,VAS-GOOGLEONE-100,구글 원 100GB,구글 원 저장공간 옵션 변경,"구글 원 이용 고객님, 9월부터 저장공간 옵션을 변경할 수 있습니다. 자세한 내용은 U+ 앱에서 확인해 주세요.",ENTR-VAS-BASELINE-0099,110099,2026-09-07T10:00:00,synthetic-seeder
2026-09-07,110100,20260907,CRM-G1-20260907-0100,CMP-G1-OPTION-202609,구글 원 세부 옵션 변경 기능 안내,SMS-G1-OPTION-CHANGE-V1,2026-09-07T08:00:00,SMS,DELIVERED,구글 원 100GB 부가서비스 가입자,VAS-GOOGLEONE-100,구글 원 100GB,구글 원 저장공간 옵션 변경,"구글 원 이용 고객님, 9월부터 저장공간 옵션을 변경할 수 있습니다. 자세한 내용은 U+ 앱에서 확인해 주세요.",ENTR-VAS-BASELINE-0100,110100,2026-09-07T10:00:00,synthetic-seeder
2026-09-07,110101,20260907,CRM-G1-20260907-0101,CMP-G1-OPTION-202609,구글 원 세부 옵션 변경 기능 안내,SMS-G1-OPTION-CHANGE-V1,2026-09-07T08:00:00,SMS,DELIVERED,구글 원 100GB 부가서비스 가입자,VAS-GOOGLEONE-100,구글 원 100GB,구글 원 저장공간 옵션 변경,"구글 원 이용 고객님, 9월부터 저장공간 옵션을 변경할 수 있습니다. 자세한 내용은 U+ 앱에서 확인해 주세요.",ENTR-VAS-BASELINE-0101,110101,2026-09-07T10:00:00,synthetic-seeder
2026-09-07,110102,20260907,CRM-G1-20260907-0102,CMP-G1-OPTION-202609,구글 원 세부 옵션 변경 기능 안내,SMS-G1-OPTION-CHANGE-V1,2026-09-07T08:00:00,SMS,DELIVERED,구글 원 100GB 부가서비스 가입자,VAS-GOOGLEONE-100,구글 원 100GB,구글 원 저장공간 옵션 변경,"구글 원 이용 고객님, 9월부터 저장공간 옵션을 변경할 수 있습니다. 자세한 내용은 U+ 앱에서 확인해 주세요.",ENTR-VAS-BASELINE-0102,110102,2026-09-07T10:00:00,synthetic-seeder
2026-09-07,110103,20260907,CRM-G1-20260907-0103,CMP-G1-OPTION-202609,구글 원 세부 옵션 변경 기능 안내,SMS-G1-OPTION-CHANGE-V1,2026-09-07T08:00:00,SMS,DELIVERED,구글 원 100GB 부가서비스 가입자,VAS-GOOGLEONE-100,구글 원 100GB,구글 원 저장공간 옵션 변경,"구글 원 이용 고객님, 9월부터 저장공간 옵션을 변경할 수 있습니다. 자세한 내용은 U+ 앱에서 확인해 주세요.",ENTR-VAS-BASELINE-0103,110103,2026-09-07T10:00:00,synthetic-seeder
2026-09-07,110104,20260907,CRM-G1-20260907-0104,CMP-G1-OPTION-202609,구글 원 세부 옵션 변경 기능 안내,SMS-G1-OPTION-CHANGE-V1,2026-09-07T08:00:00,SMS,DELIVERED,구글 원 100GB 부가서비스 가입자,VAS-GOOGLEONE-100,구글 원 100GB,구글 원 저장공간 옵션 변경,"구글 원 이용 고객님, 9월부터 저장공간 옵션을 변경할 수 있습니다. 자세한 내용은 U+ 앱에서 확인해 주세요.",ENTR-VAS-BASELINE-0104,110104,2026-09-07T10:00:00,synthetic-seeder
2026-09-07,110105,20260907,CRM-G1-20260907-0105,CMP-G1-OPTION-202609,구글 원 세부 옵션 변경 기능 안내,SMS-G1-OPTION-CHANGE-V1,2026-09-07T08:00:00,SMS,DELIVERED,구글 원 100GB 부가서비스 가입자,VAS-GOOGLEONE-100,구글 원 100GB,구글 원 저장공간 옵션 변경,"구글 원 이용 고객님, 9월부터 저장공간 옵션을 변경할 수 있습니다. 자세한 내용은 U+ 앱에서 확인해 주세요.",ENTR-VAS-BASELINE-0105,110105,2026-09-07T10:00:00,synthetic-seeder
2026-09-07,110106,20260907,CRM-G1-20260907-0106,CMP-G1-OPTION-202609,구글 원 세부 옵션 변경 기능 안내,SMS-G1-OPTION-CHANGE-V1,2026-09-07T08:00:00,SMS,DELIVERED,구글 원 100GB 부가서비스 가입자,VAS-GOOGLEONE-100,구글 원 100GB,구글 원 저장공간 옵션 변경,"구글 원 이용 고객님, 9월부터 저장공간 옵션을 변경할 수 있습니다. 자세한 내용은 U+ 앱에서 확인해 주세요.",ENTR-VAS-BASELINE-0106,110106,2026-09-07T10:00:00,synthetic-seeder
2026-09-07,110107,20260907,CRM-G1-20260907-0107,CMP-G1-OPTION-202609,구글 원 세부 옵션 변경 기능 안내,SMS-G1-OPTION-CHANGE-V1,2026-09-07T08:00:00,SMS,DELIVERED,구글 원 100GB 부가서비스 가입자,VAS-GOOGLEONE-100,구글 원 100GB,구글 원 저장공간 옵션 변경,"구글 원 이용 고객님, 9월부터 저장공간 옵션을 변경할 수 있습니다. 자세한 내용은 U+ 앱에서 확인해 주세요.",ENTR-VAS-BASELINE-0107,110107,2026-09-07T10:00:00,synthetic-seeder
2026-09-07,110108,20260907,CRM-G1-20260907-0108,CMP-G1-OPTION-202609,구글 원 세부 옵션 변경 기능 안내,SMS-G1-OPTION-CHANGE-V1,2026-09-07T08:00:00,SMS,DELIVERED,구글 원 100GB 부가서비스 가입자,VAS-GOOGLEONE-100,구글 원 100GB,구글 원 저장공간 옵션 변경,"구글 원 이용 고객님, 9월부터 저장공간 옵션을 변경할 수 있습니다. 자세한 내용은 U+ 앱에서 확인해 주세요.",ENTR-VAS-BASELINE-0108,110108,2026-09-07T10:00:00,synthetic-seeder
2026-09-07,110109,20260907,CRM-G1-20260907-0109,CMP-G1-OPTION-202609,구글 원 세부 옵션 변경 기능 안내,SMS-G1-OPTION-CHANGE-V1,2026-09-07T08:00:00,SMS,DELIVERED,구글 원 100GB 부가서비스 가입자,VAS-GOOGLEONE-100,구글 원 100GB,구글 원 저장공간 옵션 변경,"구글 원 이용 고객님, 9월부터 저장공간 옵션을 변경할 수 있습니다. 자세한 내용은 U+ 앱에서 확인해 주세요.",ENTR-VAS-BASELINE-0109,110109,2026-09-07T10:00:00,synthetic-seeder
2026-09-07,110110,20260907,CRM-G1-20260907-0110,CMP-G1-OPTION-202609,구글 원 세부 옵션 변경 기능 안내,SMS-G1-OPTION-CHANGE-V1,2026-09-07T08:00:00,SMS,DELIVERED,구글 원 100GB 부가서비스 가입자,VAS-GOOGLEONE-100,구글 원 100GB,구글 원 저장공간 옵션 변경,"구글 원 이용 고객님, 9월부터 저장공간 옵션을 변경할 수 있습니다. 자세한 내용은 U+ 앱에서 확인해 주세요.",ENTR-VAS-BASELINE-0110,110110,2026-09-07T10:00:00,synthetic-seeder
2026-09-07,110111,20260907,CRM-G1-20260907-0111,CMP-G1-OPTION-202609,구글 원 세부 옵션 변경 기능 안내,SMS-G1-OPTION-CHANGE-V1,2026-09-07T08:00:00,SMS,DELIVERED,구글 원 100GB 부가서비스 가입자,VAS-GOOGLEONE-100,구글 원 100GB,구글 원 저장공간 옵션 변경,"구글 원 이용 고객님, 9월부터 저장공간 옵션을 변경할 수 있습니다. 자세한 내용은 U+ 앱에서 확인해 주세요.",ENTR-VAS-BASELINE-0111,110111,2026-09-07T10:00:00,synthetic-seeder
2026-09-07,110112,20260907,CRM-G1-20260907-0112,CMP-G1-OPTION-202609,구글 원 세부 옵션 변경 기능 안내,SMS-G1-OPTION-CHANGE-V1,2026-09-07T08:00:00,SMS,DELIVERED,구글 원 100GB 부가서비스 가입자,VAS-GOOGLEONE-100,구글 원 100GB,구글 원 저장공간 옵션 변경,"구글 원 이용 고객님, 9월부터 저장공간 옵션을 변경할 수 있습니다. 자세한 내용은 U+ 앱에서 확인해 주세요.",ENTR-VAS-BASELINE-0112,110112,2026-09-07T10:00:00,synthetic-seeder
2026-09-07,110113,20260907,CRM-G1-20260907-0113,CMP-G1-OPTION-202609,구글 원 세부 옵션 변경 기능 안내,SMS-G1-OPTION-CHANGE-V1,2026-09-07T08:00:00,SMS,DELIVERED,구글 원 100GB 부가서비스 가입자,VAS-GOOGLEONE-100,구글 원 100GB,구글 원 저장공간 옵션 변경,"구글 원 이용 고객님, 9월부터 저장공간 옵션을 변경할 수 있습니다. 자세한 내용은 U+ 앱에서 확인해 주세요.",ENTR-VAS-BASELINE-0113,110113,2026-09-07T10:00:00,synthetic-seeder
2026-09-07,110114,20260907,CRM-G1-20260907-0114,CMP-G1-OPTION-202609,구글 원 세부 옵션 변경 기능 안내,SMS-G1-OPTION-CHANGE-V1,2026-09-07T08:00:00,SMS,DELIVERED,구글 원 100GB 부가서비스 가입자,VAS-GOOGLEONE-100,구글 원 100GB,구글 원 저장공간 옵션 변경,"구글 원 이용 고객님, 9월부터 저장공간 옵션을 변경할 수 있습니다. 자세한 내용은 U+ 앱에서 확인해 주세요.",ENTR-VAS-BASELINE-0114,110114,2026-09-07T10:00:00,synthetic-seeder
2026-09-07,110115,20260907,CRM-G1-20260907-0115,CMP-G1-OPTION-202609,구글 원 세부 옵션 변경 기능 안내,SMS-G1-OPTION-CHANGE-V1,2026-09-07T08:00:00,SMS,DELIVERED,구글 원 100GB 부가서비스 가입자,VAS-GOOGLEONE-100,구글 원 100GB,구글 원 저장공간 옵션 변경,"구글 원 이용 고객님, 9월부터 저장공간 옵션을 변경할 수 있습니다. 자세한 내용은 U+ 앱에서 확인해 주세요.",ENTR-VAS-BASELINE-0115,110115,2026-09-07T10:00:00,synthetic-seeder
2026-09-07,110116,20260907,CRM-G1-20260907-0116,CMP-G1-OPTION-202609,구글 원 세부 옵션 변경 기능 안내,SMS-G1-OPTION-CHANGE-V1,2026-09-07T08:00:00,SMS,DELIVERED,구글 원 100GB 부가서비스 가입자,VAS-GOOGLEONE-100,구글 원 100GB,구글 원 저장공간 옵션 변경,"구글 원 이용 고객님, 9월부터 저장공간 옵션을 변경할 수 있습니다. 자세한 내용은 U+ 앱에서 확인해 주세요.",ENTR-VAS-BASELINE-0116,110116,2026-09-07T10:00:00,synthetic-seeder
2026-09-07,110117,20260907,CRM-G1-20260907-0117,CMP-G1-OPTION-202609,구글 원 세부 옵션 변경 기능 안내,SMS-G1-OPTION-CHANGE-V1,2026-09-07T08:00:00,SMS,DELIVERED,구글 원 100GB 부가서비스 가입자,VAS-GOOGLEONE-100,구글 원 100GB,구글 원 저장공간 옵션 변경,"구글 원 이용 고객님, 9월부터 저장공간 옵션을 변경할 수 있습니다. 자세한 내용은 U+ 앱에서 확인해 주세요.",ENTR-VAS-BASELINE-0117,110117,2026-09-07T10:00:00,synthetic-seeder
2026-09-07,110118,20260907,CRM-G1-20260907-0118,CMP-G1-OPTION-202609,구글 원 세부 옵션 변경 기능 안내,SMS-G1-OPTION-CHANGE-V1,2026-09-07T08:00:00,SMS,DELIVERED,구글 원 100GB 부가서비스 가입자,VAS-GOOGLEONE-100,구글 원 100GB,구글 원 저장공간 옵션 변경,"구글 원 이용 고객님, 9월부터 저장공간 옵션을 변경할 수 있습니다. 자세한 내용은 U+ 앱에서 확인해 주세요.",ENTR-VAS-BASELINE-0118,110118,2026-09-07T10:00:00,synthetic-seeder
2026-09-07,110119,20260907,CRM-G1-20260907-0119,CMP-G1-OPTION-202609,구글 원 세부 옵션 변경 기능 안내,SMS-G1-OPTION-CHANGE-V1,2026-09-07T08:00:00,SMS,DELIVERED,구글 원 100GB 부가서비스 가입자,VAS-GOOGLEONE-100,구글 원 100GB,구글 원 저장공간 옵션 변경,"구글 원 이용 고객님, 9월부터 저장공간 옵션을 변경할 수 있습니다. 자세한 내용은 U+ 앱에서 확인해 주세요.",ENTR-VAS-BASELINE-0119,110119,2026-09-07T10:00:00,synthetic-seeder
2026-09-07,110120,20260907,CRM-G1-20260907-0120,CMP-G1-OPTION-202609,구글 원 세부 옵션 변경 기능 안내,SMS-G1-OPTION-CHANGE-V1,2026-09-07T08:00:00,SMS,DELIVERED,구글 원 100GB 부가서비스 가입자,VAS-GOOGLEONE-100,구글 원 100GB,구글 원 저장공간 옵션 변경,"구글 원 이용 고객님, 9월부터 저장공간 옵션을 변경할 수 있습니다. 자세한 내용은 U+ 앱에서 확인해 주세요.",ENTR-VAS-BASELINE-0120,110120,2026-09-07T10:00:00,synthetic-seeder
2026-09-07,110121,20260907,CRM-G1-20260907-0121,CMP-G1-OPTION-202609,구글 원 세부 옵션 변경 기능 안내,SMS-G1-OPTION-CHANGE-V1,2026-09-07T08:00:00,SMS,DELIVERED,구글 원 100GB 부가서비스 가입자,VAS-GOOGLEONE-100,구글 원 100GB,구글 원 저장공간 옵션 변경,"구글 원 이용 고객님, 9월부터 저장공간 옵션을 변경할 수 있습니다. 자세한 내용은 U+ 앱에서 확인해 주세요.",ENTR-VAS-BASELINE-0121,110121,2026-09-07T10:00:00,synthetic-seeder
2026-09-07,110122,20260907,CRM-G1-20260907-0122,CMP-G1-OPTION-202609,구글 원 세부 옵션 변경 기능 안내,SMS-G1-OPTION-CHANGE-V1,2026-09-07T08:00:00,SMS,DELIVERED,구글 원 100GB 부가서비스 가입자,VAS-GOOGLEONE-100,구글 원 100GB,구글 원 저장공간 옵션 변경,"구글 원 이용 고객님, 9월부터 저장공간 옵션을 변경할 수 있습니다. 자세한 내용은 U+ 앱에서 확인해 주세요.",ENTR-VAS-BASELINE-0122,110122,2026-09-07T10:00:00,synthetic-seeder
2026-09-07,110123,20260907,CRM-G1-20260907-0123,CMP-G1-OPTION-202609,구글 원 세부 옵션 변경 기능 안내,SMS-G1-OPTION-CHANGE-V1,2026-09-07T08:00:00,SMS,DELIVERED,구글 원 100GB 부가서비스 가입자,VAS-GOOGLEONE-100,구글 원 100GB,구글 원 저장공간 옵션 변경,"구글 원 이용 고객님, 9월부터 저장공간 옵션을 변경할 수 있습니다. 자세한 내용은 U+ 앱에서 확인해 주세요.",ENTR-VAS-BASELINE-0123,110123,2026-09-07T10:00:00,synthetic-seeder
2026-09-07,110124,20260907,CRM-G1-20260907-0124,CMP-G1-OPTION-202609,구글 원 세부 옵션 변경 기능 안내,SMS-G1-OPTION-CHANGE-V1,2026-09-07T08:00:00,SMS,DELIVERED,구글 원 100GB 부가서비스 가입자,VAS-GOOGLEONE-100,구글 원 100GB,구글 원 저장공간 옵션 변경,"구글 원 이용 고객님, 9월부터 저장공간 옵션을 변경할 수 있습니다. 자세한 내용은 U+ 앱에서 확인해 주세요.",ENTR-VAS-BASELINE-0124,110124,2026-09-07T10:00:00,synthetic-seeder
2026-09-07,110125,20260907,CRM-G1-20260907-0125,CMP-G1-OPTION-202609,구글 원 세부 옵션 변경 기능 안내,SMS-G1-OPTION-CHANGE-V1,2026-09-07T08:00:00,SMS,DELIVERED,구글 원 100GB 부가서비스 가입자,VAS-GOOGLEONE-100,구글 원 100GB,구글 원 저장공간 옵션 변경,"구글 원 이용 고객님, 9월부터 저장공간 옵션을 변경할 수 있습니다. 자세한 내용은 U+ 앱에서 확인해 주세요.",ENTR-VAS-BASELINE-0125,110125,2026-09-07T10:00:00,synthetic-seeder
2026-09-07,110126,20260907,CRM-G1-20260907-0126,CMP-G1-OPTION-202609,구글 원 세부 옵션 변경 기능 안내,SMS-G1-OPTION-CHANGE-V1,2026-09-07T08:00:00,SMS,DELIVERED,구글 원 100GB 부가서비스 가입자,VAS-GOOGLEONE-100,구글 원 100GB,구글 원 저장공간 옵션 변경,"구글 원 이용 고객님, 9월부터 저장공간 옵션을 변경할 수 있습니다. 자세한 내용은 U+ 앱에서 확인해 주세요.",ENTR-VAS-BASELINE-0126,110126,2026-09-07T10:00:00,synthetic-seeder
2026-09-07,110127,20260907,CRM-G1-20260907-0127,CMP-G1-OPTION-202609,구글 원 세부 옵션 변경 기능 안내,SMS-G1-OPTION-CHANGE-V1,2026-09-07T08:00:00,SMS,DELIVERED,구글 원 100GB 부가서비스 가입자,VAS-GOOGLEONE-100,구글 원 100GB,구글 원 저장공간 옵션 변경,"구글 원 이용 고객님, 9월부터 저장공간 옵션을 변경할 수 있습니다. 자세한 내용은 U+ 앱에서 확인해 주세요.",ENTR-VAS-BASELINE-0127,110127,2026-09-07T10:00:00,synthetic-seeder
2026-09-07,110128,20260907,CRM-G1-20260907-0128,CMP-G1-OPTION-202609,구글 원 세부 옵션 변경 기능 안내,SMS-G1-OPTION-CHANGE-V1,2026-09-07T08:00:00,SMS,DELIVERED,구글 원 100GB 부가서비스 가입자,VAS-GOOGLEONE-100,구글 원 100GB,구글 원 저장공간 옵션 변경,"구글 원 이용 고객님, 9월부터 저장공간 옵션을 변경할 수 있습니다. 자세한 내용은 U+ 앱에서 확인해 주세요.",ENTR-VAS-BASELINE-0128,110128,2026-09-07T10:00:00,synthetic-seeder
2026-09-07,110129,20260907,CRM-G1-20260907-0129,CMP-G1-OPTION-202609,구글 원 세부 옵션 변경 기능 안내,SMS-G1-OPTION-CHANGE-V1,2026-09-07T08:00:00,SMS,DELIVERED,구글 원 100GB 부가서비스 가입자,VAS-GOOGLEONE-100,구글 원 100GB,구글 원 저장공간 옵션 변경,"구글 원 이용 고객님, 9월부터 저장공간 옵션을 변경할 수 있습니다. 자세한 내용은 U+ 앱에서 확인해 주세요.",ENTR-VAS-BASELINE-0129,110129,2026-09-07T10:00:00,synthetic-seeder
2026-09-07,110130,20260907,CRM-G1-20260907-0130,CMP-G1-OPTION-202609,구글 원 세부 옵션 변경 기능 안내,SMS-G1-OPTION-CHANGE-V1,2026-09-07T08:00:00,SMS,DELIVERED,구글 원 100GB 부가서비스 가입자,VAS-GOOGLEONE-100,구글 원 100GB,구글 원 저장공간 옵션 변경,"구글 원 이용 고객님, 9월부터 저장공간 옵션을 변경할 수 있습니다. 자세한 내용은 U+ 앱에서 확인해 주세요.",ENTR-VAS-BASELINE-0130,110130,2026-09-07T10:00:00,synthetic-seeder
2026-09-07,110131,20260907,CRM-G1-20260907-0131,CMP-G1-OPTION-202609,구글 원 세부 옵션 변경 기능 안내,SMS-G1-OPTION-CHANGE-V1,2026-09-07T08:00:00,SMS,DELIVERED,구글 원 100GB 부가서비스 가입자,VAS-GOOGLEONE-100,구글 원 100GB,구글 원 저장공간 옵션 변경,"구글 원 이용 고객님, 9월부터 저장공간 옵션을 변경할 수 있습니다. 자세한 내용은 U+ 앱에서 확인해 주세요.",ENTR-VAS-BASELINE-0131,110131,2026-09-07T10:00:00,synthetic-seeder
2026-09-07,110132,20260907,CRM-G1-20260907-0132,CMP-G1-OPTION-202609,구글 원 세부 옵션 변경 기능 안내,SMS-G1-OPTION-CHANGE-V1,2026-09-07T08:00:00,SMS,DELIVERED,구글 원 100GB 부가서비스 가입자,VAS-GOOGLEONE-100,구글 원 100GB,구글 원 저장공간 옵션 변경,"구글 원 이용 고객님, 9월부터 저장공간 옵션을 변경할 수 있습니다. 자세한 내용은 U+ 앱에서 확인해 주세요.",ENTR-VAS-BASELINE-0132,110132,2026-09-07T10:00:00,synthetic-seeder
2026-09-07,110133,20260907,CRM-G1-20260907-0133,CMP-G1-OPTION-202609,구글 원 세부 옵션 변경 기능 안내,SMS-G1-OPTION-CHANGE-V1,2026-09-07T08:00:00,SMS,DELIVERED,구글 원 100GB 부가서비스 가입자,VAS-GOOGLEONE-100,구글 원 100GB,구글 원 저장공간 옵션 변경,"구글 원 이용 고객님, 9월부터 저장공간 옵션을 변경할 수 있습니다. 자세한 내용은 U+ 앱에서 확인해 주세요.",ENTR-VAS-BASELINE-0133,110133,2026-09-07T10:00:00,synthetic-seeder
2026-09-07,110134,20260907,CRM-G1-20260907-0134,CMP-G1-OPTION-202609,구글 원 세부 옵션 변경 기능 안내,SMS-G1-OPTION-CHANGE-V1,2026-09-07T08:00:00,SMS,DELIVERED,구글 원 100GB 부가서비스 가입자,VAS-GOOGLEONE-100,구글 원 100GB,구글 원 저장공간 옵션 변경,"구글 원 이용 고객님, 9월부터 저장공간 옵션을 변경할 수 있습니다. 자세한 내용은 U+ 앱에서 확인해 주세요.",ENTR-VAS-BASELINE-0134,110134,2026-09-07T10:00:00,synthetic-seeder
2026-09-07,110135,20260907,CRM-G1-20260907-0135,CMP-G1-OPTION-202609,구글 원 세부 옵션 변경 기능 안내,SMS-G1-OPTION-CHANGE-V1,2026-09-07T08:00:00,SMS,DELIVERED,구글 원 100GB 부가서비스 가입자,VAS-GOOGLEONE-100,구글 원 100GB,구글 원 저장공간 옵션 변경,"구글 원 이용 고객님, 9월부터 저장공간 옵션을 변경할 수 있습니다. 자세한 내용은 U+ 앱에서 확인해 주세요.",ENTR-VAS-BASELINE-0135,110135,2026-09-07T10:00:00,synthetic-seeder
2026-09-07,110136,20260907,CRM-G1-20260907-0136,CMP-G1-OPTION-202609,구글 원 세부 옵션 변경 기능 안내,SMS-G1-OPTION-CHANGE-V1,2026-09-07T08:00:00,SMS,DELIVERED,구글 원 100GB 부가서비스 가입자,VAS-GOOGLEONE-100,구글 원 100GB,구글 원 저장공간 옵션 변경,"구글 원 이용 고객님, 9월부터 저장공간 옵션을 변경할 수 있습니다. 자세한 내용은 U+ 앱에서 확인해 주세요.",ENTR-VAS-BASELINE-0136,110136,2026-09-07T10:00:00,synthetic-seeder
2026-09-07,110137,20260907,CRM-G1-20260907-0137,CMP-G1-OPTION-202609,구글 원 세부 옵션 변경 기능 안내,SMS-G1-OPTION-CHANGE-V1,2026-09-07T08:00:00,SMS,DELIVERED,구글 원 100GB 부가서비스 가입자,VAS-GOOGLEONE-100,구글 원 100GB,구글 원 저장공간 옵션 변경,"구글 원 이용 고객님, 9월부터 저장공간 옵션을 변경할 수 있습니다. 자세한 내용은 U+ 앱에서 확인해 주세요.",ENTR-VAS-BASELINE-0137,110137,2026-09-07T10:00:00,synthetic-seeder
2026-09-07,110138,20260907,CRM-G1-20260907-0138,CMP-G1-OPTION-202609,구글 원 세부 옵션 변경 기능 안내,SMS-G1-OPTION-CHANGE-V1,2026-09-07T08:00:00,SMS,DELIVERED,구글 원 100GB 부가서비스 가입자,VAS-GOOGLEONE-100,구글 원 100GB,구글 원 저장공간 옵션 변경,"구글 원 이용 고객님, 9월부터 저장공간 옵션을 변경할 수 있습니다. 자세한 내용은 U+ 앱에서 확인해 주세요.",ENTR-VAS-BASELINE-0138,110138,2026-09-07T10:00:00,synthetic-seeder
2026-09-07,110139,20260907,CRM-G1-20260907-0139,CMP-G1-OPTION-202609,구글 원 세부 옵션 변경 기능 안내,SMS-G1-OPTION-CHANGE-V1,2026-09-07T08:00:00,SMS,DELIVERED,구글 원 100GB 부가서비스 가입자,VAS-GOOGLEONE-100,구글 원 100GB,구글 원 저장공간 옵션 변경,"구글 원 이용 고객님, 9월부터 저장공간 옵션을 변경할 수 있습니다. 자세한 내용은 U+ 앱에서 확인해 주세요.",ENTR-VAS-BASELINE-0139,110139,2026-09-07T10:00:00,synthetic-seeder
2026-09-07,110140,20260907,CRM-G1-20260907-0140,CMP-G1-OPTION-202609,구글 원 세부 옵션 변경 기능 안내,SMS-G1-OPTION-CHANGE-V1,2026-09-07T08:00:00,SMS,DELIVERED,구글 원 100GB 부가서비스 가입자,VAS-GOOGLEONE-100,구글 원 100GB,구글 원 저장공간 옵션 변경,"구글 원 이용 고객님, 9월부터 저장공간 옵션을 변경할 수 있습니다. 자세한 내용은 U+ 앱에서 확인해 주세요.",ENTR-VAS-BASELINE-0140,110140,2026-09-07T10:00:00,synthetic-seeder
2026-09-07,110141,20260907,CRM-G1-20260907-0141,CMP-G1-OPTION-202609,구글 원 세부 옵션 변경 기능 안내,SMS-G1-OPTION-CHANGE-V1,2026-09-07T08:00:00,SMS,DELIVERED,구글 원 100GB 부가서비스 가입자,VAS-GOOGLEONE-100,구글 원 100GB,구글 원 저장공간 옵션 변경,"구글 원 이용 고객님, 9월부터 저장공간 옵션을 변경할 수 있습니다. 자세한 내용은 U+ 앱에서 확인해 주세요.",ENTR-VAS-BASELINE-0141,110141,2026-09-07T10:00:00,synthetic-seeder
2026-09-07,110142,20260907,CRM-G1-20260907-0142,CMP-G1-OPTION-202609,구글 원 세부 옵션 변경 기능 안내,SMS-G1-OPTION-CHANGE-V1,2026-09-07T08:00:00,SMS,DELIVERED,구글 원 100GB 부가서비스 가입자,VAS-GOOGLEONE-100,구글 원 100GB,구글 원 저장공간 옵션 변경,"구글 원 이용 고객님, 9월부터 저장공간 옵션을 변경할 수 있습니다. 자세한 내용은 U+ 앱에서 확인해 주세요.",ENTR-VAS-BASELINE-0142,110142,2026-09-07T10:00:00,synthetic-seeder
2026-09-07,110143,20260907,CRM-G1-20260907-0143,CMP-G1-OPTION-202609,구글 원 세부 옵션 변경 기능 안내,SMS-G1-OPTION-CHANGE-V1,2026-09-07T08:00:00,SMS,DELIVERED,구글 원 100GB 부가서비스 가입자,VAS-GOOGLEONE-100,구글 원 100GB,구글 원 저장공간 옵션 변경,"구글 원 이용 고객님, 9월부터 저장공간 옵션을 변경할 수 있습니다. 자세한 내용은 U+ 앱에서 확인해 주세요.",ENTR-VAS-BASELINE-0143,110143,2026-09-07T10:00:00,synthetic-seeder
2026-09-07,110144,20260907,CRM-G1-20260907-0144,CMP-G1-OPTION-202609,구글 원 세부 옵션 변경 기능 안내,SMS-G1-OPTION-CHANGE-V1,2026-09-07T08:00:00,SMS,DELIVERED,구글 원 100GB 부가서비스 가입자,VAS-GOOGLEONE-100,구글 원 100GB,구글 원 저장공간 옵션 변경,"구글 원 이용 고객님, 9월부터 저장공간 옵션을 변경할 수 있습니다. 자세한 내용은 U+ 앱에서 확인해 주세요.",ENTR-VAS-BASELINE-0144,110144,2026-09-07T10:00:00,synthetic-seeder
2026-09-07,110145,20260907,CRM-G1-20260907-0145,CMP-G1-OPTION-202609,구글 원 세부 옵션 변경 기능 안내,SMS-G1-OPTION-CHANGE-V1,2026-09-07T08:00:00,SMS,DELIVERED,구글 원 100GB 부가서비스 가입자,VAS-GOOGLEONE-100,구글 원 100GB,구글 원 저장공간 옵션 변경,"구글 원 이용 고객님, 9월부터 저장공간 옵션을 변경할 수 있습니다. 자세한 내용은 U+ 앱에서 확인해 주세요.",ENTR-VAS-BASELINE-0145,110145,2026-09-07T10:00:00,synthetic-seeder
2026-09-07,110146,20260907,CRM-G1-20260907-0146,CMP-G1-OPTION-202609,구글 원 세부 옵션 변경 기능 안내,SMS-G1-OPTION-CHANGE-V1,2026-09-07T08:00:00,SMS,DELIVERED,구글 원 100GB 부가서비스 가입자,VAS-GOOGLEONE-100,구글 원 100GB,구글 원 저장공간 옵션 변경,"구글 원 이용 고객님, 9월부터 저장공간 옵션을 변경할 수 있습니다. 자세한 내용은 U+ 앱에서 확인해 주세요.",ENTR-VAS-BASELINE-0146,110146,2026-09-07T10:00:00,synthetic-seeder
2026-09-07,110147,20260907,CRM-G1-20260907-0147,CMP-G1-OPTION-202609,구글 원 세부 옵션 변경 기능 안내,SMS-G1-OPTION-CHANGE-V1,2026-09-07T08:00:00,SMS,DELIVERED,구글 원 100GB 부가서비스 가입자,VAS-GOOGLEONE-100,구글 원 100GB,구글 원 저장공간 옵션 변경,"구글 원 이용 고객님, 9월부터 저장공간 옵션을 변경할 수 있습니다. 자세한 내용은 U+ 앱에서 확인해 주세요.",ENTR-VAS-BASELINE-0147,110147,2026-09-07T10:00:00,synthetic-seeder
2026-09-07,110148,20260907,CRM-G1-20260907-0148,CMP-G1-OPTION-202609,구글 원 세부 옵션 변경 기능 안내,SMS-G1-OPTION-CHANGE-V1,2026-09-07T08:00:00,SMS,DELIVERED,구글 원 100GB 부가서비스 가입자,VAS-GOOGLEONE-100,구글 원 100GB,구글 원 저장공간 옵션 변경,"구글 원 이용 고객님, 9월부터 저장공간 옵션을 변경할 수 있습니다. 자세한 내용은 U+ 앱에서 확인해 주세요.",ENTR-VAS-BASELINE-0148,110148,2026-09-07T10:00:00,synthetic-seeder
2026-09-07,110149,20260907,CRM-G1-20260907-0149,CMP-G1-OPTION-202609,구글 원 세부 옵션 변경 기능 안내,SMS-G1-OPTION-CHANGE-V1,2026-09-07T08:00:00,SMS,DELIVERED,구글 원 100GB 부가서비스 가입자,VAS-GOOGLEONE-100,구글 원 100GB,구글 원 저장공간 옵션 변경,"구글 원 이용 고객님, 9월부터 저장공간 옵션을 변경할 수 있습니다. 자세한 내용은 U+ 앱에서 확인해 주세요.",ENTR-VAS-BASELINE-0149,110149,2026-09-07T10:00:00,synthetic-seeder
2026-09-07,110150,20260907,CRM-G1-20260907-0150,CMP-G1-OPTION-202609,구글 원 세부 옵션 변경 기능 안내,SMS-G1-OPTION-CHANGE-V1,2026-09-07T08:00:00,SMS,DELIVERED,구글 원 100GB 부가서비스 가입자,VAS-GOOGLEONE-100,구글 원 100GB,구글 원 저장공간 옵션 변경,"구글 원 이용 고객님, 9월부터 저장공간 옵션을 변경할 수 있습니다. 자세한 내용은 U+ 앱에서 확인해 주세요.",ENTR-VAS-BASELINE-0150,110150,2026-09-07T10:00:00,synthetic-seeder
2026-09-07,110151,20260907,CRM-G1-20260907-0151,CMP-G1-OPTION-202609,구글 원 세부 옵션 변경 기능 안내,SMS-G1-OPTION-CHANGE-V1,2026-09-07T08:00:00,SMS,DELIVERED,구글 원 100GB 부가서비스 가입자,VAS-GOOGLEONE-100,구글 원 100GB,구글 원 저장공간 옵션 변경,"구글 원 이용 고객님, 9월부터 저장공간 옵션을 변경할 수 있습니다. 자세한 내용은 U+ 앱에서 확인해 주세요.",ENTR-VAS-BASELINE-0151,110151,2026-09-07T10:00:00,synthetic-seeder
2026-09-07,110152,20260907,CRM-G1-20260907-0152,CMP-G1-OPTION-202609,구글 원 세부 옵션 변경 기능 안내,SMS-G1-OPTION-CHANGE-V1,2026-09-07T08:00:00,SMS,DELIVERED,구글 원 100GB 부가서비스 가입자,VAS-GOOGLEONE-100,구글 원 100GB,구글 원 저장공간 옵션 변경,"구글 원 이용 고객님, 9월부터 저장공간 옵션을 변경할 수 있습니다. 자세한 내용은 U+ 앱에서 확인해 주세요.",ENTR-VAS-BASELINE-0152,110152,2026-09-07T10:00:00,synthetic-seeder
2026-09-07,110153,20260907,CRM-G1-20260907-0153,CMP-G1-OPTION-202609,구글 원 세부 옵션 변경 기능 안내,SMS-G1-OPTION-CHANGE-V1,2026-09-07T08:00:00,SMS,DELIVERED,구글 원 100GB 부가서비스 가입자,VAS-GOOGLEONE-100,구글 원 100GB,구글 원 저장공간 옵션 변경,"구글 원 이용 고객님, 9월부터 저장공간 옵션을 변경할 수 있습니다. 자세한 내용은 U+ 앱에서 확인해 주세요.",ENTR-VAS-BASELINE-0153,110153,2026-09-07T10:00:00,synthetic-seeder
2026-09-07,110154,20260907,CRM-G1-20260907-0154,CMP-G1-OPTION-202609,구글 원 세부 옵션 변경 기능 안내,SMS-G1-OPTION-CHANGE-V1,2026-09-07T08:00:00,SMS,DELIVERED,구글 원 100GB 부가서비스 가입자,VAS-GOOGLEONE-100,구글 원 100GB,구글 원 저장공간 옵션 변경,"구글 원 이용 고객님, 9월부터 저장공간 옵션을 변경할 수 있습니다. 자세한 내용은 U+ 앱에서 확인해 주세요.",ENTR-VAS-BASELINE-0154,110154,2026-09-07T10:00:00,synthetic-seeder
2026-09-07,110155,20260907,CRM-G1-20260907-0155,CMP-G1-OPTION-202609,구글 원 세부 옵션 변경 기능 안내,SMS-G1-OPTION-CHANGE-V1,2026-09-07T08:00:00,SMS,DELIVERED,구글 원 100GB 부가서비스 가입자,VAS-GOOGLEONE-100,구글 원 100GB,구글 원 저장공간 옵션 변경,"구글 원 이용 고객님, 9월부터 저장공간 옵션을 변경할 수 있습니다. 자세한 내용은 U+ 앱에서 확인해 주세요.",ENTR-VAS-BASELINE-0155,110155,2026-09-07T10:00:00,synthetic-seeder
2026-09-07,110156,20260907,CRM-G1-20260907-0156,CMP-G1-OPTION-202609,구글 원 세부 옵션 변경 기능 안내,SMS-G1-OPTION-CHANGE-V1,2026-09-07T08:00:00,SMS,DELIVERED,구글 원 100GB 부가서비스 가입자,VAS-GOOGLEONE-100,구글 원 100GB,구글 원 저장공간 옵션 변경,"구글 원 이용 고객님, 9월부터 저장공간 옵션을 변경할 수 있습니다. 자세한 내용은 U+ 앱에서 확인해 주세요.",ENTR-VAS-BASELINE-0156,110156,2026-09-07T10:00:00,synthetic-seeder
2026-09-07,110157,20260907,CRM-G1-20260907-0157,CMP-G1-OPTION-202609,구글 원 세부 옵션 변경 기능 안내,SMS-G1-OPTION-CHANGE-V1,2026-09-07T08:00:00,SMS,DELIVERED,구글 원 100GB 부가서비스 가입자,VAS-GOOGLEONE-100,구글 원 100GB,구글 원 저장공간 옵션 변경,"구글 원 이용 고객님, 9월부터 저장공간 옵션을 변경할 수 있습니다. 자세한 내용은 U+ 앱에서 확인해 주세요.",ENTR-VAS-BASELINE-0157,110157,2026-09-07T10:00:00,synthetic-seeder
2026-09-07,110158,20260907,CRM-G1-20260907-0158,CMP-G1-OPTION-202609,구글 원 세부 옵션 변경 기능 안내,SMS-G1-OPTION-CHANGE-V1,2026-09-07T08:00:00,SMS,DELIVERED,구글 원 100GB 부가서비스 가입자,VAS-GOOGLEONE-100,구글 원 100GB,구글 원 저장공간 옵션 변경,"구글 원 이용 고객님, 9월부터 저장공간 옵션을 변경할 수 있습니다. 자세한 내용은 U+ 앱에서 확인해 주세요.",ENTR-VAS-BASELINE-0158,110158,2026-09-07T10:00:00,synthetic-seeder
2026-09-07,110159,20260907,CRM-G1-20260907-0159,CMP-G1-OPTION-202609,구글 원 세부 옵션 변경 기능 안내,SMS-G1-OPTION-CHANGE-V1,2026-09-07T08:00:00,SMS,DELIVERED,구글 원 100GB 부가서비스 가입자,VAS-GOOGLEONE-100,구글 원 100GB,구글 원 저장공간 옵션 변경,"구글 원 이용 고객님, 9월부터 저장공간 옵션을 변경할 수 있습니다. 자세한 내용은 U+ 앱에서 확인해 주세요.",ENTR-VAS-BASELINE-0159,110159,2026-09-07T10:00:00,synthetic-seeder
2026-09-07,110160,20260907,CRM-G1-20260907-0160,CMP-G1-OPTION-202609,구글 원 세부 옵션 변경 기능 안내,SMS-G1-OPTION-CHANGE-V1,2026-09-07T08:00:00,SMS,DELIVERED,구글 원 100GB 부가서비스 가입자,VAS-GOOGLEONE-100,구글 원 100GB,구글 원 저장공간 옵션 변경,"구글 원 이용 고객님, 9월부터 저장공간 옵션을 변경할 수 있습니다. 자세한 내용은 U+ 앱에서 확인해 주세요.",ENTR-VAS-BASELINE-0160,110160,2026-09-07T10:00:00,synthetic-seeder
2026-09-07,110181,20260907,CRM-G1-20260907-0181,CMP-G1-OPTION-202609,구글 원 세부 옵션 변경 기능 안내,SMS-G1-OPTION-CHANGE-V1,2026-09-07T08:00:00,SMS,DELIVERED,구글 원 100GB 부가서비스 가입자,VAS-GOOGLEONE-100,구글 원 100GB,구글 원 저장공간 옵션 변경,"구글 원 이용 고객님, 9월부터 저장공간 옵션을 변경할 수 있습니다. 자세한 내용은 U+ 앱에서 확인해 주세요.",ENTR-VAS-BASELINE-0181,110181,2026-09-07T10:00:00,synthetic-seeder
2026-09-07,110182,20260907,CRM-G1-20260907-0182,CMP-G1-OPTION-202609,구글 원 세부 옵션 변경 기능 안내,SMS-G1-OPTION-CHANGE-V1,2026-09-07T08:00:00,SMS,DELIVERED,구글 원 100GB 부가서비스 가입자,VAS-GOOGLEONE-100,구글 원 100GB,구글 원 저장공간 옵션 변경,"구글 원 이용 고객님, 9월부터 저장공간 옵션을 변경할 수 있습니다. 자세한 내용은 U+ 앱에서 확인해 주세요.",ENTR-VAS-BASELINE-0182,110182,2026-09-07T10:00:00,synthetic-seeder
2026-09-07,110183,20260907,CRM-G1-20260907-0183,CMP-G1-OPTION-202609,구글 원 세부 옵션 변경 기능 안내,SMS-G1-OPTION-CHANGE-V1,2026-09-07T08:00:00,SMS,DELIVERED,구글 원 100GB 부가서비스 가입자,VAS-GOOGLEONE-100,구글 원 100GB,구글 원 저장공간 옵션 변경,"구글 원 이용 고객님, 9월부터 저장공간 옵션을 변경할 수 있습니다. 자세한 내용은 U+ 앱에서 확인해 주세요.",ENTR-VAS-BASELINE-0183,110183,2026-09-07T10:00:00,synthetic-seeder
2026-09-07,110184,20260907,CRM-G1-20260907-0184,CMP-G1-OPTION-202609,구글 원 세부 옵션 변경 기능 안내,SMS-G1-OPTION-CHANGE-V1,2026-09-07T08:00:00,SMS,DELIVERED,구글 원 100GB 부가서비스 가입자,VAS-GOOGLEONE-100,구글 원 100GB,구글 원 저장공간 옵션 변경,"구글 원 이용 고객님, 9월부터 저장공간 옵션을 변경할 수 있습니다. 자세한 내용은 U+ 앱에서 확인해 주세요.",ENTR-VAS-BASELINE-0184,110184,2026-09-07T10:00:00,synthetic-seeder
2026-09-07,110185,20260907,CRM-G1-20260907-0185,CMP-G1-OPTION-202609,구글 원 세부 옵션 변경 기능 안내,SMS-G1-OPTION-CHANGE-V1,2026-09-07T08:00:00,SMS,DELIVERED,구글 원 100GB 부가서비스 가입자,VAS-GOOGLEONE-100,구글 원 100GB,구글 원 저장공간 옵션 변경,"구글 원 이용 고객님, 9월부터 저장공간 옵션을 변경할 수 있습니다. 자세한 내용은 U+ 앱에서 확인해 주세요.",ENTR-VAS-BASELINE-0185,110185,2026-09-07T10:00:00,synthetic-seeder
2026-09-07,110186,20260907,CRM-G1-20260907-0186,CMP-G1-OPTION-202609,구글 원 세부 옵션 변경 기능 안내,SMS-G1-OPTION-CHANGE-V1,2026-09-07T08:00:00,SMS,DELIVERED,구글 원 100GB 부가서비스 가입자,VAS-GOOGLEONE-100,구글 원 100GB,구글 원 저장공간 옵션 변경,"구글 원 이용 고객님, 9월부터 저장공간 옵션을 변경할 수 있습니다. 자세한 내용은 U+ 앱에서 확인해 주세요.",ENTR-VAS-BASELINE-0186,110186,2026-09-07T10:00:00,synthetic-seeder
2026-09-07,110187,20260907,CRM-G1-20260907-0187,CMP-G1-OPTION-202609,구글 원 세부 옵션 변경 기능 안내,SMS-G1-OPTION-CHANGE-V1,2026-09-07T08:00:00,SMS,DELIVERED,구글 원 100GB 부가서비스 가입자,VAS-GOOGLEONE-100,구글 원 100GB,구글 원 저장공간 옵션 변경,"구글 원 이용 고객님, 9월부터 저장공간 옵션을 변경할 수 있습니다. 자세한 내용은 U+ 앱에서 확인해 주세요.",ENTR-VAS-BASELINE-0187,110187,2026-09-07T10:00:00,synthetic-seeder
2026-09-07,110188,20260907,CRM-G1-20260907-0188,CMP-G1-OPTION-202609,구글 원 세부 옵션 변경 기능 안내,SMS-G1-OPTION-CHANGE-V1,2026-09-07T08:00:00,SMS,DELIVERED,구글 원 100GB 부가서비스 가입자,VAS-GOOGLEONE-100,구글 원 100GB,구글 원 저장공간 옵션 변경,"구글 원 이용 고객님, 9월부터 저장공간 옵션을 변경할 수 있습니다. 자세한 내용은 U+ 앱에서 확인해 주세요.",ENTR-VAS-BASELINE-0188,110188,2026-09-07T10:00:00,synthetic-seeder
2026-09-07,110189,20260907,CRM-G1-20260907-0189,CMP-G1-OPTION-202609,구글 원 세부 옵션 변경 기능 안내,SMS-G1-OPTION-CHANGE-V1,2026-09-07T08:00:00,SMS,DELIVERED,구글 원 100GB 부가서비스 가입자,VAS-GOOGLEONE-100,구글 원 100GB,구글 원 저장공간 옵션 변경,"구글 원 이용 고객님, 9월부터 저장공간 옵션을 변경할 수 있습니다. 자세한 내용은 U+ 앱에서 확인해 주세요.",ENTR-VAS-BASELINE-0189,110189,2026-09-07T10:00:00,synthetic-seeder
2026-09-07,110190,20260907,CRM-G1-20260907-0190,CMP-G1-OPTION-202609,구글 원 세부 옵션 변경 기능 안내,SMS-G1-OPTION-CHANGE-V1,2026-09-07T08:00:00,SMS,DELIVERED,구글 원 100GB 부가서비스 가입자,VAS-GOOGLEONE-100,구글 원 100GB,구글 원 저장공간 옵션 변경,"구글 원 이용 고객님, 9월부터 저장공간 옵션을 변경할 수 있습니다. 자세한 내용은 U+ 앱에서 확인해 주세요.",ENTR-VAS-BASELINE-0190,110190,2026-09-07T10:00:00,synthetic-seeder
2026-09-07,110191,20260907,CRM-G1-20260907-0191,CMP-G1-OPTION-202609,구글 원 세부 옵션 변경 기능 안내,SMS-G1-OPTION-CHANGE-V1,2026-09-07T08:00:00,SMS,DELIVERED,구글 원 100GB 부가서비스 가입자,VAS-GOOGLEONE-100,구글 원 100GB,구글 원 저장공간 옵션 변경,"구글 원 이용 고객님, 9월부터 저장공간 옵션을 변경할 수 있습니다. 자세한 내용은 U+ 앱에서 확인해 주세요.",ENTR-VAS-BASELINE-0191,110191,2026-09-07T10:00:00,synthetic-seeder
2026-09-07,110192,20260907,CRM-G1-20260907-0192,CMP-G1-OPTION-202609,구글 원 세부 옵션 변경 기능 안내,SMS-G1-OPTION-CHANGE-V1,2026-09-07T08:00:00,SMS,DELIVERED,구글 원 100GB 부가서비스 가입자,VAS-GOOGLEONE-100,구글 원 100GB,구글 원 저장공간 옵션 변경,"구글 원 이용 고객님, 9월부터 저장공간 옵션을 변경할 수 있습니다. 자세한 내용은 U+ 앱에서 확인해 주세요.",ENTR-VAS-BASELINE-0192,110192,2026-09-07T10:00:00,synthetic-seeder
2026-09-07,110193,20260907,CRM-G1-20260907-0193,CMP-G1-OPTION-202609,구글 원 세부 옵션 변경 기능 안내,SMS-G1-OPTION-CHANGE-V1,2026-09-07T08:00:00,SMS,DELIVERED,구글 원 100GB 부가서비스 가입자,VAS-GOOGLEONE-100,구글 원 100GB,구글 원 저장공간 옵션 변경,"구글 원 이용 고객님, 9월부터 저장공간 옵션을 변경할 수 있습니다. 자세한 내용은 U+ 앱에서 확인해 주세요.",ENTR-VAS-BASELINE-0193,110193,2026-09-07T10:00:00,synthetic-seeder
2026-09-07,110194,20260907,CRM-G1-20260907-0194,CMP-G1-OPTION-202609,구글 원 세부 옵션 변경 기능 안내,SMS-G1-OPTION-CHANGE-V1,2026-09-07T08:00:00,SMS,DELIVERED,구글 원 100GB 부가서비스 가입자,VAS-GOOGLEONE-100,구글 원 100GB,구글 원 저장공간 옵션 변경,"구글 원 이용 고객님, 9월부터 저장공간 옵션을 변경할 수 있습니다. 자세한 내용은 U+ 앱에서 확인해 주세요.",ENTR-VAS-BASELINE-0194,110194,2026-09-07T10:00:00,synthetic-seeder
2026-09-07,110195,20260907,CRM-G1-20260907-0195,CMP-G1-OPTION-202609,구글 원 세부 옵션 변경 기능 안내,SMS-G1-OPTION-CHANGE-V1,2026-09-07T08:00:00,SMS,DELIVERED,구글 원 100GB 부가서비스 가입자,VAS-GOOGLEONE-100,구글 원 100GB,구글 원 저장공간 옵션 변경,"구글 원 이용 고객님, 9월부터 저장공간 옵션을 변경할 수 있습니다. 자세한 내용은 U+ 앱에서 확인해 주세요.",ENTR-VAS-BASELINE-0195,110195,2026-09-07T10:00:00,synthetic-seeder
2026-09-07,110196,20260907,CRM-G1-20260907-0196,CMP-G1-OPTION-202609,구글 원 세부 옵션 변경 기능 안내,SMS-G1-OPTION-CHANGE-V1,2026-09-07T08:00:00,SMS,DELIVERED,구글 원 100GB 부가서비스 가입자,VAS-GOOGLEONE-100,구글 원 100GB,구글 원 저장공간 옵션 변경,"구글 원 이용 고객님, 9월부터 저장공간 옵션을 변경할 수 있습니다. 자세한 내용은 U+ 앱에서 확인해 주세요.",ENTR-VAS-BASELINE-0196,110196,2026-09-07T10:00:00,synthetic-seeder
2026-09-07,110197,20260907,CRM-G1-20260907-0197,CMP-G1-OPTION-202609,구글 원 세부 옵션 변경 기능 안내,SMS-G1-OPTION-CHANGE-V1,2026-09-07T08:00:00,SMS,DELIVERED,구글 원 100GB 부가서비스 가입자,VAS-GOOGLEONE-100,구글 원 100GB,구글 원 저장공간 옵션 변경,"구글 원 이용 고객님, 9월부터 저장공간 옵션을 변경할 수 있습니다. 자세한 내용은 U+ 앱에서 확인해 주세요.",ENTR-VAS-BASELINE-0197,110197,2026-09-07T10:00:00,synthetic-seeder
2026-09-07,110198,20260907,CRM-G1-20260907-0198,CMP-G1-OPTION-202609,구글 원 세부 옵션 변경 기능 안내,SMS-G1-OPTION-CHANGE-V1,2026-09-07T08:00:00,SMS,DELIVERED,구글 원 100GB 부가서비스 가입자,VAS-GOOGLEONE-100,구글 원 100GB,구글 원 저장공간 옵션 변경,"구글 원 이용 고객님, 9월부터 저장공간 옵션을 변경할 수 있습니다. 자세한 내용은 U+ 앱에서 확인해 주세요.",ENTR-VAS-BASELINE-0198,110198,2026-09-07T10:00:00,synthetic-seeder
2026-09-07,110199,20260907,CRM-G1-20260907-0199,CMP-G1-OPTION-202609,구글 원 세부 옵션 변경 기능 안내,SMS-G1-OPTION-CHANGE-V1,2026-09-07T08:00:00,SMS,DELIVERED,구글 원 100GB 부가서비스 가입자,VAS-GOOGLEONE-100,구글 원 100GB,구글 원 저장공간 옵션 변경,"구글 원 이용 고객님, 9월부터 저장공간 옵션을 변경할 수 있습니다. 자세한 내용은 U+ 앱에서 확인해 주세요.",ENTR-VAS-BASELINE-0199,110199,2026-09-07T10:00:00,synthetic-seeder
2026-09-07,110200,20260907,CRM-G1-20260907-0200,CMP-G1-OPTION-202609,구글 원 세부 옵션 변경 기능 안내,SMS-G1-OPTION-CHANGE-V1,2026-09-07T08:00:00,SMS,DELIVERED,구글 원 100GB 부가서비스 가입자,VAS-GOOGLEONE-100,구글 원 100GB,구글 원 저장공간 옵션 변경,"구글 원 이용 고객님, 9월부터 저장공간 옵션을 변경할 수 있습니다. 자세한 내용은 U+ 앱에서 확인해 주세요.",ENTR-VAS-BASELINE-0200,110200,2026-09-07T10:00:00,synthetic-seeder
2026-09-07,110201,20260907,CRM-G1-20260907-0201,CMP-G1-OPTION-202609,구글 원 세부 옵션 변경 기능 안내,SMS-G1-OPTION-CHANGE-V1,2026-09-07T08:00:00,SMS,DELIVERED,구글 원 100GB 부가서비스 가입자,VAS-GOOGLEONE-100,구글 원 100GB,구글 원 저장공간 옵션 변경,"구글 원 이용 고객님, 9월부터 저장공간 옵션을 변경할 수 있습니다. 자세한 내용은 U+ 앱에서 확인해 주세요.",ENTR-VAS-BASELINE-0201,110201,2026-09-07T10:00:00,synthetic-seeder
2026-09-07,110202,20260907,CRM-G1-20260907-0202,CMP-G1-OPTION-202609,구글 원 세부 옵션 변경 기능 안내,SMS-G1-OPTION-CHANGE-V1,2026-09-07T08:00:00,SMS,DELIVERED,구글 원 100GB 부가서비스 가입자,VAS-GOOGLEONE-100,구글 원 100GB,구글 원 저장공간 옵션 변경,"구글 원 이용 고객님, 9월부터 저장공간 옵션을 변경할 수 있습니다. 자세한 내용은 U+ 앱에서 확인해 주세요.",ENTR-VAS-BASELINE-0202,110202,2026-09-07T10:00:00,synthetic-seeder
2026-09-07,110203,20260907,CRM-G1-20260907-0203,CMP-G1-OPTION-202609,구글 원 세부 옵션 변경 기능 안내,SMS-G1-OPTION-CHANGE-V1,2026-09-07T08:00:00,SMS,DELIVERED,구글 원 100GB 부가서비스 가입자,VAS-GOOGLEONE-100,구글 원 100GB,구글 원 저장공간 옵션 변경,"구글 원 이용 고객님, 9월부터 저장공간 옵션을 변경할 수 있습니다. 자세한 내용은 U+ 앱에서 확인해 주세요.",ENTR-VAS-BASELINE-0203,110203,2026-09-07T10:00:00,synthetic-seeder
2026-09-07,110204,20260907,CRM-G1-20260907-0204,CMP-G1-OPTION-202609,구글 원 세부 옵션 변경 기능 안내,SMS-G1-OPTION-CHANGE-V1,2026-09-07T08:00:00,SMS,DELIVERED,구글 원 100GB 부가서비스 가입자,VAS-GOOGLEONE-100,구글 원 100GB,구글 원 저장공간 옵션 변경,"구글 원 이용 고객님, 9월부터 저장공간 옵션을 변경할 수 있습니다. 자세한 내용은 U+ 앱에서 확인해 주세요.",ENTR-VAS-BASELINE-0204,110204,2026-09-07T10:00:00,synthetic-seeder
2026-09-07,110205,20260907,CRM-G1-20260907-0205,CMP-G1-OPTION-202609,구글 원 세부 옵션 변경 기능 안내,SMS-G1-OPTION-CHANGE-V1,2026-09-07T08:00:00,SMS,DELIVERED,구글 원 100GB 부가서비스 가입자,VAS-GOOGLEONE-100,구글 원 100GB,구글 원 저장공간 옵션 변경,"구글 원 이용 고객님, 9월부터 저장공간 옵션을 변경할 수 있습니다. 자세한 내용은 U+ 앱에서 확인해 주세요.",ENTR-VAS-BASELINE-0205,110205,2026-09-07T10:00:00,synthetic-seeder
2026-09-07,110206,20260907,CRM-G1-20260907-0206,CMP-G1-OPTION-202609,구글 원 세부 옵션 변경 기능 안내,SMS-G1-OPTION-CHANGE-V1,2026-09-07T08:00:00,SMS,DELIVERED,구글 원 100GB 부가서비스 가입자,VAS-GOOGLEONE-100,구글 원 100GB,구글 원 저장공간 옵션 변경,"구글 원 이용 고객님, 9월부터 저장공간 옵션을 변경할 수 있습니다. 자세한 내용은 U+ 앱에서 확인해 주세요.",ENTR-VAS-BASELINE-0206,110206,2026-09-07T10:00:00,synthetic-seeder
2026-09-07,110207,20260907,CRM-G1-20260907-0207,CMP-G1-OPTION-202609,구글 원 세부 옵션 변경 기능 안내,SMS-G1-OPTION-CHANGE-V1,2026-09-07T08:00:00,SMS,DELIVERED,구글 원 100GB 부가서비스 가입자,VAS-GOOGLEONE-100,구글 원 100GB,구글 원 저장공간 옵션 변경,"구글 원 이용 고객님, 9월부터 저장공간 옵션을 변경할 수 있습니다. 자세한 내용은 U+ 앱에서 확인해 주세요.",ENTR-VAS-BASELINE-0207,110207,2026-09-07T10:00:00,synthetic-seeder
2026-09-07,110208,20260907,CRM-G1-20260907-0208,CMP-G1-OPTION-202609,구글 원 세부 옵션 변경 기능 안내,SMS-G1-OPTION-CHANGE-V1,2026-09-07T08:00:00,SMS,DELIVERED,구글 원 100GB 부가서비스 가입자,VAS-GOOGLEONE-100,구글 원 100GB,구글 원 저장공간 옵션 변경,"구글 원 이용 고객님, 9월부터 저장공간 옵션을 변경할 수 있습니다. 자세한 내용은 U+ 앱에서 확인해 주세요.",ENTR-VAS-BASELINE-0208,110208,2026-09-07T10:00:00,synthetic-seeder
2026-09-07,110209,20260907,CRM-G1-20260907-0209,CMP-G1-OPTION-202609,구글 원 세부 옵션 변경 기능 안내,SMS-G1-OPTION-CHANGE-V1,2026-09-07T08:00:00,SMS,DELIVERED,구글 원 100GB 부가서비스 가입자,VAS-GOOGLEONE-100,구글 원 100GB,구글 원 저장공간 옵션 변경,"구글 원 이용 고객님, 9월부터 저장공간 옵션을 변경할 수 있습니다. 자세한 내용은 U+ 앱에서 확인해 주세요.",ENTR-VAS-BASELINE-0209,110209,2026-09-07T10:00:00,synthetic-seeder
2026-09-07,110210,20260907,CRM-G1-20260907-0210,CMP-G1-OPTION-202609,구글 원 세부 옵션 변경 기능 안내,SMS-G1-OPTION-CHANGE-V1,2026-09-07T08:00:00,SMS,DELIVERED,구글 원 100GB 부가서비스 가입자,VAS-GOOGLEONE-100,구글 원 100GB,구글 원 저장공간 옵션 변경,"구글 원 이용 고객님, 9월부터 저장공간 옵션을 변경할 수 있습니다. 자세한 내용은 U+ 앱에서 확인해 주세요.",ENTR-VAS-BASELINE-0210,110210,2026-09-07T10:00:00,synthetic-seeder
2026-09-07,110211,20260907,CRM-G1-20260907-0211,CMP-G1-OPTION-202609,구글 원 세부 옵션 변경 기능 안내,SMS-G1-OPTION-CHANGE-V1,2026-09-07T08:00:00,SMS,DELIVERED,구글 원 100GB 부가서비스 가입자,VAS-GOOGLEONE-100,구글 원 100GB,구글 원 저장공간 옵션 변경,"구글 원 이용 고객님, 9월부터 저장공간 옵션을 변경할 수 있습니다. 자세한 내용은 U+ 앱에서 확인해 주세요.",ENTR-VAS-BASELINE-0211,110211,2026-09-07T10:00:00,synthetic-seeder
2026-09-07,110212,20260907,CRM-G1-20260907-0212,CMP-G1-OPTION-202609,구글 원 세부 옵션 변경 기능 안내,SMS-G1-OPTION-CHANGE-V1,2026-09-07T08:00:00,SMS,DELIVERED,구글 원 100GB 부가서비스 가입자,VAS-GOOGLEONE-100,구글 원 100GB,구글 원 저장공간 옵션 변경,"구글 원 이용 고객님, 9월부터 저장공간 옵션을 변경할 수 있습니다. 자세한 내용은 U+ 앱에서 확인해 주세요.",ENTR-VAS-BASELINE-0212,110212,2026-09-07T10:00:00,synthetic-seeder
2026-09-07,110213,20260907,CRM-G1-20260907-0213,CMP-G1-OPTION-202609,구글 원 세부 옵션 변경 기능 안내,SMS-G1-OPTION-CHANGE-V1,2026-09-07T08:00:00,SMS,DELIVERED,구글 원 100GB 부가서비스 가입자,VAS-GOOGLEONE-100,구글 원 100GB,구글 원 저장공간 옵션 변경,"구글 원 이용 고객님, 9월부터 저장공간 옵션을 변경할 수 있습니다. 자세한 내용은 U+ 앱에서 확인해 주세요.",ENTR-VAS-BASELINE-0213,110213,2026-09-07T10:00:00,synthetic-seeder
2026-09-07,110214,20260907,CRM-G1-20260907-0214,CMP-G1-OPTION-202609,구글 원 세부 옵션 변경 기능 안내,SMS-G1-OPTION-CHANGE-V1,2026-09-07T08:00:00,SMS,DELIVERED,구글 원 100GB 부가서비스 가입자,VAS-GOOGLEONE-100,구글 원 100GB,구글 원 저장공간 옵션 변경,"구글 원 이용 고객님, 9월부터 저장공간 옵션을 변경할 수 있습니다. 자세한 내용은 U+ 앱에서 확인해 주세요.",ENTR-VAS-BASELINE-0214,110214,2026-09-07T10:00:00,synthetic-seeder
2026-09-07,110215,20260907,CRM-G1-20260907-0215,CMP-G1-OPTION-202609,구글 원 세부 옵션 변경 기능 안내,SMS-G1-OPTION-CHANGE-V1,2026-09-07T08:00:00,SMS,DELIVERED,구글 원 100GB 부가서비스 가입자,VAS-GOOGLEONE-100,구글 원 100GB,구글 원 저장공간 옵션 변경,"구글 원 이용 고객님, 9월부터 저장공간 옵션을 변경할 수 있습니다. 자세한 내용은 U+ 앱에서 확인해 주세요.",ENTR-VAS-BASELINE-0215,110215,2026-09-07T10:00:00,synthetic-seeder
2026-09-07,110216,20260907,CRM-G1-20260907-0216,CMP-G1-OPTION-202609,구글 원 세부 옵션 변경 기능 안내,SMS-G1-OPTION-CHANGE-V1,2026-09-07T08:00:00,SMS,DELIVERED,구글 원 100GB 부가서비스 가입자,VAS-GOOGLEONE-100,구글 원 100GB,구글 원 저장공간 옵션 변경,"구글 원 이용 고객님, 9월부터 저장공간 옵션을 변경할 수 있습니다. 자세한 내용은 U+ 앱에서 확인해 주세요.",ENTR-VAS-BASELINE-0216,110216,2026-09-07T10:00:00,synthetic-seeder
2026-09-07,110217,20260907,CRM-G1-20260907-0217,CMP-G1-OPTION-202609,구글 원 세부 옵션 변경 기능 안내,SMS-G1-OPTION-CHANGE-V1,2026-09-07T08:00:00,SMS,DELIVERED,구글 원 100GB 부가서비스 가입자,VAS-GOOGLEONE-100,구글 원 100GB,구글 원 저장공간 옵션 변경,"구글 원 이용 고객님, 9월부터 저장공간 옵션을 변경할 수 있습니다. 자세한 내용은 U+ 앱에서 확인해 주세요.",ENTR-VAS-BASELINE-0217,110217,2026-09-07T10:00:00,synthetic-seeder
2026-09-07,110218,20260907,CRM-G1-20260907-0218,CMP-G1-OPTION-202609,구글 원 세부 옵션 변경 기능 안내,SMS-G1-OPTION-CHANGE-V1,2026-09-07T08:00:00,SMS,DELIVERED,구글 원 100GB 부가서비스 가입자,VAS-GOOGLEONE-100,구글 원 100GB,구글 원 저장공간 옵션 변경,"구글 원 이용 고객님, 9월부터 저장공간 옵션을 변경할 수 있습니다. 자세한 내용은 U+ 앱에서 확인해 주세요.",ENTR-VAS-BASELINE-0218,110218,2026-09-07T10:00:00,synthetic-seeder
2026-09-07,110219,20260907,CRM-G1-20260907-0219,CMP-G1-OPTION-202609,구글 원 세부 옵션 변경 기능 안내,SMS-G1-OPTION-CHANGE-V1,2026-09-07T08:00:00,SMS,DELIVERED,구글 원 100GB 부가서비스 가입자,VAS-GOOGLEONE-100,구글 원 100GB,구글 원 저장공간 옵션 변경,"구글 원 이용 고객님, 9월부터 저장공간 옵션을 변경할 수 있습니다. 자세한 내용은 U+ 앱에서 확인해 주세요.",ENTR-VAS-BASELINE-0219,110219,2026-09-07T10:00:00,synthetic-seeder
2026-09-07,110220,20260907,CRM-G1-20260907-0220,CMP-G1-OPTION-202609,구글 원 세부 옵션 변경 기능 안내,SMS-G1-OPTION-CHANGE-V1,2026-09-07T08:00:00,SMS,DELIVERED,구글 원 100GB 부가서비스 가입자,VAS-GOOGLEONE-100,구글 원 100GB,구글 원 저장공간 옵션 변경,"구글 원 이용 고객님, 9월부터 저장공간 옵션을 변경할 수 있습니다. 자세한 내용은 U+ 앱에서 확인해 주세요.",ENTR-VAS-BASELINE-0220,110220,2026-09-07T10:00:00,synthetic-seeder
2026-09-07,110221,20260907,CRM-G1-20260907-0221,CMP-G1-OPTION-202609,구글 원 세부 옵션 변경 기능 안내,SMS-G1-OPTION-CHANGE-V1,2026-09-07T08:00:00,SMS,DELIVERED,구글 원 100GB 부가서비스 가입자,VAS-GOOGLEONE-100,구글 원 100GB,구글 원 저장공간 옵션 변경,"구글 원 이용 고객님, 9월부터 저장공간 옵션을 변경할 수 있습니다. 자세한 내용은 U+ 앱에서 확인해 주세요.",ENTR-VAS-BASELINE-0221,110221,2026-09-07T10:00:00,synthetic-seeder
2026-09-07,110222,20260907,CRM-G1-20260907-0222,CMP-G1-OPTION-202609,구글 원 세부 옵션 변경 기능 안내,SMS-G1-OPTION-CHANGE-V1,2026-09-07T08:00:00,SMS,DELIVERED,구글 원 100GB 부가서비스 가입자,VAS-GOOGLEONE-100,구글 원 100GB,구글 원 저장공간 옵션 변경,"구글 원 이용 고객님, 9월부터 저장공간 옵션을 변경할 수 있습니다. 자세한 내용은 U+ 앱에서 확인해 주세요.",ENTR-VAS-BASELINE-0222,110222,2026-09-07T10:00:00,synthetic-seeder
2026-09-07,110223,20260907,CRM-G1-20260907-0223,CMP-G1-OPTION-202609,구글 원 세부 옵션 변경 기능 안내,SMS-G1-OPTION-CHANGE-V1,2026-09-07T08:00:00,SMS,DELIVERED,구글 원 100GB 부가서비스 가입자,VAS-GOOGLEONE-100,구글 원 100GB,구글 원 저장공간 옵션 변경,"구글 원 이용 고객님, 9월부터 저장공간 옵션을 변경할 수 있습니다. 자세한 내용은 U+ 앱에서 확인해 주세요.",ENTR-VAS-BASELINE-0223,110223,2026-09-07T10:00:00,synthetic-seeder
2026-09-07,110224,20260907,CRM-G1-20260907-0224,CMP-G1-OPTION-202609,구글 원 세부 옵션 변경 기능 안내,SMS-G1-OPTION-CHANGE-V1,2026-09-07T08:00:00,SMS,DELIVERED,구글 원 100GB 부가서비스 가입자,VAS-GOOGLEONE-100,구글 원 100GB,구글 원 저장공간 옵션 변경,"구글 원 이용 고객님, 9월부터 저장공간 옵션을 변경할 수 있습니다. 자세한 내용은 U+ 앱에서 확인해 주세요.",ENTR-VAS-BASELINE-0224,110224,2026-09-07T10:00:00,synthetic-seeder
2026-09-07,110225,20260907,CRM-G1-20260907-0225,CMP-G1-OPTION-202609,구글 원 세부 옵션 변경 기능 안내,SMS-G1-OPTION-CHANGE-V1,2026-09-07T08:00:00,SMS,DELIVERED,구글 원 100GB 부가서비스 가입자,VAS-GOOGLEONE-100,구글 원 100GB,구글 원 저장공간 옵션 변경,"구글 원 이용 고객님, 9월부터 저장공간 옵션을 변경할 수 있습니다. 자세한 내용은 U+ 앱에서 확인해 주세요.",ENTR-VAS-BASELINE-0225,110225,2026-09-07T10:00:00,synthetic-seeder
2026-09-07,110226,20260907,CRM-G1-20260907-0226,CMP-G1-OPTION-202609,구글 원 세부 옵션 변경 기능 안내,SMS-G1-OPTION-CHANGE-V1,2026-09-07T08:00:00,SMS,DELIVERED,구글 원 100GB 부가서비스 가입자,VAS-GOOGLEONE-100,구글 원 100GB,구글 원 저장공간 옵션 변경,"구글 원 이용 고객님, 9월부터 저장공간 옵션을 변경할 수 있습니다. 자세한 내용은 U+ 앱에서 확인해 주세요.",ENTR-VAS-BASELINE-0226,110226,2026-09-07T10:00:00,synthetic-seeder
2026-09-07,110227,20260907,CRM-G1-20260907-0227,CMP-G1-OPTION-202609,구글 원 세부 옵션 변경 기능 안내,SMS-G1-OPTION-CHANGE-V1,2026-09-07T08:00:00,SMS,DELIVERED,구글 원 100GB 부가서비스 가입자,VAS-GOOGLEONE-100,구글 원 100GB,구글 원 저장공간 옵션 변경,"구글 원 이용 고객님, 9월부터 저장공간 옵션을 변경할 수 있습니다. 자세한 내용은 U+ 앱에서 확인해 주세요.",ENTR-VAS-BASELINE-0227,110227,2026-09-07T10:00:00,synthetic-seeder
2026-09-07,110228,20260907,CRM-G1-20260907-0228,CMP-G1-OPTION-202609,구글 원 세부 옵션 변경 기능 안내,SMS-G1-OPTION-CHANGE-V1,2026-09-07T08:00:00,SMS,DELIVERED,구글 원 100GB 부가서비스 가입자,VAS-GOOGLEONE-100,구글 원 100GB,구글 원 저장공간 옵션 변경,"구글 원 이용 고객님, 9월부터 저장공간 옵션을 변경할 수 있습니다. 자세한 내용은 U+ 앱에서 확인해 주세요.",ENTR-VAS-BASELINE-0228,110228,2026-09-07T10:00:00,synthetic-seeder
2026-09-07,110229,20260907,CRM-G1-20260907-0229,CMP-G1-OPTION-202609,구글 원 세부 옵션 변경 기능 안내,SMS-G1-OPTION-CHANGE-V1,2026-09-07T08:00:00,SMS,DELIVERED,구글 원 100GB 부가서비스 가입자,VAS-GOOGLEONE-100,구글 원 100GB,구글 원 저장공간 옵션 변경,"구글 원 이용 고객님, 9월부터 저장공간 옵션을 변경할 수 있습니다. 자세한 내용은 U+ 앱에서 확인해 주세요.",ENTR-VAS-BASELINE-0229,110229,2026-09-07T10:00:00,synthetic-seeder
2026-09-07,110230,20260907,CRM-G1-20260907-0230,CMP-G1-OPTION-202609,구글 원 세부 옵션 변경 기능 안내,SMS-G1-OPTION-CHANGE-V1,2026-09-07T08:00:00,SMS,DELIVERED,구글 원 100GB 부가서비스 가입자,VAS-GOOGLEONE-100,구글 원 100GB,구글 원 저장공간 옵션 변경,"구글 원 이용 고객님, 9월부터 저장공간 옵션을 변경할 수 있습니다. 자세한 내용은 U+ 앱에서 확인해 주세요.",ENTR-VAS-BASELINE-0230,110230,2026-09-07T10:00:00,synthetic-seeder
2026-09-07,110231,20260907,CRM-G1-20260907-0231,CMP-G1-OPTION-202609,구글 원 세부 옵션 변경 기능 안내,SMS-G1-OPTION-CHANGE-V1,2026-09-07T08:00:00,SMS,DELIVERED,구글 원 100GB 부가서비스 가입자,VAS-GOOGLEONE-100,구글 원 100GB,구글 원 저장공간 옵션 변경,"구글 원 이용 고객님, 9월부터 저장공간 옵션을 변경할 수 있습니다. 자세한 내용은 U+ 앱에서 확인해 주세요.",ENTR-VAS-BASELINE-0231,110231,2026-09-07T10:00:00,synthetic-seeder
2026-09-07,110232,20260907,CRM-G1-20260907-0232,CMP-G1-OPTION-202609,구글 원 세부 옵션 변경 기능 안내,SMS-G1-OPTION-CHANGE-V1,2026-09-07T08:00:00,SMS,DELIVERED,구글 원 100GB 부가서비스 가입자,VAS-GOOGLEONE-100,구글 원 100GB,구글 원 저장공간 옵션 변경,"구글 원 이용 고객님, 9월부터 저장공간 옵션을 변경할 수 있습니다. 자세한 내용은 U+ 앱에서 확인해 주세요.",ENTR-VAS-BASELINE-0232,110232,2026-09-07T10:00:00,synthetic-seeder
2026-09-07,110233,20260907,CRM-G1-20260907-0233,CMP-G1-OPTION-202609,구글 원 세부 옵션 변경 기능 안내,SMS-G1-OPTION-CHANGE-V1,2026-09-07T08:00:00,SMS,DELIVERED,구글 원 100GB 부가서비스 가입자,VAS-GOOGLEONE-100,구글 원 100GB,구글 원 저장공간 옵션 변경,"구글 원 이용 고객님, 9월부터 저장공간 옵션을 변경할 수 있습니다. 자세한 내용은 U+ 앱에서 확인해 주세요.",ENTR-VAS-BASELINE-0233,110233,2026-09-07T10:00:00,synthetic-seeder
2026-09-07,110234,20260907,CRM-G1-20260907-0234,CMP-G1-OPTION-202609,구글 원 세부 옵션 변경 기능 안내,SMS-G1-OPTION-CHANGE-V1,2026-09-07T08:00:00,SMS,DELIVERED,구글 원 100GB 부가서비스 가입자,VAS-GOOGLEONE-100,구글 원 100GB,구글 원 저장공간 옵션 변경,"구글 원 이용 고객님, 9월부터 저장공간 옵션을 변경할 수 있습니다. 자세한 내용은 U+ 앱에서 확인해 주세요.",ENTR-VAS-BASELINE-0234,110234,2026-09-07T10:00:00,synthetic-seeder
2026-09-07,110235,20260907,CRM-G1-20260907-0235,CMP-G1-OPTION-202609,구글 원 세부 옵션 변경 기능 안내,SMS-G1-OPTION-CHANGE-V1,2026-09-07T08:00:00,SMS,DELIVERED,구글 원 100GB 부가서비스 가입자,VAS-GOOGLEONE-100,구글 원 100GB,구글 원 저장공간 옵션 변경,"구글 원 이용 고객님, 9월부터 저장공간 옵션을 변경할 수 있습니다. 자세한 내용은 U+ 앱에서 확인해 주세요.",ENTR-VAS-BASELINE-0235,110235,2026-09-07T10:00:00,synthetic-seeder
2026-09-07,110236,20260907,CRM-G1-20260907-0236,CMP-G1-OPTION-202609,구글 원 세부 옵션 변경 기능 안내,SMS-G1-OPTION-CHANGE-V1,2026-09-07T08:00:00,SMS,DELIVERED,구글 원 100GB 부가서비스 가입자,VAS-GOOGLEONE-100,구글 원 100GB,구글 원 저장공간 옵션 변경,"구글 원 이용 고객님, 9월부터 저장공간 옵션을 변경할 수 있습니다. 자세한 내용은 U+ 앱에서 확인해 주세요.",ENTR-VAS-BASELINE-0236,110236,2026-09-07T10:00:00,synthetic-seeder
2026-09-07,110237,20260907,CRM-G1-20260907-0237,CMP-G1-OPTION-202609,구글 원 세부 옵션 변경 기능 안내,SMS-G1-OPTION-CHANGE-V1,2026-09-07T08:00:00,SMS,DELIVERED,구글 원 100GB 부가서비스 가입자,VAS-GOOGLEONE-100,구글 원 100GB,구글 원 저장공간 옵션 변경,"구글 원 이용 고객님, 9월부터 저장공간 옵션을 변경할 수 있습니다. 자세한 내용은 U+ 앱에서 확인해 주세요.",ENTR-VAS-BASELINE-0237,110237,2026-09-07T10:00:00,synthetic-seeder
2026-09-07,110238,20260907,CRM-G1-20260907-0238,CMP-G1-OPTION-202609,구글 원 세부 옵션 변경 기능 안내,SMS-G1-OPTION-CHANGE-V1,2026-09-07T08:00:00,SMS,DELIVERED,구글 원 100GB 부가서비스 가입자,VAS-GOOGLEONE-100,구글 원 100GB,구글 원 저장공간 옵션 변경,"구글 원 이용 고객님, 9월부터 저장공간 옵션을 변경할 수 있습니다. 자세한 내용은 U+ 앱에서 확인해 주세요.",ENTR-VAS-BASELINE-0238,110238,2026-09-07T10:00:00,synthetic-seeder
2026-09-07,110239,20260907,CRM-G1-20260907-0239,CMP-G1-OPTION-202609,구글 원 세부 옵션 변경 기능 안내,SMS-G1-OPTION-CHANGE-V1,2026-09-07T08:00:00,SMS,DELIVERED,구글 원 100GB 부가서비스 가입자,VAS-GOOGLEONE-100,구글 원 100GB,구글 원 저장공간 옵션 변경,"구글 원 이용 고객님, 9월부터 저장공간 옵션을 변경할 수 있습니다. 자세한 내용은 U+ 앱에서 확인해 주세요.",ENTR-VAS-BASELINE-0239,110239,2026-09-07T10:00:00,synthetic-seeder
2026-09-07,110240,20260907,CRM-G1-20260907-0240,CMP-G1-OPTION-202609,구글 원 세부 옵션 변경 기능 안내,SMS-G1-OPTION-CHANGE-V1,2026-09-07T08:00:00,SMS,DELIVERED,구글 원 100GB 부가서비스 가입자,VAS-GOOGLEONE-100,구글 원 100GB,구글 원 저장공간 옵션 변경,"구글 원 이용 고객님, 9월부터 저장공간 옵션을 변경할 수 있습니다. 자세한 내용은 U+ 앱에서 확인해 주세요.",ENTR-VAS-BASELINE-0240,110240,2026-09-07T10:00:00,synthetic-seeder
2026-09-07,110241,20260907,CRM-G1-20260907-0241,CMP-G1-OPTION-202609,구글 원 세부 옵션 변경 기능 안내,SMS-G1-OPTION-CHANGE-V1,2026-09-07T08:00:00,SMS,DELIVERED,구글 원 100GB 부가서비스 가입자,VAS-GOOGLEONE-100,구글 원 100GB,구글 원 저장공간 옵션 변경,"구글 원 이용 고객님, 9월부터 저장공간 옵션을 변경할 수 있습니다. 자세한 내용은 U+ 앱에서 확인해 주세요.",ENTR-VAS-BASELINE-0241,110241,2026-09-07T10:00:00,synthetic-seeder
2026-09-07,110242,20260907,CRM-G1-20260907-0242,CMP-G1-OPTION-202609,구글 원 세부 옵션 변경 기능 안내,SMS-G1-OPTION-CHANGE-V1,2026-09-07T08:00:00,SMS,DELIVERED,구글 원 100GB 부가서비스 가입자,VAS-GOOGLEONE-100,구글 원 100GB,구글 원 저장공간 옵션 변경,"구글 원 이용 고객님, 9월부터 저장공간 옵션을 변경할 수 있습니다. 자세한 내용은 U+ 앱에서 확인해 주세요.",ENTR-VAS-BASELINE-0242,110242,2026-09-07T10:00:00,synthetic-seeder
2026-09-07,110243,20260907,CRM-G1-20260907-0243,CMP-G1-OPTION-202609,구글 원 세부 옵션 변경 기능 안내,SMS-G1-OPTION-CHANGE-V1,2026-09-07T08:00:00,SMS,DELIVERED,구글 원 100GB 부가서비스 가입자,VAS-GOOGLEONE-100,구글 원 100GB,구글 원 저장공간 옵션 변경,"구글 원 이용 고객님, 9월부터 저장공간 옵션을 변경할 수 있습니다. 자세한 내용은 U+ 앱에서 확인해 주세요.",ENTR-VAS-BASELINE-0243,110243,2026-09-07T10:00:00,synthetic-seeder
2026-09-07,110244,20260907,CRM-G1-20260907-0244,CMP-G1-OPTION-202609,구글 원 세부 옵션 변경 기능 안내,SMS-G1-OPTION-CHANGE-V1,2026-09-07T08:00:00,SMS,DELIVERED,구글 원 100GB 부가서비스 가입자,VAS-GOOGLEONE-100,구글 원 100GB,구글 원 저장공간 옵션 변경,"구글 원 이용 고객님, 9월부터 저장공간 옵션을 변경할 수 있습니다. 자세한 내용은 U+ 앱에서 확인해 주세요.",ENTR-VAS-BASELINE-0244,110244,2026-09-07T10:00:00,synthetic-seeder
2026-09-07,110245,20260907,CRM-G1-20260907-0245,CMP-G1-OPTION-202609,구글 원 세부 옵션 변경 기능 안내,SMS-G1-OPTION-CHANGE-V1,2026-09-07T08:00:00,SMS,DELIVERED,구글 원 100GB 부가서비스 가입자,VAS-GOOGLEONE-100,구글 원 100GB,구글 원 저장공간 옵션 변경,"구글 원 이용 고객님, 9월부터 저장공간 옵션을 변경할 수 있습니다. 자세한 내용은 U+ 앱에서 확인해 주세요.",ENTR-VAS-BASELINE-0245,110245,2026-09-07T10:00:00,synthetic-seeder
2026-09-07,110246,20260907,CRM-G1-20260907-0246,CMP-G1-OPTION-202609,구글 원 세부 옵션 변경 기능 안내,SMS-G1-OPTION-CHANGE-V1,2026-09-07T08:00:00,SMS,DELIVERED,구글 원 100GB 부가서비스 가입자,VAS-GOOGLEONE-100,구글 원 100GB,구글 원 저장공간 옵션 변경,"구글 원 이용 고객님, 9월부터 저장공간 옵션을 변경할 수 있습니다. 자세한 내용은 U+ 앱에서 확인해 주세요.",ENTR-VAS-BASELINE-0246,110246,2026-09-07T10:00:00,synthetic-seeder
2026-09-07,110247,20260907,CRM-G1-20260907-0247,CMP-G1-OPTION-202609,구글 원 세부 옵션 변경 기능 안내,SMS-G1-OPTION-CHANGE-V1,2026-09-07T08:00:00,SMS,DELIVERED,구글 원 100GB 부가서비스 가입자,VAS-GOOGLEONE-100,구글 원 100GB,구글 원 저장공간 옵션 변경,"구글 원 이용 고객님, 9월부터 저장공간 옵션을 변경할 수 있습니다. 자세한 내용은 U+ 앱에서 확인해 주세요.",ENTR-VAS-BASELINE-0247,110247,2026-09-07T10:00:00,synthetic-seeder
2026-09-07,110248,20260907,CRM-G1-20260907-0248,CMP-G1-OPTION-202609,구글 원 세부 옵션 변경 기능 안내,SMS-G1-OPTION-CHANGE-V1,2026-09-07T08:00:00,SMS,DELIVERED,구글 원 100GB 부가서비스 가입자,VAS-GOOGLEONE-100,구글 원 100GB,구글 원 저장공간 옵션 변경,"구글 원 이용 고객님, 9월부터 저장공간 옵션을 변경할 수 있습니다. 자세한 내용은 U+ 앱에서 확인해 주세요.",ENTR-VAS-BASELINE-0248,110248,2026-09-07T10:00:00,synthetic-seeder
2026-09-07,110249,20260907,CRM-G1-20260907-0249,CMP-G1-OPTION-202609,구글 원 세부 옵션 변경 기능 안내,SMS-G1-OPTION-CHANGE-V1,2026-09-07T08:00:00,SMS,DELIVERED,구글 원 100GB 부가서비스 가입자,VAS-GOOGLEONE-100,구글 원 100GB,구글 원 저장공간 옵션 변경,"구글 원 이용 고객님, 9월부터 저장공간 옵션을 변경할 수 있습니다. 자세한 내용은 U+ 앱에서 확인해 주세요.",ENTR-VAS-BASELINE-0249,110249,2026-09-07T10:00:00,synthetic-seeder
2026-09-07,110250,20260907,CRM-G1-20260907-0250,CMP-G1-OPTION-202609,구글 원 세부 옵션 변경 기능 안내,SMS-G1-OPTION-CHANGE-V1,2026-09-07T08:00:00,SMS,DELIVERED,구글 원 100GB 부가서비스 가입자,VAS-GOOGLEONE-100,구글 원 100GB,구글 원 저장공간 옵션 변경,"구글 원 이용 고객님, 9월부터 저장공간 옵션을 변경할 수 있습니다. 자세한 내용은 U+ 앱에서 확인해 주세요.",ENTR-VAS-BASELINE-0250,110250,2026-09-07T10:00:00,synthetic-seeder
2026-09-07,110251,20260907,CRM-G1-20260907-0251,CMP-G1-OPTION-202609,구글 원 세부 옵션 변경 기능 안내,SMS-G1-OPTION-CHANGE-V1,2026-09-07T08:00:00,SMS,DELIVERED,구글 원 100GB 부가서비스 가입자,VAS-GOOGLEONE-100,구글 원 100GB,구글 원 저장공간 옵션 변경,"구글 원 이용 고객님, 9월부터 저장공간 옵션을 변경할 수 있습니다. 자세한 내용은 U+ 앱에서 확인해 주세요.",ENTR-VAS-BASELINE-0251,110251,2026-09-07T10:00:00,synthetic-seeder
2026-09-07,110252,20260907,CRM-G1-20260907-0252,CMP-G1-OPTION-202609,구글 원 세부 옵션 변경 기능 안내,SMS-G1-OPTION-CHANGE-V1,2026-09-07T08:00:00,SMS,DELIVERED,구글 원 100GB 부가서비스 가입자,VAS-GOOGLEONE-100,구글 원 100GB,구글 원 저장공간 옵션 변경,"구글 원 이용 고객님, 9월부터 저장공간 옵션을 변경할 수 있습니다. 자세한 내용은 U+ 앱에서 확인해 주세요.",ENTR-VAS-BASELINE-0252,110252,2026-09-07T10:00:00,synthetic-seeder
2026-09-07,110253,20260907,CRM-G1-20260907-0253,CMP-G1-OPTION-202609,구글 원 세부 옵션 변경 기능 안내,SMS-G1-OPTION-CHANGE-V1,2026-09-07T08:00:00,SMS,DELIVERED,구글 원 100GB 부가서비스 가입자,VAS-GOOGLEONE-100,구글 원 100GB,구글 원 저장공간 옵션 변경,"구글 원 이용 고객님, 9월부터 저장공간 옵션을 변경할 수 있습니다. 자세한 내용은 U+ 앱에서 확인해 주세요.",ENTR-VAS-BASELINE-0253,110253,2026-09-07T10:00:00,synthetic-seeder
2026-09-07,110254,20260907,CRM-G1-20260907-0254,CMP-G1-OPTION-202609,구글 원 세부 옵션 변경 기능 안내,SMS-G1-OPTION-CHANGE-V1,2026-09-07T08:00:00,SMS,DELIVERED,구글 원 100GB 부가서비스 가입자,VAS-GOOGLEONE-100,구글 원 100GB,구글 원 저장공간 옵션 변경,"구글 원 이용 고객님, 9월부터 저장공간 옵션을 변경할 수 있습니다. 자세한 내용은 U+ 앱에서 확인해 주세요.",ENTR-VAS-BASELINE-0254,110254,2026-09-07T10:00:00,synthetic-seeder
2026-09-07,110255,20260907,CRM-G1-20260907-0255,CMP-G1-OPTION-202609,구글 원 세부 옵션 변경 기능 안내,SMS-G1-OPTION-CHANGE-V1,2026-09-07T08:00:00,SMS,DELIVERED,구글 원 100GB 부가서비스 가입자,VAS-GOOGLEONE-100,구글 원 100GB,구글 원 저장공간 옵션 변경,"구글 원 이용 고객님, 9월부터 저장공간 옵션을 변경할 수 있습니다. 자세한 내용은 U+ 앱에서 확인해 주세요.",ENTR-VAS-BASELINE-0255,110255,2026-09-07T10:00:00,synthetic-seeder
2026-09-07,110256,20260907,CRM-G1-20260907-0256,CMP-G1-OPTION-202609,구글 원 세부 옵션 변경 기능 안내,SMS-G1-OPTION-CHANGE-V1,2026-09-07T08:00:00,SMS,DELIVERED,구글 원 100GB 부가서비스 가입자,VAS-GOOGLEONE-100,구글 원 100GB,구글 원 저장공간 옵션 변경,"구글 원 이용 고객님, 9월부터 저장공간 옵션을 변경할 수 있습니다. 자세한 내용은 U+ 앱에서 확인해 주세요.",ENTR-VAS-BASELINE-0256,110256,2026-09-07T10:00:00,synthetic-seeder
2026-09-07,110257,20260907,CRM-G1-20260907-0257,CMP-G1-OPTION-202609,구글 원 세부 옵션 변경 기능 안내,SMS-G1-OPTION-CHANGE-V1,2026-09-07T08:00:00,SMS,DELIVERED,구글 원 100GB 부가서비스 가입자,VAS-GOOGLEONE-100,구글 원 100GB,구글 원 저장공간 옵션 변경,"구글 원 이용 고객님, 9월부터 저장공간 옵션을 변경할 수 있습니다. 자세한 내용은 U+ 앱에서 확인해 주세요.",ENTR-VAS-BASELINE-0257,110257,2026-09-07T10:00:00,synthetic-seeder
2026-09-07,110258,20260907,CRM-G1-20260907-0258,CMP-G1-OPTION-202609,구글 원 세부 옵션 변경 기능 안내,SMS-G1-OPTION-CHANGE-V1,2026-09-07T08:00:00,SMS,DELIVERED,구글 원 100GB 부가서비스 가입자,VAS-GOOGLEONE-100,구글 원 100GB,구글 원 저장공간 옵션 변경,"구글 원 이용 고객님, 9월부터 저장공간 옵션을 변경할 수 있습니다. 자세한 내용은 U+ 앱에서 확인해 주세요.",ENTR-VAS-BASELINE-0258,110258,2026-09-07T10:00:00,synthetic-seeder
2026-09-07,110259,20260907,CRM-G1-20260907-0259,CMP-G1-OPTION-202609,구글 원 세부 옵션 변경 기능 안내,SMS-G1-OPTION-CHANGE-V1,2026-09-07T08:00:00,SMS,DELIVERED,구글 원 100GB 부가서비스 가입자,VAS-GOOGLEONE-100,구글 원 100GB,구글 원 저장공간 옵션 변경,"구글 원 이용 고객님, 9월부터 저장공간 옵션을 변경할 수 있습니다. 자세한 내용은 U+ 앱에서 확인해 주세요.",ENTR-VAS-BASELINE-0259,110259,2026-09-07T10:00:00,synthetic-seeder
2026-09-07,110260,20260907,CRM-G1-20260907-0260,CMP-G1-OPTION-202609,구글 원 세부 옵션 변경 기능 안내,SMS-G1-OPTION-CHANGE-V1,2026-09-07T08:00:00,SMS,DELIVERED,구글 원 100GB 부가서비스 가입자,VAS-GOOGLEONE-100,구글 원 100GB,구글 원 저장공간 옵션 변경,"구글 원 이용 고객님, 9월부터 저장공간 옵션을 변경할 수 있습니다. 자세한 내용은 U+ 앱에서 확인해 주세요.",ENTR-VAS-BASELINE-0260,110260,2026-09-07T10:00:00,synthetic-seeder
