P_YYYYMMDD,CZ_LNK_KEY,BASE_DT,CALL_ID,CALL_CRTE_DTTM,CUST_CNSL_TM,STT_TXT_CNTN,INQU_CNTN,CSLR_PRSS_CNTN,CNSL_ALL_SMRY_CNTN,CUST_SNMT_NM,CNSL_SBJC_TIT_NM,CNSL_SCLS_CD,CNSL_THMA_NM,ENTR_NO,CUST_NO,BQ_LOAD_DTTM,BQ_LOAD_USER_ID
2026-09-07,110060,20260907,CALL-VAS-B-0060,2026-09-07T20:00:00,300,부가서비스를 해지하려는데 메뉴를 못 찾겠어요.,부가서비스 조회/해지 메뉴 위치 문의,상담원이 가입 서비스 확인 후 해지 처리,어디서 해지하는지 몰라 상담원에게 문의함,불편,부가서비스 해지,VAS-MENU-01,부가서비스 조회/해지,ENTR-VAS-BASELINE-0060,110060,2026-09-07T22:00:00,synthetic-seeder
2026-09-08,110061,20260908,CALL-VAS-B-0061,2026-09-08T20:01:00,301,부가서비스를 해지하려는데 메뉴를 못 찾겠어요.,부가서비스 조회/해지 메뉴 위치 문의,상담원이 가입 서비스 확인 후 해지 처리,어디서 해지하는지 몰라 상담원에게 문의함,불편,부가서비스 해지,VAS-MENU-01,부가서비스 조회/해지,ENTR-VAS-BASELINE-0061,110061,2026-09-08T22:01:00,synthetic-seeder
2026-09-09,110062,20260909,CALL-VAS-B-0062,2026-09-09T20:02:00,302,부가서비스를 해지하려는데 메뉴를 못 찾겠어요.,부가서비스 조회/해지 메뉴 위치 문의,상담원이 가입 서비스 확인 후 해지 처리,어디서 해지하는지 몰라 상담원에게 문의함,불편,부가서비스 해지,VAS-MENU-01,부가서비스 조회/해지,ENTR-VAS-BASELINE-0062,110062,2026-09-09T22:02:00,synthetic-seeder
2026-09-10,110063,20260910,CALL-VAS-B-0063,2026-09-10T20:03:00,303,부가서비스를 해지하려는데 메뉴를 못 찾겠어요.,부가서비스 조회/해지 메뉴 위치 문의,상담원이 가입 서비스 확인 후 해지 처리,어디서 해지하는지 몰라 상담원에게 문의함,불편,부가서비스 해지,VAS-MENU-01,부가서비스 조회/해지,ENTR-VAS-BASELINE-0063,110063,2026-09-10T22:03:00,synthetic-seeder
2026-09-04,110064,20260904,CALL-VAS-B-0064,2026-09-04T20:04:00,304,부가서비스를 해지하려는데 메뉴를 못 찾겠어요.,부가서비스 조회/해지 메뉴 위치 문의,상담원이 가입 서비스 확인 후 해지 처리,어디서 해지하는지 몰라 상담원에게 문의함,불편,부가서비스 해지,VAS-MENU-01,부가서비스 조회/해지,ENTR-VAS-BASELINE-0064,110064,2026-09-04T22:04:00,synthetic-seeder
2026-09-05,110065,20260905,CALL-VAS-B-0065,2026-09-05T20:05:00,305,부가서비스를 해지하려는데 메뉴를 못 찾겠어요.,부가서비스 조회/해지 메뉴 위치 문의,상담원이 가입 서비스 확인 후 해지 처리,어디서 해지하는지 몰라 상담원에게 문의함,불편,부가서비스 해지,VAS-MENU-01,부가서비스 조회/해지,ENTR-VAS-BASELINE-0065,110065,2026-09-05T22:05:00,synthetic-seeder
2026-09-06,110066,20260906,CALL-VAS-B-0066,2026-09-06T20:06:00,306,부가서비스를 해지하려는데 메뉴를 못 찾겠어요.,부가서비스 조회/해지 메뉴 위치 문의,상담원이 가입 서비스 확인 후 해지 처리,어디서 해지하는지 몰라 상담원에게 문의함,불편,부가서비스 해지,VAS-MENU-01,부가서비스 조회/해지,ENTR-VAS-BASELINE-0066,110066,2026-09-06T22:06:00,synthetic-seeder
2026-09-07,110067,20260907,CALL-VAS-B-0067,2026-09-07T20:07:00,307,부가서비스를 해지하려는데 메뉴를 못 찾겠어요.,부가서비스 조회/해지 메뉴 위치 문의,상담원이 가입 서비스 확인 후 해지 처리,어디서 해지하는지 몰라 상담원에게 문의함,불편,부가서비스 해지,VAS-MENU-01,부가서비스 조회/해지,ENTR-VAS-BASELINE-0067,110067,2026-09-07T22:07:00,synthetic-seeder
2026-09-08,110068,20260908,CALL-VAS-B-0068,2026-09-08T20:08:00,308,부가서비스를 해지하려는데 메뉴를 못 찾겠어요.,부가서비스 조회/해지 메뉴 위치 문의,상담원이 가입 서비스 확인 후 해지 처리,어디서 해지하는지 몰라 상담원에게 문의함,불편,부가서비스 해지,VAS-MENU-01,부가서비스 조회/해지,ENTR-VAS-BASELINE-0068,110068,2026-09-08T22:08:00,synthetic-seeder
2026-09-09,110069,20260909,CALL-VAS-B-0069,2026-09-09T20:09:00,309,부가서비스를 해지하려는데 메뉴를 못 찾겠어요.,부가서비스 조회/해지 메뉴 위치 문의,상담원이 가입 서비스 확인 후 해지 처리,어디서 해지하는지 몰라 상담원에게 문의함,불편,부가서비스 해지,VAS-MENU-01,부가서비스 조회/해지,ENTR-VAS-BASELINE-0069,110069,2026-09-09T22:09:00,synthetic-seeder
2026-09-10,110070,20260910,CALL-VAS-B-0070,2026-09-10T20:10:00,310,부가서비스를 해지하려는데 메뉴를 못 찾겠어요.,부가서비스 조회/해지 메뉴 위치 문의,상담원이 가입 서비스 확인 후 해지 처리,어디서 해지하는지 몰라 상담원에게 문의함,불편,부가서비스 해지,VAS-MENU-01,부가서비스 조회/해지,ENTR-VAS-BASELINE-0070,110070,2026-09-10T22:10:00,synthetic-seeder
2026-09-04,110071,20260904,CALL-VAS-B-0071,2026-09-04T20:11:00,311,부가서비스를 해지하려는데 메뉴를 못 찾겠어요.,부가서비스 조회/해지 메뉴 위치 문의,상담원이 가입 서비스 확인 후 해지 처리,어디서 해지하는지 몰라 상담원에게 문의함,불편,부가서비스 해지,VAS-MENU-01,부가서비스 조회/해지,ENTR-VAS-BASELINE-0071,110071,2026-09-04T22:11:00,synthetic-seeder
2026-09-05,110072,20260905,CALL-VAS-B-0072,2026-09-05T20:12:00,312,부가서비스를 해지하려는데 메뉴를 못 찾겠어요.,부가서비스 조회/해지 메뉴 위치 문의,상담원이 가입 서비스 확인 후 해지 처리,어디서 해지하는지 몰라 상담원에게 문의함,불편,부가서비스 해지,VAS-MENU-01,부가서비스 조회/해지,ENTR-VAS-BASELINE-0072,110072,2026-09-05T22:12:00,synthetic-seeder
2026-09-06,110073,20260906,CALL-VAS-B-0073,2026-09-06T20:13:00,313,부가서비스를 해지하려는데 메뉴를 못 찾겠어요.,부가서비스 조회/해지 메뉴 위치 문의,상담원이 가입 서비스 확인 후 해지 처리,어디서 해지하는지 몰라 상담원에게 문의함,불편,부가서비스 해지,VAS-MENU-01,부가서비스 조회/해지,ENTR-VAS-BASELINE-0073,110073,2026-09-06T22:13:00,synthetic-seeder
2026-09-07,110074,20260907,CALL-VAS-B-0074,2026-09-07T20:14:00,314,부가서비스를 해지하려는데 메뉴를 못 찾겠어요.,부가서비스 조회/해지 메뉴 위치 문의,상담원이 가입 서비스 확인 후 해지 처리,어디서 해지하는지 몰라 상담원에게 문의함,불편,부가서비스 해지,VAS-MENU-01,부가서비스 조회/해지,ENTR-VAS-BASELINE-0074,110074,2026-09-07T22:14:00,synthetic-seeder
2026-09-08,110075,20260908,CALL-VAS-B-0075,2026-09-08T20:15:00,315,부가서비스를 해지하려는데 메뉴를 못 찾겠어요.,부가서비스 조회/해지 메뉴 위치 문의,상담원이 가입 서비스 확인 후 해지 처리,어디서 해지하는지 몰라 상담원에게 문의함,불편,부가서비스 해지,VAS-MENU-01,부가서비스 조회/해지,ENTR-VAS-BASELINE-0075,110075,2026-09-08T22:15:00,synthetic-seeder
2026-09-09,110076,20260909,CALL-VAS-B-0076,2026-09-09T20:16:00,316,부가서비스를 해지하려는데 메뉴를 못 찾겠어요.,부가서비스 조회/해지 메뉴 위치 문의,상담원이 가입 서비스 확인 후 해지 처리,어디서 해지하는지 몰라 상담원에게 문의함,불편,부가서비스 해지,VAS-MENU-01,부가서비스 조회/해지,ENTR-VAS-BASELINE-0076,110076,2026-09-09T22:16:00,synthetic-seeder
2026-09-10,110077,20260910,CALL-VAS-B-0077,2026-09-10T20:17:00,317,부가서비스를 해지하려는데 메뉴를 못 찾겠어요.,부가서비스 조회/해지 메뉴 위치 문의,상담원이 가입 서비스 확인 후 해지 처리,어디서 해지하는지 몰라 상담원에게 문의함,불편,부가서비스 해지,VAS-MENU-01,부가서비스 조회/해지,ENTR-VAS-BASELINE-0077,110077,2026-09-10T22:17:00,synthetic-seeder
2026-09-04,110078,20260904,CALL-VAS-B-0078,2026-09-04T20:18:00,318,부가서비스를 해지하려는데 메뉴를 못 찾겠어요.,부가서비스 조회/해지 메뉴 위치 문의,상담원이 가입 서비스 확인 후 해지 처리,어디서 해지하는지 몰라 상담원에게 문의함,불편,부가서비스 해지,VAS-MENU-01,부가서비스 조회/해지,ENTR-VAS-BASELINE-0078,110078,2026-09-04T22:18:00,synthetic-seeder
2026-09-05,110079,20260905,CALL-VAS-B-0079,2026-09-05T20:19:00,319,부가서비스를 해지하려는데 메뉴를 못 찾겠어요.,부가서비스 조회/해지 메뉴 위치 문의,상담원이 가입 서비스 확인 후 해지 처리,어디서 해지하는지 몰라 상담원에게 문의함,불편,부가서비스 해지,VAS-MENU-01,부가서비스 조회/해지,ENTR-VAS-BASELINE-0079,110079,2026-09-05T22:19:00,synthetic-seeder
2026-09-06,110080,20260906,CALL-VAS-B-0080,2026-09-06T20:20:00,320,부가서비스를 해지하려는데 메뉴를 못 찾겠어요.,부가서비스 조회/해지 메뉴 위치 문의,상담원이 가입 서비스 확인 후 해지 처리,어디서 해지하는지 몰라 상담원에게 문의함,불편,부가서비스 해지,VAS-MENU-01,부가서비스 조회/해지,ENTR-VAS-BASELINE-0080,110080,2026-09-06T22:20:00,synthetic-seeder
2026-09-07,110081,20260907,CALL-VAS-B-0081,2026-09-07T20:21:00,321,부가서비스를 해지하려는데 메뉴를 못 찾겠어요.,부가서비스 조회/해지 메뉴 위치 문의,상담원이 가입 서비스 확인 후 해지 처리,어디서 해지하는지 몰라 상담원에게 문의함,불편,부가서비스 해지,VAS-MENU-01,부가서비스 조회/해지,ENTR-VAS-BASELINE-0081,110081,2026-09-07T22:21:00,synthetic-seeder
2026-09-08,110082,20260908,CALL-VAS-B-0082,2026-09-08T20:22:00,322,부가서비스를 해지하려는데 메뉴를 못 찾겠어요.,부가서비스 조회/해지 메뉴 위치 문의,상담원이 가입 서비스 확인 후 해지 처리,어디서 해지하는지 몰라 상담원에게 문의함,불편,부가서비스 해지,VAS-MENU-01,부가서비스 조회/해지,ENTR-VAS-BASELINE-0082,110082,2026-09-08T22:22:00,synthetic-seeder
2026-09-09,110083,20260909,CALL-VAS-B-0083,2026-09-09T20:23:00,323,부가서비스를 해지하려는데 메뉴를 못 찾겠어요.,부가서비스 조회/해지 메뉴 위치 문의,상담원이 가입 서비스 확인 후 해지 처리,어디서 해지하는지 몰라 상담원에게 문의함,불편,부가서비스 해지,VAS-MENU-01,부가서비스 조회/해지,ENTR-VAS-BASELINE-0083,110083,2026-09-09T22:23:00,synthetic-seeder
2026-09-10,110084,20260910,CALL-VAS-B-0084,2026-09-10T20:24:00,324,부가서비스를 해지하려는데 메뉴를 못 찾겠어요.,부가서비스 조회/해지 메뉴 위치 문의,상담원이 가입 서비스 확인 후 해지 처리,어디서 해지하는지 몰라 상담원에게 문의함,불편,부가서비스 해지,VAS-MENU-01,부가서비스 조회/해지,ENTR-VAS-BASELINE-0084,110084,2026-09-10T22:24:00,synthetic-seeder
2026-09-04,110085,20260904,CALL-VAS-B-0085,2026-09-04T20:25:00,325,부가서비스를 해지하려는데 메뉴를 못 찾겠어요.,부가서비스 조회/해지 메뉴 위치 문의,상담원이 가입 서비스 확인 후 해지 처리,어디서 해지하는지 몰라 상담원에게 문의함,불편,부가서비스 해지,VAS-MENU-01,부가서비스 조회/해지,ENTR-VAS-BASELINE-0085,110085,2026-09-04T22:25:00,synthetic-seeder
2026-09-05,110086,20260905,CALL-VAS-B-0086,2026-09-05T20:26:00,326,부가서비스를 해지하려는데 메뉴를 못 찾겠어요.,부가서비스 조회/해지 메뉴 위치 문의,상담원이 가입 서비스 확인 후 해지 처리,어디서 해지하는지 몰라 상담원에게 문의함,불편,부가서비스 해지,VAS-MENU-01,부가서비스 조회/해지,ENTR-VAS-BASELINE-0086,110086,2026-09-05T22:26:00,synthetic-seeder
2026-09-06,110087,20260906,CALL-VAS-B-0087,2026-09-06T20:27:00,327,부가서비스를 해지하려는데 메뉴를 못 찾겠어요.,부가서비스 조회/해지 메뉴 위치 문의,상담원이 가입 서비스 확인 후 해지 처리,어디서 해지하는지 몰라 상담원에게 문의함,불편,부가서비스 해지,VAS-MENU-01,부가서비스 조회/해지,ENTR-VAS-BASELINE-0087,110087,2026-09-06T22:27:00,synthetic-seeder
2026-09-07,110088,20260907,CALL-VAS-B-0088,2026-09-07T20:28:00,328,부가서비스를 해지하려는데 메뉴를 못 찾겠어요.,부가서비스 조회/해지 메뉴 위치 문의,상담원이 가입 서비스 확인 후 해지 처리,어디서 해지하는지 몰라 상담원에게 문의함,불편,부가서비스 해지,VAS-MENU-01,부가서비스 조회/해지,ENTR-VAS-BASELINE-0088,110088,2026-09-07T22:28:00,synthetic-seeder
2026-09-08,110089,20260908,CALL-VAS-B-0089,2026-09-08T20:29:00,329,부가서비스를 해지하려는데 메뉴를 못 찾겠어요.,부가서비스 조회/해지 메뉴 위치 문의,상담원이 가입 서비스 확인 후 해지 처리,어디서 해지하는지 몰라 상담원에게 문의함,불편,부가서비스 해지,VAS-MENU-01,부가서비스 조회/해지,ENTR-VAS-BASELINE-0089,110089,2026-09-08T22:29:00,synthetic-seeder
2026-09-09,110090,20260909,CALL-VAS-B-0090,2026-09-09T20:30:00,330,부가서비스를 해지하려는데 메뉴를 못 찾겠어요.,부가서비스 조회/해지 메뉴 위치 문의,상담원이 가입 서비스 확인 후 해지 처리,어디서 해지하는지 몰라 상담원에게 문의함,불편,부가서비스 해지,VAS-MENU-01,부가서비스 조회/해지,ENTR-VAS-BASELINE-0090,110090,2026-09-09T22:30:00,synthetic-seeder
2026-09-10,110091,20260910,CALL-VAS-B-0091,2026-09-10T20:31:00,331,부가서비스를 해지하려는데 메뉴를 못 찾겠어요.,부가서비스 조회/해지 메뉴 위치 문의,상담원이 가입 서비스 확인 후 해지 처리,어디서 해지하는지 몰라 상담원에게 문의함,불편,부가서비스 해지,VAS-MENU-01,부가서비스 조회/해지,ENTR-VAS-BASELINE-0091,110091,2026-09-10T22:31:00,synthetic-seeder
2026-09-04,110092,20260904,CALL-VAS-B-0092,2026-09-04T20:32:00,332,부가서비스를 해지하려는데 메뉴를 못 찾겠어요.,부가서비스 조회/해지 메뉴 위치 문의,상담원이 가입 서비스 확인 후 해지 처리,어디서 해지하는지 몰라 상담원에게 문의함,불편,부가서비스 해지,VAS-MENU-01,부가서비스 조회/해지,ENTR-VAS-BASELINE-0092,110092,2026-09-04T22:32:00,synthetic-seeder
2026-09-05,110093,20260905,CALL-VAS-B-0093,2026-09-05T20:33:00,333,부가서비스를 해지하려는데 메뉴를 못 찾겠어요.,부가서비스 조회/해지 메뉴 위치 문의,상담원이 가입 서비스 확인 후 해지 처리,어디서 해지하는지 몰라 상담원에게 문의함,불편,부가서비스 해지,VAS-MENU-01,부가서비스 조회/해지,ENTR-VAS-BASELINE-0093,110093,2026-09-05T22:33:00,synthetic-seeder
2026-09-06,110094,20260906,CALL-VAS-B-0094,2026-09-06T20:34:00,334,부가서비스를 해지하려는데 메뉴를 못 찾겠어요.,부가서비스 조회/해지 메뉴 위치 문의,상담원이 가입 서비스 확인 후 해지 처리,어디서 해지하는지 몰라 상담원에게 문의함,불편,부가서비스 해지,VAS-MENU-01,부가서비스 조회/해지,ENTR-VAS-BASELINE-0094,110094,2026-09-06T22:34:00,synthetic-seeder
2026-09-07,110095,20260907,CALL-VAS-B-0095,2026-09-07T20:35:00,335,부가서비스를 해지하려는데 메뉴를 못 찾겠어요.,부가서비스 조회/해지 메뉴 위치 문의,상담원이 가입 서비스 확인 후 해지 처리,어디서 해지하는지 몰라 상담원에게 문의함,불편,부가서비스 해지,VAS-MENU-01,부가서비스 조회/해지,ENTR-VAS-BASELINE-0095,110095,2026-09-07T22:35:00,synthetic-seeder
2026-09-08,110096,20260908,CALL-VAS-B-0096,2026-09-08T20:36:00,336,부가서비스를 해지하려는데 메뉴를 못 찾겠어요.,부가서비스 조회/해지 메뉴 위치 문의,상담원이 가입 서비스 확인 후 해지 처리,어디서 해지하는지 몰라 상담원에게 문의함,불편,부가서비스 해지,VAS-MENU-01,부가서비스 조회/해지,ENTR-VAS-BASELINE-0096,110096,2026-09-08T22:36:00,synthetic-seeder
2026-09-09,110097,20260909,CALL-VAS-B-0097,2026-09-09T20:37:00,337,부가서비스를 해지하려는데 메뉴를 못 찾겠어요.,부가서비스 조회/해지 메뉴 위치 문의,상담원이 가입 서비스 확인 후 해지 처리,어디서 해지하는지 몰라 상담원에게 문의함,불편,부가서비스 해지,VAS-MENU-01,부가서비스 조회/해지,ENTR-VAS-BASELINE-0097,110097,2026-09-09T22:37:00,synthetic-seeder
2026-09-10,110098,20260910,CALL-VAS-B-0098,2026-09-10T20:38:00,338,부가서비스를 해지하려는데 메뉴를 못 찾겠어요.,부가서비스 조회/해지 메뉴 위치 문의,상담원이 가입 서비스 확인 후 해지 처리,어디서 해지하는지 몰라 상담원에게 문의함,불편,부가서비스 해지,VAS-MENU-01,부가서비스 조회/해지,ENTR-VAS-BASELINE-0098,110098,2026-09-10T22:38:00,synthetic-seeder
2026-09-04,110099,20260904,CALL-VAS-B-0099,2026-09-04T20:39:00,339,부가서비스를 해지하려는데 메뉴를 못 찾겠어요.,부가서비스 조회/해지 메뉴 위치 문의,상담원이 가입 서비스 확인 후 해지 처리,어디서 해지하는지 몰라 상담원에게 문의함,불편,부가서비스 해지,VAS-MENU-01,부가서비스 조회/해지,ENTR-VAS-BASELINE-0099,110099,2026-09-04T22:39:00,synthetic-seeder
2026-09-05,110100,20260905,CALL-VAS-B-0100,2026-09-05T20:40:00,340,부가서비스를 해지하려는데 메뉴를 못 찾겠어요.,부가서비스 조회/해지 메뉴 위치 문의,상담원이 가입 서비스 확인 후 해지 처리,어디서 해지하는지 몰라 상담원에게 문의함,불편,부가서비스 해지,VAS-MENU-01,부가서비스 조회/해지,ENTR-VAS-BASELINE-0100,110100,2026-09-05T22:40:00,synthetic-seeder
2026-09-06,110101,20260906,CALL-VAS-B-0101,2026-09-06T20:41:00,341,부가서비스를 해지하려는데 메뉴를 못 찾겠어요.,부가서비스 조회/해지 메뉴 위치 문의,상담원이 가입 서비스 확인 후 해지 처리,어디서 해지하는지 몰라 상담원에게 문의함,불편,부가서비스 해지,VAS-MENU-01,부가서비스 조회/해지,ENTR-VAS-BASELINE-0101,110101,2026-09-06T22:41:00,synthetic-seeder
2026-09-07,110102,20260907,CALL-VAS-B-0102,2026-09-07T20:42:00,342,부가서비스를 해지하려는데 메뉴를 못 찾겠어요.,부가서비스 조회/해지 메뉴 위치 문의,상담원이 가입 서비스 확인 후 해지 처리,어디서 해지하는지 몰라 상담원에게 문의함,불편,부가서비스 해지,VAS-MENU-01,부가서비스 조회/해지,ENTR-VAS-BASELINE-0102,110102,2026-09-07T22:42:00,synthetic-seeder
2026-09-08,110103,20260908,CALL-VAS-B-0103,2026-09-08T20:43:00,343,부가서비스를 해지하려는데 메뉴를 못 찾겠어요.,부가서비스 조회/해지 메뉴 위치 문의,상담원이 가입 서비스 확인 후 해지 처리,어디서 해지하는지 몰라 상담원에게 문의함,불편,부가서비스 해지,VAS-MENU-01,부가서비스 조회/해지,ENTR-VAS-BASELINE-0103,110103,2026-09-08T22:43:00,synthetic-seeder
2026-09-09,110104,20260909,CALL-VAS-B-0104,2026-09-09T20:44:00,344,부가서비스를 해지하려는데 메뉴를 못 찾겠어요.,부가서비스 조회/해지 메뉴 위치 문의,상담원이 가입 서비스 확인 후 해지 처리,어디서 해지하는지 몰라 상담원에게 문의함,불편,부가서비스 해지,VAS-MENU-01,부가서비스 조회/해지,ENTR-VAS-BASELINE-0104,110104,2026-09-09T22:44:00,synthetic-seeder
2026-09-10,110105,20260910,CALL-VAS-B-0105,2026-09-10T20:45:00,345,부가서비스를 해지하려는데 메뉴를 못 찾겠어요.,부가서비스 조회/해지 메뉴 위치 문의,상담원이 가입 서비스 확인 후 해지 처리,어디서 해지하는지 몰라 상담원에게 문의함,불편,부가서비스 해지,VAS-MENU-01,부가서비스 조회/해지,ENTR-VAS-BASELINE-0105,110105,2026-09-10T22:45:00,synthetic-seeder
2026-09-04,110106,20260904,CALL-VAS-B-0106,2026-09-04T20:46:00,346,부가서비스를 해지하려는데 메뉴를 못 찾겠어요.,부가서비스 조회/해지 메뉴 위치 문의,상담원이 가입 서비스 확인 후 해지 처리,어디서 해지하는지 몰라 상담원에게 문의함,불편,부가서비스 해지,VAS-MENU-01,부가서비스 조회/해지,ENTR-VAS-BASELINE-0106,110106,2026-09-04T22:46:00,synthetic-seeder
2026-09-05,110107,20260905,CALL-VAS-B-0107,2026-09-05T20:47:00,347,부가서비스를 해지하려는데 메뉴를 못 찾겠어요.,부가서비스 조회/해지 메뉴 위치 문의,상담원이 가입 서비스 확인 후 해지 처리,어디서 해지하는지 몰라 상담원에게 문의함,불편,부가서비스 해지,VAS-MENU-01,부가서비스 조회/해지,ENTR-VAS-BASELINE-0107,110107,2026-09-05T22:47:00,synthetic-seeder
2026-09-06,110108,20260906,CALL-VAS-B-0108,2026-09-06T20:48:00,348,부가서비스를 해지하려는데 메뉴를 못 찾겠어요.,부가서비스 조회/해지 메뉴 위치 문의,상담원이 가입 서비스 확인 후 해지 처리,어디서 해지하는지 몰라 상담원에게 문의함,불편,부가서비스 해지,VAS-MENU-01,부가서비스 조회/해지,ENTR-VAS-BASELINE-0108,110108,2026-09-06T22:48:00,synthetic-seeder
2026-09-07,110109,20260907,CALL-VAS-B-0109,2026-09-07T20:49:00,349,부가서비스를 해지하려는데 메뉴를 못 찾겠어요.,부가서비스 조회/해지 메뉴 위치 문의,상담원이 가입 서비스 확인 후 해지 처리,어디서 해지하는지 몰라 상담원에게 문의함,불편,부가서비스 해지,VAS-MENU-01,부가서비스 조회/해지,ENTR-VAS-BASELINE-0109,110109,2026-09-07T22:49:00,synthetic-seeder
2026-09-08,110110,20260908,CALL-VAS-B-0110,2026-09-08T20:50:00,350,부가서비스를 해지하려는데 메뉴를 못 찾겠어요.,부가서비스 조회/해지 메뉴 위치 문의,상담원이 가입 서비스 확인 후 해지 처리,어디서 해지하는지 몰라 상담원에게 문의함,불편,부가서비스 해지,VAS-MENU-01,부가서비스 조회/해지,ENTR-VAS-BASELINE-0110,110110,2026-09-08T22:50:00,synthetic-seeder
2026-09-09,110111,20260909,CALL-VAS-B-0111,2026-09-09T20:51:00,351,부가서비스를 해지하려는데 메뉴를 못 찾겠어요.,부가서비스 조회/해지 메뉴 위치 문의,상담원이 가입 서비스 확인 후 해지 처리,어디서 해지하는지 몰라 상담원에게 문의함,불편,부가서비스 해지,VAS-MENU-01,부가서비스 조회/해지,ENTR-VAS-BASELINE-0111,110111,2026-09-09T22:51:00,synthetic-seeder
2026-09-10,110112,20260910,CALL-VAS-B-0112,2026-09-10T20:52:00,352,부가서비스를 해지하려는데 메뉴를 못 찾겠어요.,부가서비스 조회/해지 메뉴 위치 문의,상담원이 가입 서비스 확인 후 해지 처리,어디서 해지하는지 몰라 상담원에게 문의함,불편,부가서비스 해지,VAS-MENU-01,부가서비스 조회/해지,ENTR-VAS-BASELINE-0112,110112,2026-09-10T22:52:00,synthetic-seeder
2026-09-04,110113,20260904,CALL-VAS-B-0113,2026-09-04T20:53:00,353,부가서비스를 해지하려는데 메뉴를 못 찾겠어요.,부가서비스 조회/해지 메뉴 위치 문의,상담원이 가입 서비스 확인 후 해지 처리,어디서 해지하는지 몰라 상담원에게 문의함,불편,부가서비스 해지,VAS-MENU-01,부가서비스 조회/해지,ENTR-VAS-BASELINE-0113,110113,2026-09-04T22:53:00,synthetic-seeder
2026-09-05,110114,20260905,CALL-VAS-B-0114,2026-09-05T20:54:00,354,부가서비스를 해지하려는데 메뉴를 못 찾겠어요.,부가서비스 조회/해지 메뉴 위치 문의,상담원이 가입 서비스 확인 후 해지 처리,어디서 해지하는지 몰라 상담원에게 문의함,불편,부가서비스 해지,VAS-MENU-01,부가서비스 조회/해지,ENTR-VAS-BASELINE-0114,110114,2026-09-05T22:54:00,synthetic-seeder
2026-09-06,110115,20260906,CALL-VAS-B-0115,2026-09-06T20:55:00,355,부가서비스를 해지하려는데 메뉴를 못 찾겠어요.,부가서비스 조회/해지 메뉴 위치 문의,상담원이 가입 서비스 확인 후 해지 처리,어디서 해지하는지 몰라 상담원에게 문의함,불편,부가서비스 해지,VAS-MENU-01,부가서비스 조회/해지,ENTR-VAS-BASELINE-0115,110115,2026-09-06T22:55:00,synthetic-seeder
2026-09-07,110116,20260907,CALL-VAS-B-0116,2026-09-07T20:56:00,356,부가서비스를 해지하려는데 메뉴를 못 찾겠어요.,부가서비스 조회/해지 메뉴 위치 문의,상담원이 가입 서비스 확인 후 해지 처리,어디서 해지하는지 몰라 상담원에게 문의함,불편,부가서비스 해지,VAS-MENU-01,부가서비스 조회/해지,ENTR-VAS-BASELINE-0116,110116,2026-09-07T22:56:00,synthetic-seeder
2026-09-08,110117,20260908,CALL-VAS-B-0117,2026-09-08T20:57:00,357,부가서비스를 해지하려는데 메뉴를 못 찾겠어요.,부가서비스 조회/해지 메뉴 위치 문의,상담원이 가입 서비스 확인 후 해지 처리,어디서 해지하는지 몰라 상담원에게 문의함,불편,부가서비스 해지,VAS-MENU-01,부가서비스 조회/해지,ENTR-VAS-BASELINE-0117,110117,2026-09-08T22:57:00,synthetic-seeder
2026-09-09,110118,20260909,CALL-VAS-B-0118,2026-09-09T20:58:00,358,부가서비스를 해지하려는데 메뉴를 못 찾겠어요.,부가서비스 조회/해지 메뉴 위치 문의,상담원이 가입 서비스 확인 후 해지 처리,어디서 해지하는지 몰라 상담원에게 문의함,불편,부가서비스 해지,VAS-MENU-01,부가서비스 조회/해지,ENTR-VAS-BASELINE-0118,110118,2026-09-09T22:58:00,synthetic-seeder
2026-09-10,110119,20260910,CALL-VAS-B-0119,2026-09-10T20:59:00,359,부가서비스를 해지하려는데 메뉴를 못 찾겠어요.,부가서비스 조회/해지 메뉴 위치 문의,상담원이 가입 서비스 확인 후 해지 처리,어디서 해지하는지 몰라 상담원에게 문의함,불편,부가서비스 해지,VAS-MENU-01,부가서비스 조회/해지,ENTR-VAS-BASELINE-0119,110119,2026-09-10T22:59:00,synthetic-seeder
2026-09-04,110120,20260904,CALL-VAS-B-0120,2026-09-04T20:00:00,360,부가서비스를 해지하려는데 메뉴를 못 찾겠어요.,부가서비스 조회/해지 메뉴 위치 문의,상담원이 가입 서비스 확인 후 해지 처리,어디서 해지하는지 몰라 상담원에게 문의함,불편,부가서비스 해지,VAS-MENU-01,부가서비스 조회/해지,ENTR-VAS-BASELINE-0120,110120,2026-09-04T22:00:00,synthetic-seeder
2026-09-07,210001,20260907,CALL-PAY-B-0001,2026-09-07T21:00:00,301,한도 변경을 여러 번 했는데 동의 화면에서 계속 막혀요.,소액결제 한도 변경 실패 문의,상담원이 본인 확인 후 한도 변경 처리,동의 단계 이후 한도 변경이 완료되지 않아 문의함,불만,소액결제 한도 변경,PAY-LIMIT-01,소액결제 한도,ENTR-PAYMENT-BASELINE-0001,210001,2026-09-07T23:00:00,synthetic-seeder
2026-09-08,210002,20260908,CALL-PAY-B-0002,2026-09-08T21:00:00,302,한도 변경을 여러 번 했는데 동의 화면에서 계속 막혀요.,소액결제 한도 변경 실패 문의,상담원이 본인 확인 후 한도 변경 처리,동의 단계 이후 한도 변경이 완료되지 않아 문의함,불만,소액결제 한도 변경,PAY-LIMIT-01,소액결제 한도,ENTR-PAYMENT-BASELINE-0002,210002,2026-09-08T23:00:00,synthetic-seeder
2026-09-09,210003,20260909,CALL-PAY-B-0003,2026-09-09T21:00:00,303,한도 변경을 여러 번 했는데 동의 화면에서 계속 막혀요.,소액결제 한도 변경 실패 문의,상담원이 본인 확인 후 한도 변경 처리,동의 단계 이후 한도 변경이 완료되지 않아 문의함,불만,소액결제 한도 변경,PAY-LIMIT-01,소액결제 한도,ENTR-PAYMENT-BASELINE-0003,210003,2026-09-09T23:00:00,synthetic-seeder
2026-09-10,210004,20260910,CALL-PAY-B-0004,2026-09-10T21:00:00,304,한도 변경을 여러 번 했는데 동의 화면에서 계속 막혀요.,소액결제 한도 변경 실패 문의,상담원이 본인 확인 후 한도 변경 처리,동의 단계 이후 한도 변경이 완료되지 않아 문의함,불만,소액결제 한도 변경,PAY-LIMIT-01,소액결제 한도,ENTR-PAYMENT-BASELINE-0004,210004,2026-09-10T23:00:00,synthetic-seeder
2026-09-07,210005,20260907,CALL-PAY-B-0005,2026-09-07T21:00:00,305,한도 변경을 여러 번 했는데 동의 화면에서 계속 막혀요.,소액결제 한도 변경 실패 문의,상담원이 본인 확인 후 한도 변경 처리,동의 단계 이후 한도 변경이 완료되지 않아 문의함,불만,소액결제 한도 변경,PAY-LIMIT-01,소액결제 한도,ENTR-PAYMENT-BASELINE-0005,210005,2026-09-07T23:00:00,synthetic-seeder
2026-09-08,210006,20260908,CALL-PAY-B-0006,2026-09-08T21:00:00,306,한도 변경을 여러 번 했는데 동의 화면에서 계속 막혀요.,소액결제 한도 변경 실패 문의,상담원이 본인 확인 후 한도 변경 처리,동의 단계 이후 한도 변경이 완료되지 않아 문의함,불만,소액결제 한도 변경,PAY-LIMIT-01,소액결제 한도,ENTR-PAYMENT-BASELINE-0006,210006,2026-09-08T23:00:00,synthetic-seeder
2026-09-09,210007,20260909,CALL-PAY-B-0007,2026-09-09T21:00:00,307,한도 변경을 여러 번 했는데 동의 화면에서 계속 막혀요.,소액결제 한도 변경 실패 문의,상담원이 본인 확인 후 한도 변경 처리,동의 단계 이후 한도 변경이 완료되지 않아 문의함,불만,소액결제 한도 변경,PAY-LIMIT-01,소액결제 한도,ENTR-PAYMENT-BASELINE-0007,210007,2026-09-09T23:00:00,synthetic-seeder
2026-09-10,210008,20260910,CALL-PAY-B-0008,2026-09-10T21:00:00,308,한도 변경을 여러 번 했는데 동의 화면에서 계속 막혀요.,소액결제 한도 변경 실패 문의,상담원이 본인 확인 후 한도 변경 처리,동의 단계 이후 한도 변경이 완료되지 않아 문의함,불만,소액결제 한도 변경,PAY-LIMIT-01,소액결제 한도,ENTR-PAYMENT-BASELINE-0008,210008,2026-09-10T23:00:00,synthetic-seeder
2026-09-07,210009,20260907,CALL-PAY-B-0009,2026-09-07T21:00:00,309,한도 변경을 여러 번 했는데 동의 화면에서 계속 막혀요.,소액결제 한도 변경 실패 문의,상담원이 본인 확인 후 한도 변경 처리,동의 단계 이후 한도 변경이 완료되지 않아 문의함,불만,소액결제 한도 변경,PAY-LIMIT-01,소액결제 한도,ENTR-PAYMENT-BASELINE-0009,210009,2026-09-07T23:00:00,synthetic-seeder
2026-09-08,210010,20260908,CALL-PAY-B-0010,2026-09-08T21:00:00,310,한도 변경을 여러 번 했는데 동의 화면에서 계속 막혀요.,소액결제 한도 변경 실패 문의,상담원이 본인 확인 후 한도 변경 처리,동의 단계 이후 한도 변경이 완료되지 않아 문의함,불만,소액결제 한도 변경,PAY-LIMIT-01,소액결제 한도,ENTR-PAYMENT-BASELINE-0010,210010,2026-09-08T23:00:00,synthetic-seeder
2026-09-09,210011,20260909,CALL-PAY-B-0011,2026-09-09T21:00:00,311,한도 변경을 여러 번 했는데 동의 화면에서 계속 막혀요.,소액결제 한도 변경 실패 문의,상담원이 본인 확인 후 한도 변경 처리,동의 단계 이후 한도 변경이 완료되지 않아 문의함,불만,소액결제 한도 변경,PAY-LIMIT-01,소액결제 한도,ENTR-PAYMENT-BASELINE-0011,210011,2026-09-09T23:00:00,synthetic-seeder
2026-09-10,210012,20260910,CALL-PAY-B-0012,2026-09-10T21:00:00,312,한도 변경을 여러 번 했는데 동의 화면에서 계속 막혀요.,소액결제 한도 변경 실패 문의,상담원이 본인 확인 후 한도 변경 처리,동의 단계 이후 한도 변경이 완료되지 않아 문의함,불만,소액결제 한도 변경,PAY-LIMIT-01,소액결제 한도,ENTR-PAYMENT-BASELINE-0012,210012,2026-09-10T23:00:00,synthetic-seeder
2026-09-07,210013,20260907,CALL-PAY-B-0013,2026-09-07T21:00:00,313,한도 변경을 여러 번 했는데 동의 화면에서 계속 막혀요.,소액결제 한도 변경 실패 문의,상담원이 본인 확인 후 한도 변경 처리,동의 단계 이후 한도 변경이 완료되지 않아 문의함,불만,소액결제 한도 변경,PAY-LIMIT-01,소액결제 한도,ENTR-PAYMENT-BASELINE-0013,210013,2026-09-07T23:00:00,synthetic-seeder
2026-09-08,210014,20260908,CALL-PAY-B-0014,2026-09-08T21:00:00,314,한도 변경을 여러 번 했는데 동의 화면에서 계속 막혀요.,소액결제 한도 변경 실패 문의,상담원이 본인 확인 후 한도 변경 처리,동의 단계 이후 한도 변경이 완료되지 않아 문의함,불만,소액결제 한도 변경,PAY-LIMIT-01,소액결제 한도,ENTR-PAYMENT-BASELINE-0014,210014,2026-09-08T23:00:00,synthetic-seeder
2026-09-09,210015,20260909,CALL-PAY-B-0015,2026-09-09T21:00:00,315,한도 변경을 여러 번 했는데 동의 화면에서 계속 막혀요.,소액결제 한도 변경 실패 문의,상담원이 본인 확인 후 한도 변경 처리,동의 단계 이후 한도 변경이 완료되지 않아 문의함,불만,소액결제 한도 변경,PAY-LIMIT-01,소액결제 한도,ENTR-PAYMENT-BASELINE-0015,210015,2026-09-09T23:00:00,synthetic-seeder
2026-09-10,210016,20260910,CALL-PAY-B-0016,2026-09-10T21:00:00,316,한도 변경을 여러 번 했는데 동의 화면에서 계속 막혀요.,소액결제 한도 변경 실패 문의,상담원이 본인 확인 후 한도 변경 처리,동의 단계 이후 한도 변경이 완료되지 않아 문의함,불만,소액결제 한도 변경,PAY-LIMIT-01,소액결제 한도,ENTR-PAYMENT-BASELINE-0016,210016,2026-09-10T23:00:00,synthetic-seeder
2026-09-07,210017,20260907,CALL-PAY-B-0017,2026-09-07T21:00:00,317,한도 변경을 여러 번 했는데 동의 화면에서 계속 막혀요.,소액결제 한도 변경 실패 문의,상담원이 본인 확인 후 한도 변경 처리,동의 단계 이후 한도 변경이 완료되지 않아 문의함,불만,소액결제 한도 변경,PAY-LIMIT-01,소액결제 한도,ENTR-PAYMENT-BASELINE-0017,210017,2026-09-07T23:00:00,synthetic-seeder
2026-09-08,210018,20260908,CALL-PAY-B-0018,2026-09-08T21:00:00,318,한도 변경을 여러 번 했는데 동의 화면에서 계속 막혀요.,소액결제 한도 변경 실패 문의,상담원이 본인 확인 후 한도 변경 처리,동의 단계 이후 한도 변경이 완료되지 않아 문의함,불만,소액결제 한도 변경,PAY-LIMIT-01,소액결제 한도,ENTR-PAYMENT-BASELINE-0018,210018,2026-09-08T23:00:00,synthetic-seeder
2026-09-09,210019,20260909,CALL-PAY-B-0019,2026-09-09T21:00:00,319,한도 변경을 여러 번 했는데 동의 화면에서 계속 막혀요.,소액결제 한도 변경 실패 문의,상담원이 본인 확인 후 한도 변경 처리,동의 단계 이후 한도 변경이 완료되지 않아 문의함,불만,소액결제 한도 변경,PAY-LIMIT-01,소액결제 한도,ENTR-PAYMENT-BASELINE-0019,210019,2026-09-09T23:00:00,synthetic-seeder
2026-09-10,210020,20260910,CALL-PAY-B-0020,2026-09-10T21:00:00,320,한도 변경을 여러 번 했는데 동의 화면에서 계속 막혀요.,소액결제 한도 변경 실패 문의,상담원이 본인 확인 후 한도 변경 처리,동의 단계 이후 한도 변경이 완료되지 않아 문의함,불만,소액결제 한도 변경,PAY-LIMIT-01,소액결제 한도,ENTR-PAYMENT-BASELINE-0020,210020,2026-09-10T23:00:00,synthetic-seeder
2026-09-07,210021,20260907,CALL-PAY-B-0021,2026-09-07T21:00:00,321,한도 변경을 여러 번 했는데 동의 화면에서 계속 막혀요.,소액결제 한도 변경 실패 문의,상담원이 본인 확인 후 한도 변경 처리,동의 단계 이후 한도 변경이 완료되지 않아 문의함,불만,소액결제 한도 변경,PAY-LIMIT-01,소액결제 한도,ENTR-PAYMENT-BASELINE-0021,210021,2026-09-07T23:00:00,synthetic-seeder
2026-09-08,210022,20260908,CALL-PAY-B-0022,2026-09-08T21:00:00,322,한도 변경을 여러 번 했는데 동의 화면에서 계속 막혀요.,소액결제 한도 변경 실패 문의,상담원이 본인 확인 후 한도 변경 처리,동의 단계 이후 한도 변경이 완료되지 않아 문의함,불만,소액결제 한도 변경,PAY-LIMIT-01,소액결제 한도,ENTR-PAYMENT-BASELINE-0022,210022,2026-09-08T23:00:00,synthetic-seeder
2026-09-09,210023,20260909,CALL-PAY-B-0023,2026-09-09T21:00:00,323,한도 변경을 여러 번 했는데 동의 화면에서 계속 막혀요.,소액결제 한도 변경 실패 문의,상담원이 본인 확인 후 한도 변경 처리,동의 단계 이후 한도 변경이 완료되지 않아 문의함,불만,소액결제 한도 변경,PAY-LIMIT-01,소액결제 한도,ENTR-PAYMENT-BASELINE-0023,210023,2026-09-09T23:00:00,synthetic-seeder
2026-09-10,210024,20260910,CALL-PAY-B-0024,2026-09-10T21:00:00,324,한도 변경을 여러 번 했는데 동의 화면에서 계속 막혀요.,소액결제 한도 변경 실패 문의,상담원이 본인 확인 후 한도 변경 처리,동의 단계 이후 한도 변경이 완료되지 않아 문의함,불만,소액결제 한도 변경,PAY-LIMIT-01,소액결제 한도,ENTR-PAYMENT-BASELINE-0024,210024,2026-09-10T23:00:00,synthetic-seeder
2026-09-07,210025,20260907,CALL-PAY-B-0025,2026-09-07T21:00:00,325,한도 변경을 여러 번 했는데 동의 화면에서 계속 막혀요.,소액결제 한도 변경 실패 문의,상담원이 본인 확인 후 한도 변경 처리,동의 단계 이후 한도 변경이 완료되지 않아 문의함,불만,소액결제 한도 변경,PAY-LIMIT-01,소액결제 한도,ENTR-PAYMENT-BASELINE-0025,210025,2026-09-07T23:00:00,synthetic-seeder
2026-09-08,210026,20260908,CALL-PAY-B-0026,2026-09-08T21:00:00,326,한도 변경을 여러 번 했는데 동의 화면에서 계속 막혀요.,소액결제 한도 변경 실패 문의,상담원이 본인 확인 후 한도 변경 처리,동의 단계 이후 한도 변경이 완료되지 않아 문의함,불만,소액결제 한도 변경,PAY-LIMIT-01,소액결제 한도,ENTR-PAYMENT-BASELINE-0026,210026,2026-09-08T23:00:00,synthetic-seeder
2026-09-09,210027,20260909,CALL-PAY-B-0027,2026-09-09T21:00:00,327,한도 변경을 여러 번 했는데 동의 화면에서 계속 막혀요.,소액결제 한도 변경 실패 문의,상담원이 본인 확인 후 한도 변경 처리,동의 단계 이후 한도 변경이 완료되지 않아 문의함,불만,소액결제 한도 변경,PAY-LIMIT-01,소액결제 한도,ENTR-PAYMENT-BASELINE-0027,210027,2026-09-09T23:00:00,synthetic-seeder
2026-09-10,210028,20260910,CALL-PAY-B-0028,2026-09-10T21:00:00,328,한도 변경을 여러 번 했는데 동의 화면에서 계속 막혀요.,소액결제 한도 변경 실패 문의,상담원이 본인 확인 후 한도 변경 처리,동의 단계 이후 한도 변경이 완료되지 않아 문의함,불만,소액결제 한도 변경,PAY-LIMIT-01,소액결제 한도,ENTR-PAYMENT-BASELINE-0028,210028,2026-09-10T23:00:00,synthetic-seeder
2026-09-07,210029,20260907,CALL-PAY-B-0029,2026-09-07T21:00:00,329,한도 변경을 여러 번 했는데 동의 화면에서 계속 막혀요.,소액결제 한도 변경 실패 문의,상담원이 본인 확인 후 한도 변경 처리,동의 단계 이후 한도 변경이 완료되지 않아 문의함,불만,소액결제 한도 변경,PAY-LIMIT-01,소액결제 한도,ENTR-PAYMENT-BASELINE-0029,210029,2026-09-07T23:00:00,synthetic-seeder
2026-09-08,210030,20260908,CALL-PAY-B-0030,2026-09-08T21:00:00,330,한도 변경을 여러 번 했는데 동의 화면에서 계속 막혀요.,소액결제 한도 변경 실패 문의,상담원이 본인 확인 후 한도 변경 처리,동의 단계 이후 한도 변경이 완료되지 않아 문의함,불만,소액결제 한도 변경,PAY-LIMIT-01,소액결제 한도,ENTR-PAYMENT-BASELINE-0030,210030,2026-09-08T23:00:00,synthetic-seeder
2026-09-09,210031,20260909,CALL-PAY-B-0031,2026-09-09T21:00:00,331,한도 변경을 여러 번 했는데 동의 화면에서 계속 막혀요.,소액결제 한도 변경 실패 문의,상담원이 본인 확인 후 한도 변경 처리,동의 단계 이후 한도 변경이 완료되지 않아 문의함,불만,소액결제 한도 변경,PAY-LIMIT-01,소액결제 한도,ENTR-PAYMENT-BASELINE-0031,210031,2026-09-09T23:00:00,synthetic-seeder
2026-09-10,210032,20260910,CALL-PAY-B-0032,2026-09-10T21:00:00,332,한도 변경을 여러 번 했는데 동의 화면에서 계속 막혀요.,소액결제 한도 변경 실패 문의,상담원이 본인 확인 후 한도 변경 처리,동의 단계 이후 한도 변경이 완료되지 않아 문의함,불만,소액결제 한도 변경,PAY-LIMIT-01,소액결제 한도,ENTR-PAYMENT-BASELINE-0032,210032,2026-09-10T23:00:00,synthetic-seeder
2026-09-07,210033,20260907,CALL-PAY-B-0033,2026-09-07T21:00:00,333,한도 변경을 여러 번 했는데 동의 화면에서 계속 막혀요.,소액결제 한도 변경 실패 문의,상담원이 본인 확인 후 한도 변경 처리,동의 단계 이후 한도 변경이 완료되지 않아 문의함,불만,소액결제 한도 변경,PAY-LIMIT-01,소액결제 한도,ENTR-PAYMENT-BASELINE-0033,210033,2026-09-07T23:00:00,synthetic-seeder
2026-09-08,210034,20260908,CALL-PAY-B-0034,2026-09-08T21:00:00,334,한도 변경을 여러 번 했는데 동의 화면에서 계속 막혀요.,소액결제 한도 변경 실패 문의,상담원이 본인 확인 후 한도 변경 처리,동의 단계 이후 한도 변경이 완료되지 않아 문의함,불만,소액결제 한도 변경,PAY-LIMIT-01,소액결제 한도,ENTR-PAYMENT-BASELINE-0034,210034,2026-09-08T23:00:00,synthetic-seeder
2026-09-09,210035,20260909,CALL-PAY-B-0035,2026-09-09T21:00:00,335,한도 변경을 여러 번 했는데 동의 화면에서 계속 막혀요.,소액결제 한도 변경 실패 문의,상담원이 본인 확인 후 한도 변경 처리,동의 단계 이후 한도 변경이 완료되지 않아 문의함,불만,소액결제 한도 변경,PAY-LIMIT-01,소액결제 한도,ENTR-PAYMENT-BASELINE-0035,210035,2026-09-09T23:00:00,synthetic-seeder
2026-09-10,210036,20260910,CALL-PAY-B-0036,2026-09-10T21:00:00,336,한도 변경을 여러 번 했는데 동의 화면에서 계속 막혀요.,소액결제 한도 변경 실패 문의,상담원이 본인 확인 후 한도 변경 처리,동의 단계 이후 한도 변경이 완료되지 않아 문의함,불만,소액결제 한도 변경,PAY-LIMIT-01,소액결제 한도,ENTR-PAYMENT-BASELINE-0036,210036,2026-09-10T23:00:00,synthetic-seeder
2026-09-07,210037,20260907,CALL-PAY-B-0037,2026-09-07T21:00:00,337,한도 변경을 여러 번 했는데 동의 화면에서 계속 막혀요.,소액결제 한도 변경 실패 문의,상담원이 본인 확인 후 한도 변경 처리,동의 단계 이후 한도 변경이 완료되지 않아 문의함,불만,소액결제 한도 변경,PAY-LIMIT-01,소액결제 한도,ENTR-PAYMENT-BASELINE-0037,210037,2026-09-07T23:00:00,synthetic-seeder
2026-09-08,210038,20260908,CALL-PAY-B-0038,2026-09-08T21:00:00,338,한도 변경을 여러 번 했는데 동의 화면에서 계속 막혀요.,소액결제 한도 변경 실패 문의,상담원이 본인 확인 후 한도 변경 처리,동의 단계 이후 한도 변경이 완료되지 않아 문의함,불만,소액결제 한도 변경,PAY-LIMIT-01,소액결제 한도,ENTR-PAYMENT-BASELINE-0038,210038,2026-09-08T23:00:00,synthetic-seeder
2026-09-09,210039,20260909,CALL-PAY-B-0039,2026-09-09T21:00:00,339,한도 변경을 여러 번 했는데 동의 화면에서 계속 막혀요.,소액결제 한도 변경 실패 문의,상담원이 본인 확인 후 한도 변경 처리,동의 단계 이후 한도 변경이 완료되지 않아 문의함,불만,소액결제 한도 변경,PAY-LIMIT-01,소액결제 한도,ENTR-PAYMENT-BASELINE-0039,210039,2026-09-09T23:00:00,synthetic-seeder
2026-09-10,210040,20260910,CALL-PAY-B-0040,2026-09-10T21:00:00,340,한도 변경을 여러 번 했는데 동의 화면에서 계속 막혀요.,소액결제 한도 변경 실패 문의,상담원이 본인 확인 후 한도 변경 처리,동의 단계 이후 한도 변경이 완료되지 않아 문의함,불만,소액결제 한도 변경,PAY-LIMIT-01,소액결제 한도,ENTR-PAYMENT-BASELINE-0040,210040,2026-09-10T23:00:00,synthetic-seeder
2026-09-07,210041,20260907,CALL-PAY-B-0041,2026-09-07T21:00:00,341,한도 변경을 여러 번 했는데 동의 화면에서 계속 막혀요.,소액결제 한도 변경 실패 문의,상담원이 본인 확인 후 한도 변경 처리,동의 단계 이후 한도 변경이 완료되지 않아 문의함,불만,소액결제 한도 변경,PAY-LIMIT-01,소액결제 한도,ENTR-PAYMENT-BASELINE-0041,210041,2026-09-07T23:00:00,synthetic-seeder
2026-09-08,210042,20260908,CALL-PAY-B-0042,2026-09-08T21:00:00,342,한도 변경을 여러 번 했는데 동의 화면에서 계속 막혀요.,소액결제 한도 변경 실패 문의,상담원이 본인 확인 후 한도 변경 처리,동의 단계 이후 한도 변경이 완료되지 않아 문의함,불만,소액결제 한도 변경,PAY-LIMIT-01,소액결제 한도,ENTR-PAYMENT-BASELINE-0042,210042,2026-09-08T23:00:00,synthetic-seeder
2026-09-09,210043,20260909,CALL-PAY-B-0043,2026-09-09T21:00:00,343,한도 변경을 여러 번 했는데 동의 화면에서 계속 막혀요.,소액결제 한도 변경 실패 문의,상담원이 본인 확인 후 한도 변경 처리,동의 단계 이후 한도 변경이 완료되지 않아 문의함,불만,소액결제 한도 변경,PAY-LIMIT-01,소액결제 한도,ENTR-PAYMENT-BASELINE-0043,210043,2026-09-09T23:00:00,synthetic-seeder
2026-09-10,210044,20260910,CALL-PAY-B-0044,2026-09-10T21:00:00,344,한도 변경을 여러 번 했는데 동의 화면에서 계속 막혀요.,소액결제 한도 변경 실패 문의,상담원이 본인 확인 후 한도 변경 처리,동의 단계 이후 한도 변경이 완료되지 않아 문의함,불만,소액결제 한도 변경,PAY-LIMIT-01,소액결제 한도,ENTR-PAYMENT-BASELINE-0044,210044,2026-09-10T23:00:00,synthetic-seeder
2026-09-07,210045,20260907,CALL-PAY-B-0045,2026-09-07T21:00:00,345,한도 변경을 여러 번 했는데 동의 화면에서 계속 막혀요.,소액결제 한도 변경 실패 문의,상담원이 본인 확인 후 한도 변경 처리,동의 단계 이후 한도 변경이 완료되지 않아 문의함,불만,소액결제 한도 변경,PAY-LIMIT-01,소액결제 한도,ENTR-PAYMENT-BASELINE-0045,210045,2026-09-07T23:00:00,synthetic-seeder
2026-09-08,210046,20260908,CALL-PAY-B-0046,2026-09-08T21:00:00,346,한도 변경을 여러 번 했는데 동의 화면에서 계속 막혀요.,소액결제 한도 변경 실패 문의,상담원이 본인 확인 후 한도 변경 처리,동의 단계 이후 한도 변경이 완료되지 않아 문의함,불만,소액결제 한도 변경,PAY-LIMIT-01,소액결제 한도,ENTR-PAYMENT-BASELINE-0046,210046,2026-09-08T23:00:00,synthetic-seeder
2026-09-09,210047,20260909,CALL-PAY-B-0047,2026-09-09T21:00:00,347,한도 변경을 여러 번 했는데 동의 화면에서 계속 막혀요.,소액결제 한도 변경 실패 문의,상담원이 본인 확인 후 한도 변경 처리,동의 단계 이후 한도 변경이 완료되지 않아 문의함,불만,소액결제 한도 변경,PAY-LIMIT-01,소액결제 한도,ENTR-PAYMENT-BASELINE-0047,210047,2026-09-09T23:00:00,synthetic-seeder
2026-09-10,210048,20260910,CALL-PAY-B-0048,2026-09-10T21:00:00,348,한도 변경을 여러 번 했는데 동의 화면에서 계속 막혀요.,소액결제 한도 변경 실패 문의,상담원이 본인 확인 후 한도 변경 처리,동의 단계 이후 한도 변경이 완료되지 않아 문의함,불만,소액결제 한도 변경,PAY-LIMIT-01,소액결제 한도,ENTR-PAYMENT-BASELINE-0048,210048,2026-09-10T23:00:00,synthetic-seeder
2026-09-07,210049,20260907,CALL-PAY-B-0049,2026-09-07T21:00:00,349,한도 변경을 여러 번 했는데 동의 화면에서 계속 막혀요.,소액결제 한도 변경 실패 문의,상담원이 본인 확인 후 한도 변경 처리,동의 단계 이후 한도 변경이 완료되지 않아 문의함,불만,소액결제 한도 변경,PAY-LIMIT-01,소액결제 한도,ENTR-PAYMENT-BASELINE-0049,210049,2026-09-07T23:00:00,synthetic-seeder
2026-09-08,210050,20260908,CALL-PAY-B-0050,2026-09-08T21:00:00,350,한도 변경을 여러 번 했는데 동의 화면에서 계속 막혀요.,소액결제 한도 변경 실패 문의,상담원이 본인 확인 후 한도 변경 처리,동의 단계 이후 한도 변경이 완료되지 않아 문의함,불만,소액결제 한도 변경,PAY-LIMIT-01,소액결제 한도,ENTR-PAYMENT-BASELINE-0050,210050,2026-09-08T23:00:00,synthetic-seeder
2026-09-09,210051,20260909,CALL-PAY-B-0051,2026-09-09T21:00:00,351,한도 변경을 여러 번 했는데 동의 화면에서 계속 막혀요.,소액결제 한도 변경 실패 문의,상담원이 본인 확인 후 한도 변경 처리,동의 단계 이후 한도 변경이 완료되지 않아 문의함,불만,소액결제 한도 변경,PAY-LIMIT-01,소액결제 한도,ENTR-PAYMENT-BASELINE-0051,210051,2026-09-09T23:00:00,synthetic-seeder
2026-09-10,210052,20260910,CALL-PAY-B-0052,2026-09-10T21:00:00,352,한도 변경을 여러 번 했는데 동의 화면에서 계속 막혀요.,소액결제 한도 변경 실패 문의,상담원이 본인 확인 후 한도 변경 처리,동의 단계 이후 한도 변경이 완료되지 않아 문의함,불만,소액결제 한도 변경,PAY-LIMIT-01,소액결제 한도,ENTR-PAYMENT-BASELINE-0052,210052,2026-09-10T23:00:00,synthetic-seeder
2026-09-07,210053,20260907,CALL-PAY-B-0053,2026-09-07T21:00:00,353,한도 변경을 여러 번 했는데 동의 화면에서 계속 막혀요.,소액결제 한도 변경 실패 문의,상담원이 본인 확인 후 한도 변경 처리,동의 단계 이후 한도 변경이 완료되지 않아 문의함,불만,소액결제 한도 변경,PAY-LIMIT-01,소액결제 한도,ENTR-PAYMENT-BASELINE-0053,210053,2026-09-07T23:00:00,synthetic-seeder
2026-09-08,210054,20260908,CALL-PAY-B-0054,2026-09-08T21:00:00,354,한도 변경을 여러 번 했는데 동의 화면에서 계속 막혀요.,소액결제 한도 변경 실패 문의,상담원이 본인 확인 후 한도 변경 처리,동의 단계 이후 한도 변경이 완료되지 않아 문의함,불만,소액결제 한도 변경,PAY-LIMIT-01,소액결제 한도,ENTR-PAYMENT-BASELINE-0054,210054,2026-09-08T23:00:00,synthetic-seeder
2026-09-09,210055,20260909,CALL-PAY-B-0055,2026-09-09T21:00:00,355,한도 변경을 여러 번 했는데 동의 화면에서 계속 막혀요.,소액결제 한도 변경 실패 문의,상담원이 본인 확인 후 한도 변경 처리,동의 단계 이후 한도 변경이 완료되지 않아 문의함,불만,소액결제 한도 변경,PAY-LIMIT-01,소액결제 한도,ENTR-PAYMENT-BASELINE-0055,210055,2026-09-09T23:00:00,synthetic-seeder
2026-09-10,210056,20260910,CALL-PAY-B-0056,2026-09-10T21:00:00,356,한도 변경을 여러 번 했는데 동의 화면에서 계속 막혀요.,소액결제 한도 변경 실패 문의,상담원이 본인 확인 후 한도 변경 처리,동의 단계 이후 한도 변경이 완료되지 않아 문의함,불만,소액결제 한도 변경,PAY-LIMIT-01,소액결제 한도,ENTR-PAYMENT-BASELINE-0056,210056,2026-09-10T23:00:00,synthetic-seeder
2026-09-07,210057,20260907,CALL-PAY-B-0057,2026-09-07T21:00:00,357,한도 변경을 여러 번 했는데 동의 화면에서 계속 막혀요.,소액결제 한도 변경 실패 문의,상담원이 본인 확인 후 한도 변경 처리,동의 단계 이후 한도 변경이 완료되지 않아 문의함,불만,소액결제 한도 변경,PAY-LIMIT-01,소액결제 한도,ENTR-PAYMENT-BASELINE-0057,210057,2026-09-07T23:00:00,synthetic-seeder
2026-09-08,210058,20260908,CALL-PAY-B-0058,2026-09-08T21:00:00,358,한도 변경을 여러 번 했는데 동의 화면에서 계속 막혀요.,소액결제 한도 변경 실패 문의,상담원이 본인 확인 후 한도 변경 처리,동의 단계 이후 한도 변경이 완료되지 않아 문의함,불만,소액결제 한도 변경,PAY-LIMIT-01,소액결제 한도,ENTR-PAYMENT-BASELINE-0058,210058,2026-09-08T23:00:00,synthetic-seeder
2026-09-09,210059,20260909,CALL-PAY-B-0059,2026-09-09T21:00:00,359,한도 변경을 여러 번 했는데 동의 화면에서 계속 막혀요.,소액결제 한도 변경 실패 문의,상담원이 본인 확인 후 한도 변경 처리,동의 단계 이후 한도 변경이 완료되지 않아 문의함,불만,소액결제 한도 변경,PAY-LIMIT-01,소액결제 한도,ENTR-PAYMENT-BASELINE-0059,210059,2026-09-09T23:00:00,synthetic-seeder
2026-09-10,210060,20260910,CALL-PAY-B-0060,2026-09-10T21:00:00,360,한도 변경을 여러 번 했는데 동의 화면에서 계속 막혀요.,소액결제 한도 변경 실패 문의,상담원이 본인 확인 후 한도 변경 처리,동의 단계 이후 한도 변경이 완료되지 않아 문의함,불만,소액결제 한도 변경,PAY-LIMIT-01,소액결제 한도,ENTR-PAYMENT-BASELINE-0060,210060,2026-09-10T23:00:00,synthetic-seeder
2026-09-07,210061,20260907,CALL-PAY-B-0061,2026-09-07T21:00:00,361,한도 변경을 여러 번 했는데 동의 화면에서 계속 막혀요.,소액결제 한도 변경 실패 문의,상담원이 본인 확인 후 한도 변경 처리,동의 단계 이후 한도 변경이 완료되지 않아 문의함,불만,소액결제 한도 변경,PAY-LIMIT-01,소액결제 한도,ENTR-PAYMENT-BASELINE-0061,210061,2026-09-07T23:00:00,synthetic-seeder
2026-09-08,210062,20260908,CALL-PAY-B-0062,2026-09-08T21:00:00,362,한도 변경을 여러 번 했는데 동의 화면에서 계속 막혀요.,소액결제 한도 변경 실패 문의,상담원이 본인 확인 후 한도 변경 처리,동의 단계 이후 한도 변경이 완료되지 않아 문의함,불만,소액결제 한도 변경,PAY-LIMIT-01,소액결제 한도,ENTR-PAYMENT-BASELINE-0062,210062,2026-09-08T23:00:00,synthetic-seeder
2026-09-09,210063,20260909,CALL-PAY-B-0063,2026-09-09T21:00:00,363,한도 변경을 여러 번 했는데 동의 화면에서 계속 막혀요.,소액결제 한도 변경 실패 문의,상담원이 본인 확인 후 한도 변경 처리,동의 단계 이후 한도 변경이 완료되지 않아 문의함,불만,소액결제 한도 변경,PAY-LIMIT-01,소액결제 한도,ENTR-PAYMENT-BASELINE-0063,210063,2026-09-09T23:00:00,synthetic-seeder
2026-09-10,210064,20260910,CALL-PAY-B-0064,2026-09-10T21:00:00,364,한도 변경을 여러 번 했는데 동의 화면에서 계속 막혀요.,소액결제 한도 변경 실패 문의,상담원이 본인 확인 후 한도 변경 처리,동의 단계 이후 한도 변경이 완료되지 않아 문의함,불만,소액결제 한도 변경,PAY-LIMIT-01,소액결제 한도,ENTR-PAYMENT-BASELINE-0064,210064,2026-09-10T23:00:00,synthetic-seeder
2026-09-07,210065,20260907,CALL-PAY-B-0065,2026-09-07T21:00:00,365,한도 변경을 여러 번 했는데 동의 화면에서 계속 막혀요.,소액결제 한도 변경 실패 문의,상담원이 본인 확인 후 한도 변경 처리,동의 단계 이후 한도 변경이 완료되지 않아 문의함,불만,소액결제 한도 변경,PAY-LIMIT-01,소액결제 한도,ENTR-PAYMENT-BASELINE-0065,210065,2026-09-07T23:00:00,synthetic-seeder
2026-09-08,210066,20260908,CALL-PAY-B-0066,2026-09-08T21:00:00,366,한도 변경을 여러 번 했는데 동의 화면에서 계속 막혀요.,소액결제 한도 변경 실패 문의,상담원이 본인 확인 후 한도 변경 처리,동의 단계 이후 한도 변경이 완료되지 않아 문의함,불만,소액결제 한도 변경,PAY-LIMIT-01,소액결제 한도,ENTR-PAYMENT-BASELINE-0066,210066,2026-09-08T23:00:00,synthetic-seeder
2026-09-09,210067,20260909,CALL-PAY-B-0067,2026-09-09T21:00:00,367,한도 변경을 여러 번 했는데 동의 화면에서 계속 막혀요.,소액결제 한도 변경 실패 문의,상담원이 본인 확인 후 한도 변경 처리,동의 단계 이후 한도 변경이 완료되지 않아 문의함,불만,소액결제 한도 변경,PAY-LIMIT-01,소액결제 한도,ENTR-PAYMENT-BASELINE-0067,210067,2026-09-09T23:00:00,synthetic-seeder
2026-09-10,210068,20260910,CALL-PAY-B-0068,2026-09-10T21:00:00,368,한도 변경을 여러 번 했는데 동의 화면에서 계속 막혀요.,소액결제 한도 변경 실패 문의,상담원이 본인 확인 후 한도 변경 처리,동의 단계 이후 한도 변경이 완료되지 않아 문의함,불만,소액결제 한도 변경,PAY-LIMIT-01,소액결제 한도,ENTR-PAYMENT-BASELINE-0068,210068,2026-09-10T23:00:00,synthetic-seeder
2026-09-07,210069,20260907,CALL-PAY-B-0069,2026-09-07T21:00:00,369,한도 변경을 여러 번 했는데 동의 화면에서 계속 막혀요.,소액결제 한도 변경 실패 문의,상담원이 본인 확인 후 한도 변경 처리,동의 단계 이후 한도 변경이 완료되지 않아 문의함,불만,소액결제 한도 변경,PAY-LIMIT-01,소액결제 한도,ENTR-PAYMENT-BASELINE-0069,210069,2026-09-07T23:00:00,synthetic-seeder
2026-09-08,210070,20260908,CALL-PAY-B-0070,2026-09-08T21:00:00,370,한도 변경을 여러 번 했는데 동의 화면에서 계속 막혀요.,소액결제 한도 변경 실패 문의,상담원이 본인 확인 후 한도 변경 처리,동의 단계 이후 한도 변경이 완료되지 않아 문의함,불만,소액결제 한도 변경,PAY-LIMIT-01,소액결제 한도,ENTR-PAYMENT-BASELINE-0070,210070,2026-09-08T23:00:00,synthetic-seeder
2026-09-09,210071,20260909,CALL-PAY-B-0071,2026-09-09T21:00:00,371,한도 변경을 여러 번 했는데 동의 화면에서 계속 막혀요.,소액결제 한도 변경 실패 문의,상담원이 본인 확인 후 한도 변경 처리,동의 단계 이후 한도 변경이 완료되지 않아 문의함,불만,소액결제 한도 변경,PAY-LIMIT-01,소액결제 한도,ENTR-PAYMENT-BASELINE-0071,210071,2026-09-09T23:00:00,synthetic-seeder
2026-09-10,210072,20260910,CALL-PAY-B-0072,2026-09-10T21:00:00,372,한도 변경을 여러 번 했는데 동의 화면에서 계속 막혀요.,소액결제 한도 변경 실패 문의,상담원이 본인 확인 후 한도 변경 처리,동의 단계 이후 한도 변경이 완료되지 않아 문의함,불만,소액결제 한도 변경,PAY-LIMIT-01,소액결제 한도,ENTR-PAYMENT-BASELINE-0072,210072,2026-09-10T23:00:00,synthetic-seeder
2026-09-07,210073,20260907,CALL-PAY-B-0073,2026-09-07T21:00:00,373,한도 변경을 여러 번 했는데 동의 화면에서 계속 막혀요.,소액결제 한도 변경 실패 문의,상담원이 본인 확인 후 한도 변경 처리,동의 단계 이후 한도 변경이 완료되지 않아 문의함,불만,소액결제 한도 변경,PAY-LIMIT-01,소액결제 한도,ENTR-PAYMENT-BASELINE-0073,210073,2026-09-07T23:00:00,synthetic-seeder
2026-09-08,210074,20260908,CALL-PAY-B-0074,2026-09-08T21:00:00,374,한도 변경을 여러 번 했는데 동의 화면에서 계속 막혀요.,소액결제 한도 변경 실패 문의,상담원이 본인 확인 후 한도 변경 처리,동의 단계 이후 한도 변경이 완료되지 않아 문의함,불만,소액결제 한도 변경,PAY-LIMIT-01,소액결제 한도,ENTR-PAYMENT-BASELINE-0074,210074,2026-09-08T23:00:00,synthetic-seeder
2026-09-11,120001,20260911,CALL-VAS-P-1-001,2026-09-11T20:01:00,221,부가서비스 메뉴 이동 방법을 문의합니다.,부가서비스 조회/해지 메뉴 위치 문의,상담원이 바로가기 경로 안내,앱 메뉴 위치를 찾지 못해 문의함,불편,부가서비스 해지,VAS-MENU-01,부가서비스 조회/해지,ENTR-VAS-POST-0001,120001,2026-09-11T22:01:00,synthetic-seeder
2026-09-11,120002,20260911,CALL-VAS-P-1-002,2026-09-11T20:02:00,222,부가서비스 메뉴 이동 방법을 문의합니다.,부가서비스 조회/해지 메뉴 위치 문의,상담원이 바로가기 경로 안내,앱 메뉴 위치를 찾지 못해 문의함,불편,부가서비스 해지,VAS-MENU-01,부가서비스 조회/해지,ENTR-VAS-POST-0002,120002,2026-09-11T22:02:00,synthetic-seeder
2026-09-11,120003,20260911,CALL-VAS-P-1-003,2026-09-11T20:03:00,223,부가서비스 메뉴 이동 방법을 문의합니다.,부가서비스 조회/해지 메뉴 위치 문의,상담원이 바로가기 경로 안내,앱 메뉴 위치를 찾지 못해 문의함,불편,부가서비스 해지,VAS-MENU-01,부가서비스 조회/해지,ENTR-VAS-POST-0003,120003,2026-09-11T22:03:00,synthetic-seeder
2026-09-11,120004,20260911,CALL-VAS-P-1-004,2026-09-11T20:04:00,224,부가서비스 메뉴 이동 방법을 문의합니다.,부가서비스 조회/해지 메뉴 위치 문의,상담원이 바로가기 경로 안내,앱 메뉴 위치를 찾지 못해 문의함,불편,부가서비스 해지,VAS-MENU-01,부가서비스 조회/해지,ENTR-VAS-POST-0004,120004,2026-09-11T22:04:00,synthetic-seeder
2026-09-11,120005,20260911,CALL-VAS-P-1-005,2026-09-11T20:05:00,225,부가서비스 메뉴 이동 방법을 문의합니다.,부가서비스 조회/해지 메뉴 위치 문의,상담원이 바로가기 경로 안내,앱 메뉴 위치를 찾지 못해 문의함,불편,부가서비스 해지,VAS-MENU-01,부가서비스 조회/해지,ENTR-VAS-POST-0005,120005,2026-09-11T22:05:00,synthetic-seeder
2026-09-11,120006,20260911,CALL-VAS-P-1-006,2026-09-11T20:06:00,226,부가서비스 메뉴 이동 방법을 문의합니다.,부가서비스 조회/해지 메뉴 위치 문의,상담원이 바로가기 경로 안내,앱 메뉴 위치를 찾지 못해 문의함,불편,부가서비스 해지,VAS-MENU-01,부가서비스 조회/해지,ENTR-VAS-POST-0006,120006,2026-09-11T22:06:00,synthetic-seeder
2026-09-11,120007,20260911,CALL-VAS-P-1-007,2026-09-11T20:07:00,227,부가서비스 메뉴 이동 방법을 문의합니다.,부가서비스 조회/해지 메뉴 위치 문의,상담원이 바로가기 경로 안내,앱 메뉴 위치를 찾지 못해 문의함,불편,부가서비스 해지,VAS-MENU-01,부가서비스 조회/해지,ENTR-VAS-POST-0007,120007,2026-09-11T22:07:00,synthetic-seeder
2026-09-11,120008,20260911,CALL-VAS-P-1-008,2026-09-11T20:08:00,228,부가서비스 메뉴 이동 방법을 문의합니다.,부가서비스 조회/해지 메뉴 위치 문의,상담원이 바로가기 경로 안내,앱 메뉴 위치를 찾지 못해 문의함,불편,부가서비스 해지,VAS-MENU-01,부가서비스 조회/해지,ENTR-VAS-POST-0008,120008,2026-09-11T22:08:00,synthetic-seeder
2026-09-11,120009,20260911,CALL-VAS-P-1-009,2026-09-11T20:09:00,229,부가서비스 메뉴 이동 방법을 문의합니다.,부가서비스 조회/해지 메뉴 위치 문의,상담원이 바로가기 경로 안내,앱 메뉴 위치를 찾지 못해 문의함,불편,부가서비스 해지,VAS-MENU-01,부가서비스 조회/해지,ENTR-VAS-POST-0009,120009,2026-09-11T22:09:00,synthetic-seeder
2026-09-12,120101,20260912,CALL-VAS-P-2-001,2026-09-12T20:01:00,221,부가서비스 메뉴 이동 방법을 문의합니다.,부가서비스 조회/해지 메뉴 위치 문의,상담원이 바로가기 경로 안내,앱 메뉴 위치를 찾지 못해 문의함,불편,부가서비스 해지,VAS-MENU-01,부가서비스 조회/해지,ENTR-VAS-POST-0101,120101,2026-09-12T22:01:00,synthetic-seeder
2026-09-12,120102,20260912,CALL-VAS-P-2-002,2026-09-12T20:02:00,222,부가서비스 메뉴 이동 방법을 문의합니다.,부가서비스 조회/해지 메뉴 위치 문의,상담원이 바로가기 경로 안내,앱 메뉴 위치를 찾지 못해 문의함,불편,부가서비스 해지,VAS-MENU-01,부가서비스 조회/해지,ENTR-VAS-POST-0102,120102,2026-09-12T22:02:00,synthetic-seeder
2026-09-12,120103,20260912,CALL-VAS-P-2-003,2026-09-12T20:03:00,223,부가서비스 메뉴 이동 방법을 문의합니다.,부가서비스 조회/해지 메뉴 위치 문의,상담원이 바로가기 경로 안내,앱 메뉴 위치를 찾지 못해 문의함,불편,부가서비스 해지,VAS-MENU-01,부가서비스 조회/해지,ENTR-VAS-POST-0103,120103,2026-09-12T22:03:00,synthetic-seeder
2026-09-12,120104,20260912,CALL-VAS-P-2-004,2026-09-12T20:04:00,224,부가서비스 메뉴 이동 방법을 문의합니다.,부가서비스 조회/해지 메뉴 위치 문의,상담원이 바로가기 경로 안내,앱 메뉴 위치를 찾지 못해 문의함,불편,부가서비스 해지,VAS-MENU-01,부가서비스 조회/해지,ENTR-VAS-POST-0104,120104,2026-09-12T22:04:00,synthetic-seeder
2026-09-12,120105,20260912,CALL-VAS-P-2-005,2026-09-12T20:05:00,225,부가서비스 메뉴 이동 방법을 문의합니다.,부가서비스 조회/해지 메뉴 위치 문의,상담원이 바로가기 경로 안내,앱 메뉴 위치를 찾지 못해 문의함,불편,부가서비스 해지,VAS-MENU-01,부가서비스 조회/해지,ENTR-VAS-POST-0105,120105,2026-09-12T22:05:00,synthetic-seeder
2026-09-12,120106,20260912,CALL-VAS-P-2-006,2026-09-12T20:06:00,226,부가서비스 메뉴 이동 방법을 문의합니다.,부가서비스 조회/해지 메뉴 위치 문의,상담원이 바로가기 경로 안내,앱 메뉴 위치를 찾지 못해 문의함,불편,부가서비스 해지,VAS-MENU-01,부가서비스 조회/해지,ENTR-VAS-POST-0106,120106,2026-09-12T22:06:00,synthetic-seeder
2026-09-12,120107,20260912,CALL-VAS-P-2-007,2026-09-12T20:07:00,227,부가서비스 메뉴 이동 방법을 문의합니다.,부가서비스 조회/해지 메뉴 위치 문의,상담원이 바로가기 경로 안내,앱 메뉴 위치를 찾지 못해 문의함,불편,부가서비스 해지,VAS-MENU-01,부가서비스 조회/해지,ENTR-VAS-POST-0107,120107,2026-09-12T22:07:00,synthetic-seeder
2026-09-12,120108,20260912,CALL-VAS-P-2-008,2026-09-12T20:08:00,228,부가서비스 메뉴 이동 방법을 문의합니다.,부가서비스 조회/해지 메뉴 위치 문의,상담원이 바로가기 경로 안내,앱 메뉴 위치를 찾지 못해 문의함,불편,부가서비스 해지,VAS-MENU-01,부가서비스 조회/해지,ENTR-VAS-POST-0108,120108,2026-09-12T22:08:00,synthetic-seeder
2026-09-13,120201,20260913,CALL-VAS-P-3-001,2026-09-13T20:01:00,221,부가서비스 메뉴 이동 방법을 문의합니다.,부가서비스 조회/해지 메뉴 위치 문의,상담원이 바로가기 경로 안내,앱 메뉴 위치를 찾지 못해 문의함,불편,부가서비스 해지,VAS-MENU-01,부가서비스 조회/해지,ENTR-VAS-POST-0201,120201,2026-09-13T22:01:00,synthetic-seeder
2026-09-13,120202,20260913,CALL-VAS-P-3-002,2026-09-13T20:02:00,222,부가서비스 메뉴 이동 방법을 문의합니다.,부가서비스 조회/해지 메뉴 위치 문의,상담원이 바로가기 경로 안내,앱 메뉴 위치를 찾지 못해 문의함,불편,부가서비스 해지,VAS-MENU-01,부가서비스 조회/해지,ENTR-VAS-POST-0202,120202,2026-09-13T22:02:00,synthetic-seeder
2026-09-13,120203,20260913,CALL-VAS-P-3-003,2026-09-13T20:03:00,223,부가서비스 메뉴 이동 방법을 문의합니다.,부가서비스 조회/해지 메뉴 위치 문의,상담원이 바로가기 경로 안내,앱 메뉴 위치를 찾지 못해 문의함,불편,부가서비스 해지,VAS-MENU-01,부가서비스 조회/해지,ENTR-VAS-POST-0203,120203,2026-09-13T22:03:00,synthetic-seeder
2026-09-13,120204,20260913,CALL-VAS-P-3-004,2026-09-13T20:04:00,224,부가서비스 메뉴 이동 방법을 문의합니다.,부가서비스 조회/해지 메뉴 위치 문의,상담원이 바로가기 경로 안내,앱 메뉴 위치를 찾지 못해 문의함,불편,부가서비스 해지,VAS-MENU-01,부가서비스 조회/해지,ENTR-VAS-POST-0204,120204,2026-09-13T22:04:00,synthetic-seeder
2026-09-13,120205,20260913,CALL-VAS-P-3-005,2026-09-13T20:05:00,225,부가서비스 메뉴 이동 방법을 문의합니다.,부가서비스 조회/해지 메뉴 위치 문의,상담원이 바로가기 경로 안내,앱 메뉴 위치를 찾지 못해 문의함,불편,부가서비스 해지,VAS-MENU-01,부가서비스 조회/해지,ENTR-VAS-POST-0205,120205,2026-09-13T22:05:00,synthetic-seeder
2026-09-13,120206,20260913,CALL-VAS-P-3-006,2026-09-13T20:06:00,226,부가서비스 메뉴 이동 방법을 문의합니다.,부가서비스 조회/해지 메뉴 위치 문의,상담원이 바로가기 경로 안내,앱 메뉴 위치를 찾지 못해 문의함,불편,부가서비스 해지,VAS-MENU-01,부가서비스 조회/해지,ENTR-VAS-POST-0206,120206,2026-09-13T22:06:00,synthetic-seeder
2026-09-13,120207,20260913,CALL-VAS-P-3-007,2026-09-13T20:07:00,227,부가서비스 메뉴 이동 방법을 문의합니다.,부가서비스 조회/해지 메뉴 위치 문의,상담원이 바로가기 경로 안내,앱 메뉴 위치를 찾지 못해 문의함,불편,부가서비스 해지,VAS-MENU-01,부가서비스 조회/해지,ENTR-VAS-POST-0207,120207,2026-09-13T22:07:00,synthetic-seeder
2026-09-14,120301,20260914,CALL-VAS-P-4-001,2026-09-14T20:01:00,221,부가서비스 메뉴 이동 방법을 문의합니다.,부가서비스 조회/해지 메뉴 위치 문의,상담원이 바로가기 경로 안내,앱 메뉴 위치를 찾지 못해 문의함,불편,부가서비스 해지,VAS-MENU-01,부가서비스 조회/해지,ENTR-VAS-POST-0301,120301,2026-09-14T22:01:00,synthetic-seeder
2026-09-14,120302,20260914,CALL-VAS-P-4-002,2026-09-14T20:02:00,222,부가서비스 메뉴 이동 방법을 문의합니다.,부가서비스 조회/해지 메뉴 위치 문의,상담원이 바로가기 경로 안내,앱 메뉴 위치를 찾지 못해 문의함,불편,부가서비스 해지,VAS-MENU-01,부가서비스 조회/해지,ENTR-VAS-POST-0302,120302,2026-09-14T22:02:00,synthetic-seeder
2026-09-14,120303,20260914,CALL-VAS-P-4-003,2026-09-14T20:03:00,223,부가서비스 메뉴 이동 방법을 문의합니다.,부가서비스 조회/해지 메뉴 위치 문의,상담원이 바로가기 경로 안내,앱 메뉴 위치를 찾지 못해 문의함,불편,부가서비스 해지,VAS-MENU-01,부가서비스 조회/해지,ENTR-VAS-POST-0303,120303,2026-09-14T22:03:00,synthetic-seeder
2026-09-14,120304,20260914,CALL-VAS-P-4-004,2026-09-14T20:04:00,224,부가서비스 메뉴 이동 방법을 문의합니다.,부가서비스 조회/해지 메뉴 위치 문의,상담원이 바로가기 경로 안내,앱 메뉴 위치를 찾지 못해 문의함,불편,부가서비스 해지,VAS-MENU-01,부가서비스 조회/해지,ENTR-VAS-POST-0304,120304,2026-09-14T22:04:00,synthetic-seeder
2026-09-14,120305,20260914,CALL-VAS-P-4-005,2026-09-14T20:05:00,225,부가서비스 메뉴 이동 방법을 문의합니다.,부가서비스 조회/해지 메뉴 위치 문의,상담원이 바로가기 경로 안내,앱 메뉴 위치를 찾지 못해 문의함,불편,부가서비스 해지,VAS-MENU-01,부가서비스 조회/해지,ENTR-VAS-POST-0305,120305,2026-09-14T22:05:00,synthetic-seeder
2026-09-14,120306,20260914,CALL-VAS-P-4-006,2026-09-14T20:06:00,226,부가서비스 메뉴 이동 방법을 문의합니다.,부가서비스 조회/해지 메뉴 위치 문의,상담원이 바로가기 경로 안내,앱 메뉴 위치를 찾지 못해 문의함,불편,부가서비스 해지,VAS-MENU-01,부가서비스 조회/해지,ENTR-VAS-POST-0306,120306,2026-09-14T22:06:00,synthetic-seeder
2026-09-15,120401,20260915,CALL-VAS-P-5-001,2026-09-15T20:01:00,221,부가서비스 메뉴 이동 방법을 문의합니다.,부가서비스 조회/해지 메뉴 위치 문의,상담원이 바로가기 경로 안내,앱 메뉴 위치를 찾지 못해 문의함,불편,부가서비스 해지,VAS-MENU-01,부가서비스 조회/해지,ENTR-VAS-POST-0401,120401,2026-09-15T22:01:00,synthetic-seeder
2026-09-15,120402,20260915,CALL-VAS-P-5-002,2026-09-15T20:02:00,222,부가서비스 메뉴 이동 방법을 문의합니다.,부가서비스 조회/해지 메뉴 위치 문의,상담원이 바로가기 경로 안내,앱 메뉴 위치를 찾지 못해 문의함,불편,부가서비스 해지,VAS-MENU-01,부가서비스 조회/해지,ENTR-VAS-POST-0402,120402,2026-09-15T22:02:00,synthetic-seeder
2026-09-15,120403,20260915,CALL-VAS-P-5-003,2026-09-15T20:03:00,223,부가서비스 메뉴 이동 방법을 문의합니다.,부가서비스 조회/해지 메뉴 위치 문의,상담원이 바로가기 경로 안내,앱 메뉴 위치를 찾지 못해 문의함,불편,부가서비스 해지,VAS-MENU-01,부가서비스 조회/해지,ENTR-VAS-POST-0403,120403,2026-09-15T22:03:00,synthetic-seeder
2026-09-15,120404,20260915,CALL-VAS-P-5-004,2026-09-15T20:04:00,224,부가서비스 메뉴 이동 방법을 문의합니다.,부가서비스 조회/해지 메뉴 위치 문의,상담원이 바로가기 경로 안내,앱 메뉴 위치를 찾지 못해 문의함,불편,부가서비스 해지,VAS-MENU-01,부가서비스 조회/해지,ENTR-VAS-POST-0404,120404,2026-09-15T22:04:00,synthetic-seeder
2026-09-15,120405,20260915,CALL-VAS-P-5-005,2026-09-15T20:05:00,225,부가서비스 메뉴 이동 방법을 문의합니다.,부가서비스 조회/해지 메뉴 위치 문의,상담원이 바로가기 경로 안내,앱 메뉴 위치를 찾지 못해 문의함,불편,부가서비스 해지,VAS-MENU-01,부가서비스 조회/해지,ENTR-VAS-POST-0405,120405,2026-09-15T22:05:00,synthetic-seeder
2026-09-16,120501,20260916,CALL-VAS-P-6-001,2026-09-16T20:01:00,221,부가서비스 메뉴 이동 방법을 문의합니다.,부가서비스 조회/해지 메뉴 위치 문의,상담원이 바로가기 경로 안내,앱 메뉴 위치를 찾지 못해 문의함,불편,부가서비스 해지,VAS-MENU-01,부가서비스 조회/해지,ENTR-VAS-POST-0501,120501,2026-09-16T22:01:00,synthetic-seeder
2026-09-16,120502,20260916,CALL-VAS-P-6-002,2026-09-16T20:02:00,222,부가서비스 메뉴 이동 방법을 문의합니다.,부가서비스 조회/해지 메뉴 위치 문의,상담원이 바로가기 경로 안내,앱 메뉴 위치를 찾지 못해 문의함,불편,부가서비스 해지,VAS-MENU-01,부가서비스 조회/해지,ENTR-VAS-POST-0502,120502,2026-09-16T22:02:00,synthetic-seeder
2026-09-16,120503,20260916,CALL-VAS-P-6-003,2026-09-16T20:03:00,223,부가서비스 메뉴 이동 방법을 문의합니다.,부가서비스 조회/해지 메뉴 위치 문의,상담원이 바로가기 경로 안내,앱 메뉴 위치를 찾지 못해 문의함,불편,부가서비스 해지,VAS-MENU-01,부가서비스 조회/해지,ENTR-VAS-POST-0503,120503,2026-09-16T22:03:00,synthetic-seeder
2026-09-16,120504,20260916,CALL-VAS-P-6-004,2026-09-16T20:04:00,224,부가서비스 메뉴 이동 방법을 문의합니다.,부가서비스 조회/해지 메뉴 위치 문의,상담원이 바로가기 경로 안내,앱 메뉴 위치를 찾지 못해 문의함,불편,부가서비스 해지,VAS-MENU-01,부가서비스 조회/해지,ENTR-VAS-POST-0504,120504,2026-09-16T22:04:00,synthetic-seeder
2026-09-17,120601,20260917,CALL-VAS-P-7-001,2026-09-17T20:01:00,221,부가서비스 메뉴 이동 방법을 문의합니다.,부가서비스 조회/해지 메뉴 위치 문의,상담원이 바로가기 경로 안내,앱 메뉴 위치를 찾지 못해 문의함,불편,부가서비스 해지,VAS-MENU-01,부가서비스 조회/해지,ENTR-VAS-POST-0601,120601,2026-09-17T22:01:00,synthetic-seeder
2026-09-17,120602,20260917,CALL-VAS-P-7-002,2026-09-17T20:02:00,222,부가서비스 메뉴 이동 방법을 문의합니다.,부가서비스 조회/해지 메뉴 위치 문의,상담원이 바로가기 경로 안내,앱 메뉴 위치를 찾지 못해 문의함,불편,부가서비스 해지,VAS-MENU-01,부가서비스 조회/해지,ENTR-VAS-POST-0602,120602,2026-09-17T22:02:00,synthetic-seeder
2026-09-17,120603,20260917,CALL-VAS-P-7-003,2026-09-17T20:03:00,223,부가서비스 메뉴 이동 방법을 문의합니다.,부가서비스 조회/해지 메뉴 위치 문의,상담원이 바로가기 경로 안내,앱 메뉴 위치를 찾지 못해 문의함,불편,부가서비스 해지,VAS-MENU-01,부가서비스 조회/해지,ENTR-VAS-POST-0603,120603,2026-09-17T22:03:00,synthetic-seeder
2026-09-11,220005,20260911,CALL-PAY-P-1-005,2026-09-11T20:01:00,261,한도 변경 과정에서 동의 단계를 완료하지 못했어요.,소액결제 한도 변경 실패 문의,상담원이 동의 단계와 본인인증 안내,동의 단계 이후 변경이 완료되지 않아 문의함,불편,소액결제 한도 변경,PAY-LIMIT-01,소액결제 한도,ENTR-PAYMENT-POST-0005,220005,2026-09-11T22:01:00,synthetic-seeder
2026-09-11,220006,20260911,CALL-PAY-P-1-006,2026-09-11T20:02:00,262,한도 변경 과정에서 동의 단계를 완료하지 못했어요.,소액결제 한도 변경 실패 문의,상담원이 동의 단계와 본인인증 안내,동의 단계 이후 변경이 완료되지 않아 문의함,불편,소액결제 한도 변경,PAY-LIMIT-01,소액결제 한도,ENTR-PAYMENT-POST-0006,220006,2026-09-11T22:02:00,synthetic-seeder
2026-09-11,220007,20260911,CALL-PAY-P-1-007,2026-09-11T20:03:00,263,한도 변경 과정에서 동의 단계를 완료하지 못했어요.,소액결제 한도 변경 실패 문의,상담원이 동의 단계와 본인인증 안내,동의 단계 이후 변경이 완료되지 않아 문의함,불편,소액결제 한도 변경,PAY-LIMIT-01,소액결제 한도,ENTR-PAYMENT-POST-0007,220007,2026-09-11T22:03:00,synthetic-seeder
2026-09-11,220008,20260911,CALL-PAY-P-1-008,2026-09-11T20:04:00,264,한도 변경 과정에서 동의 단계를 완료하지 못했어요.,소액결제 한도 변경 실패 문의,상담원이 동의 단계와 본인인증 안내,동의 단계 이후 변경이 완료되지 않아 문의함,불편,소액결제 한도 변경,PAY-LIMIT-01,소액결제 한도,ENTR-PAYMENT-POST-0008,220008,2026-09-11T22:04:00,synthetic-seeder
2026-09-11,220019,20260911,CALL-PAY-P-1-019,2026-09-11T20:05:00,265,한도 변경 과정에서 동의 단계를 완료하지 못했어요.,소액결제 한도 변경 실패 문의,상담원이 동의 단계와 본인인증 안내,동의 단계 이후 변경이 완료되지 않아 문의함,불편,소액결제 한도 변경,PAY-LIMIT-01,소액결제 한도,ENTR-PAYMENT-POST-0019,220019,2026-09-11T22:05:00,synthetic-seeder
2026-09-11,220020,20260911,CALL-PAY-P-1-020,2026-09-11T20:06:00,266,한도 변경 과정에서 동의 단계를 완료하지 못했어요.,소액결제 한도 변경 실패 문의,상담원이 동의 단계와 본인인증 안내,동의 단계 이후 변경이 완료되지 않아 문의함,불편,소액결제 한도 변경,PAY-LIMIT-01,소액결제 한도,ENTR-PAYMENT-POST-0020,220020,2026-09-11T22:06:00,synthetic-seeder
2026-09-11,220021,20260911,CALL-PAY-P-1-021,2026-09-11T20:07:00,267,한도 변경 과정에서 동의 단계를 완료하지 못했어요.,소액결제 한도 변경 실패 문의,상담원이 동의 단계와 본인인증 안내,동의 단계 이후 변경이 완료되지 않아 문의함,불편,소액결제 한도 변경,PAY-LIMIT-01,소액결제 한도,ENTR-PAYMENT-POST-0021,220021,2026-09-11T22:07:00,synthetic-seeder
2026-09-11,220022,20260911,CALL-PAY-P-1-022,2026-09-11T20:08:00,268,한도 변경 과정에서 동의 단계를 완료하지 못했어요.,소액결제 한도 변경 실패 문의,상담원이 동의 단계와 본인인증 안내,동의 단계 이후 변경이 완료되지 않아 문의함,불편,소액결제 한도 변경,PAY-LIMIT-01,소액결제 한도,ENTR-PAYMENT-POST-0022,220022,2026-09-11T22:08:00,synthetic-seeder
2026-09-11,220023,20260911,CALL-PAY-P-1-023,2026-09-11T20:09:00,269,한도 변경 과정에서 동의 단계를 완료하지 못했어요.,소액결제 한도 변경 실패 문의,상담원이 동의 단계와 본인인증 안내,동의 단계 이후 변경이 완료되지 않아 문의함,불편,소액결제 한도 변경,PAY-LIMIT-01,소액결제 한도,ENTR-PAYMENT-POST-0023,220023,2026-09-11T22:09:00,synthetic-seeder
2026-09-11,220024,20260911,CALL-PAY-P-1-024,2026-09-11T20:10:00,270,한도 변경 과정에서 동의 단계를 완료하지 못했어요.,소액결제 한도 변경 실패 문의,상담원이 동의 단계와 본인인증 안내,동의 단계 이후 변경이 완료되지 않아 문의함,불편,소액결제 한도 변경,PAY-LIMIT-01,소액결제 한도,ENTR-PAYMENT-POST-0024,220024,2026-09-11T22:10:00,synthetic-seeder
2026-09-11,220025,20260911,CALL-PAY-P-1-025,2026-09-11T20:11:00,271,한도 변경 과정에서 동의 단계를 완료하지 못했어요.,소액결제 한도 변경 실패 문의,상담원이 동의 단계와 본인인증 안내,동의 단계 이후 변경이 완료되지 않아 문의함,불편,소액결제 한도 변경,PAY-LIMIT-01,소액결제 한도,ENTR-PAYMENT-POST-0025,220025,2026-09-11T22:11:00,synthetic-seeder
2026-09-11,220026,20260911,CALL-PAY-P-1-026,2026-09-11T20:12:00,272,한도 변경 과정에서 동의 단계를 완료하지 못했어요.,소액결제 한도 변경 실패 문의,상담원이 동의 단계와 본인인증 안내,동의 단계 이후 변경이 완료되지 않아 문의함,불편,소액결제 한도 변경,PAY-LIMIT-01,소액결제 한도,ENTR-PAYMENT-POST-0026,220026,2026-09-11T22:12:00,synthetic-seeder
2026-09-11,220027,20260911,CALL-PAY-P-1-027,2026-09-11T20:13:00,273,한도 변경 과정에서 동의 단계를 완료하지 못했어요.,소액결제 한도 변경 실패 문의,상담원이 동의 단계와 본인인증 안내,동의 단계 이후 변경이 완료되지 않아 문의함,불편,소액결제 한도 변경,PAY-LIMIT-01,소액결제 한도,ENTR-PAYMENT-POST-0027,220027,2026-09-11T22:13:00,synthetic-seeder
2026-09-11,220028,20260911,CALL-PAY-P-1-028,2026-09-11T20:14:00,274,한도 변경 과정에서 동의 단계를 완료하지 못했어요.,소액결제 한도 변경 실패 문의,상담원이 동의 단계와 본인인증 안내,동의 단계 이후 변경이 완료되지 않아 문의함,불편,소액결제 한도 변경,PAY-LIMIT-01,소액결제 한도,ENTR-PAYMENT-POST-0028,220028,2026-09-11T22:14:00,synthetic-seeder
2026-09-12,220111,20260912,CALL-PAY-P-2-011,2026-09-12T20:01:00,261,한도 변경 과정에서 동의 단계를 완료하지 못했어요.,소액결제 한도 변경 실패 문의,상담원이 동의 단계와 본인인증 안내,동의 단계 이후 변경이 완료되지 않아 문의함,불편,소액결제 한도 변경,PAY-LIMIT-01,소액결제 한도,ENTR-PAYMENT-POST-0111,220111,2026-09-12T22:01:00,synthetic-seeder
2026-09-12,220112,20260912,CALL-PAY-P-2-012,2026-09-12T20:02:00,262,한도 변경 과정에서 동의 단계를 완료하지 못했어요.,소액결제 한도 변경 실패 문의,상담원이 동의 단계와 본인인증 안내,동의 단계 이후 변경이 완료되지 않아 문의함,불편,소액결제 한도 변경,PAY-LIMIT-01,소액결제 한도,ENTR-PAYMENT-POST-0112,220112,2026-09-12T22:02:00,synthetic-seeder
2026-09-12,220113,20260912,CALL-PAY-P-2-013,2026-09-12T20:03:00,263,한도 변경 과정에서 동의 단계를 완료하지 못했어요.,소액결제 한도 변경 실패 문의,상담원이 동의 단계와 본인인증 안내,동의 단계 이후 변경이 완료되지 않아 문의함,불편,소액결제 한도 변경,PAY-LIMIT-01,소액결제 한도,ENTR-PAYMENT-POST-0113,220113,2026-09-12T22:03:00,synthetic-seeder
2026-09-12,220114,20260912,CALL-PAY-P-2-014,2026-09-12T20:04:00,264,한도 변경 과정에서 동의 단계를 완료하지 못했어요.,소액결제 한도 변경 실패 문의,상담원이 동의 단계와 본인인증 안내,동의 단계 이후 변경이 완료되지 않아 문의함,불편,소액결제 한도 변경,PAY-LIMIT-01,소액결제 한도,ENTR-PAYMENT-POST-0114,220114,2026-09-12T22:04:00,synthetic-seeder
2026-09-12,220123,20260912,CALL-PAY-P-2-023,2026-09-12T20:05:00,265,한도 변경 과정에서 동의 단계를 완료하지 못했어요.,소액결제 한도 변경 실패 문의,상담원이 동의 단계와 본인인증 안내,동의 단계 이후 변경이 완료되지 않아 문의함,불편,소액결제 한도 변경,PAY-LIMIT-01,소액결제 한도,ENTR-PAYMENT-POST-0123,220123,2026-09-12T22:05:00,synthetic-seeder
2026-09-12,220124,20260912,CALL-PAY-P-2-024,2026-09-12T20:06:00,266,한도 변경 과정에서 동의 단계를 완료하지 못했어요.,소액결제 한도 변경 실패 문의,상담원이 동의 단계와 본인인증 안내,동의 단계 이후 변경이 완료되지 않아 문의함,불편,소액결제 한도 변경,PAY-LIMIT-01,소액결제 한도,ENTR-PAYMENT-POST-0124,220124,2026-09-12T22:06:00,synthetic-seeder
2026-09-12,220125,20260912,CALL-PAY-P-2-025,2026-09-12T20:07:00,267,한도 변경 과정에서 동의 단계를 완료하지 못했어요.,소액결제 한도 변경 실패 문의,상담원이 동의 단계와 본인인증 안내,동의 단계 이후 변경이 완료되지 않아 문의함,불편,소액결제 한도 변경,PAY-LIMIT-01,소액결제 한도,ENTR-PAYMENT-POST-0125,220125,2026-09-12T22:07:00,synthetic-seeder
2026-09-12,220126,20260912,CALL-PAY-P-2-026,2026-09-12T20:08:00,268,한도 변경 과정에서 동의 단계를 완료하지 못했어요.,소액결제 한도 변경 실패 문의,상담원이 동의 단계와 본인인증 안내,동의 단계 이후 변경이 완료되지 않아 문의함,불편,소액결제 한도 변경,PAY-LIMIT-01,소액결제 한도,ENTR-PAYMENT-POST-0126,220126,2026-09-12T22:08:00,synthetic-seeder
2026-09-12,220127,20260912,CALL-PAY-P-2-027,2026-09-12T20:09:00,269,한도 변경 과정에서 동의 단계를 완료하지 못했어요.,소액결제 한도 변경 실패 문의,상담원이 동의 단계와 본인인증 안내,동의 단계 이후 변경이 완료되지 않아 문의함,불편,소액결제 한도 변경,PAY-LIMIT-01,소액결제 한도,ENTR-PAYMENT-POST-0127,220127,2026-09-12T22:09:00,synthetic-seeder
2026-09-12,220128,20260912,CALL-PAY-P-2-028,2026-09-12T20:10:00,270,한도 변경 과정에서 동의 단계를 완료하지 못했어요.,소액결제 한도 변경 실패 문의,상담원이 동의 단계와 본인인증 안내,동의 단계 이후 변경이 완료되지 않아 문의함,불편,소액결제 한도 변경,PAY-LIMIT-01,소액결제 한도,ENTR-PAYMENT-POST-0128,220128,2026-09-12T22:10:00,synthetic-seeder
2026-09-12,220129,20260912,CALL-PAY-P-2-029,2026-09-12T20:11:00,271,한도 변경 과정에서 동의 단계를 완료하지 못했어요.,소액결제 한도 변경 실패 문의,상담원이 동의 단계와 본인인증 안내,동의 단계 이후 변경이 완료되지 않아 문의함,불편,소액결제 한도 변경,PAY-LIMIT-01,소액결제 한도,ENTR-PAYMENT-POST-0129,220129,2026-09-12T22:11:00,synthetic-seeder
2026-09-12,220130,20260912,CALL-PAY-P-2-030,2026-09-12T20:12:00,272,한도 변경 과정에서 동의 단계를 완료하지 못했어요.,소액결제 한도 변경 실패 문의,상담원이 동의 단계와 본인인증 안내,동의 단계 이후 변경이 완료되지 않아 문의함,불편,소액결제 한도 변경,PAY-LIMIT-01,소액결제 한도,ENTR-PAYMENT-POST-0130,220130,2026-09-12T22:12:00,synthetic-seeder
2026-09-13,220212,20260913,CALL-PAY-P-3-012,2026-09-13T20:01:00,261,한도 변경 과정에서 동의 단계를 완료하지 못했어요.,소액결제 한도 변경 실패 문의,상담원이 동의 단계와 본인인증 안내,동의 단계 이후 변경이 완료되지 않아 문의함,불편,소액결제 한도 변경,PAY-LIMIT-01,소액결제 한도,ENTR-PAYMENT-POST-0212,220212,2026-09-13T22:01:00,synthetic-seeder
2026-09-13,220213,20260913,CALL-PAY-P-3-013,2026-09-13T20:02:00,262,한도 변경 과정에서 동의 단계를 완료하지 못했어요.,소액결제 한도 변경 실패 문의,상담원이 동의 단계와 본인인증 안내,동의 단계 이후 변경이 완료되지 않아 문의함,불편,소액결제 한도 변경,PAY-LIMIT-01,소액결제 한도,ENTR-PAYMENT-POST-0213,220213,2026-09-13T22:02:00,synthetic-seeder
2026-09-13,220214,20260913,CALL-PAY-P-3-014,2026-09-13T20:03:00,263,한도 변경 과정에서 동의 단계를 완료하지 못했어요.,소액결제 한도 변경 실패 문의,상담원이 동의 단계와 본인인증 안내,동의 단계 이후 변경이 완료되지 않아 문의함,불편,소액결제 한도 변경,PAY-LIMIT-01,소액결제 한도,ENTR-PAYMENT-POST-0214,220214,2026-09-13T22:03:00,synthetic-seeder
2026-09-13,220215,20260913,CALL-PAY-P-3-015,2026-09-13T20:04:00,264,한도 변경 과정에서 동의 단계를 완료하지 못했어요.,소액결제 한도 변경 실패 문의,상담원이 동의 단계와 본인인증 안내,동의 단계 이후 변경이 완료되지 않아 문의함,불편,소액결제 한도 변경,PAY-LIMIT-01,소액결제 한도,ENTR-PAYMENT-POST-0215,220215,2026-09-13T22:04:00,synthetic-seeder
2026-09-13,220216,20260913,CALL-PAY-P-3-016,2026-09-13T20:05:00,265,한도 변경 과정에서 동의 단계를 완료하지 못했어요.,소액결제 한도 변경 실패 문의,상담원이 동의 단계와 본인인증 안내,동의 단계 이후 변경이 완료되지 않아 문의함,불편,소액결제 한도 변경,PAY-LIMIT-01,소액결제 한도,ENTR-PAYMENT-POST-0216,220216,2026-09-13T22:05:00,synthetic-seeder
2026-09-13,220217,20260913,CALL-PAY-P-3-017,2026-09-13T20:06:00,266,한도 변경 과정에서 동의 단계를 완료하지 못했어요.,소액결제 한도 변경 실패 문의,상담원이 동의 단계와 본인인증 안내,동의 단계 이후 변경이 완료되지 않아 문의함,불편,소액결제 한도 변경,PAY-LIMIT-01,소액결제 한도,ENTR-PAYMENT-POST-0217,220217,2026-09-13T22:06:00,synthetic-seeder
2026-09-13,220218,20260913,CALL-PAY-P-3-018,2026-09-13T20:07:00,267,한도 변경 과정에서 동의 단계를 완료하지 못했어요.,소액결제 한도 변경 실패 문의,상담원이 동의 단계와 본인인증 안내,동의 단계 이후 변경이 완료되지 않아 문의함,불편,소액결제 한도 변경,PAY-LIMIT-01,소액결제 한도,ENTR-PAYMENT-POST-0218,220218,2026-09-13T22:07:00,synthetic-seeder
2026-09-13,220219,20260913,CALL-PAY-P-3-019,2026-09-13T20:08:00,268,한도 변경 과정에서 동의 단계를 완료하지 못했어요.,소액결제 한도 변경 실패 문의,상담원이 동의 단계와 본인인증 안내,동의 단계 이후 변경이 완료되지 않아 문의함,불편,소액결제 한도 변경,PAY-LIMIT-01,소액결제 한도,ENTR-PAYMENT-POST-0219,220219,2026-09-13T22:08:00,synthetic-seeder
2026-09-13,220220,20260913,CALL-PAY-P-3-020,2026-09-13T20:09:00,269,한도 변경 과정에서 동의 단계를 완료하지 못했어요.,소액결제 한도 변경 실패 문의,상담원이 동의 단계와 본인인증 안내,동의 단계 이후 변경이 완료되지 않아 문의함,불편,소액결제 한도 변경,PAY-LIMIT-01,소액결제 한도,ENTR-PAYMENT-POST-0220,220220,2026-09-13T22:09:00,synthetic-seeder
2026-09-13,220227,20260913,CALL-PAY-P-3-027,2026-09-13T20:10:00,270,한도 변경 과정에서 동의 단계를 완료하지 못했어요.,소액결제 한도 변경 실패 문의,상담원이 동의 단계와 본인인증 안내,동의 단계 이후 변경이 완료되지 않아 문의함,불편,소액결제 한도 변경,PAY-LIMIT-01,소액결제 한도,ENTR-PAYMENT-POST-0227,220227,2026-09-13T22:10:00,synthetic-seeder
2026-09-14,220321,20260914,CALL-PAY-P-4-021,2026-09-14T20:01:00,261,한도 변경 과정에서 동의 단계를 완료하지 못했어요.,소액결제 한도 변경 실패 문의,상담원이 동의 단계와 본인인증 안내,동의 단계 이후 변경이 완료되지 않아 문의함,불편,소액결제 한도 변경,PAY-LIMIT-01,소액결제 한도,ENTR-PAYMENT-POST-0321,220321,2026-09-14T22:01:00,synthetic-seeder
2026-09-14,220322,20260914,CALL-PAY-P-4-022,2026-09-14T20:02:00,262,한도 변경 과정에서 동의 단계를 완료하지 못했어요.,소액결제 한도 변경 실패 문의,상담원이 동의 단계와 본인인증 안내,동의 단계 이후 변경이 완료되지 않아 문의함,불편,소액결제 한도 변경,PAY-LIMIT-01,소액결제 한도,ENTR-PAYMENT-POST-0322,220322,2026-09-14T22:02:00,synthetic-seeder
2026-09-14,220323,20260914,CALL-PAY-P-4-023,2026-09-14T20:03:00,263,한도 변경 과정에서 동의 단계를 완료하지 못했어요.,소액결제 한도 변경 실패 문의,상담원이 동의 단계와 본인인증 안내,동의 단계 이후 변경이 완료되지 않아 문의함,불편,소액결제 한도 변경,PAY-LIMIT-01,소액결제 한도,ENTR-PAYMENT-POST-0323,220323,2026-09-14T22:03:00,synthetic-seeder
2026-09-14,220324,20260914,CALL-PAY-P-4-024,2026-09-14T20:04:00,264,한도 변경 과정에서 동의 단계를 완료하지 못했어요.,소액결제 한도 변경 실패 문의,상담원이 동의 단계와 본인인증 안내,동의 단계 이후 변경이 완료되지 않아 문의함,불편,소액결제 한도 변경,PAY-LIMIT-01,소액결제 한도,ENTR-PAYMENT-POST-0324,220324,2026-09-14T22:04:00,synthetic-seeder
2026-09-14,220325,20260914,CALL-PAY-P-4-025,2026-09-14T20:05:00,265,한도 변경 과정에서 동의 단계를 완료하지 못했어요.,소액결제 한도 변경 실패 문의,상담원이 동의 단계와 본인인증 안내,동의 단계 이후 변경이 완료되지 않아 문의함,불편,소액결제 한도 변경,PAY-LIMIT-01,소액결제 한도,ENTR-PAYMENT-POST-0325,220325,2026-09-14T22:05:00,synthetic-seeder
2026-09-14,220326,20260914,CALL-PAY-P-4-026,2026-09-14T20:06:00,266,한도 변경 과정에서 동의 단계를 완료하지 못했어요.,소액결제 한도 변경 실패 문의,상담원이 동의 단계와 본인인증 안내,동의 단계 이후 변경이 완료되지 않아 문의함,불편,소액결제 한도 변경,PAY-LIMIT-01,소액결제 한도,ENTR-PAYMENT-POST-0326,220326,2026-09-14T22:06:00,synthetic-seeder
2026-09-14,220331,20260914,CALL-PAY-P-4-031,2026-09-14T20:07:00,267,한도 변경 과정에서 동의 단계를 완료하지 못했어요.,소액결제 한도 변경 실패 문의,상담원이 동의 단계와 본인인증 안내,동의 단계 이후 변경이 완료되지 않아 문의함,불편,소액결제 한도 변경,PAY-LIMIT-01,소액결제 한도,ENTR-PAYMENT-POST-0331,220331,2026-09-14T22:07:00,synthetic-seeder
2026-09-14,220332,20260914,CALL-PAY-P-4-032,2026-09-14T20:08:00,268,한도 변경 과정에서 동의 단계를 완료하지 못했어요.,소액결제 한도 변경 실패 문의,상담원이 동의 단계와 본인인증 안내,동의 단계 이후 변경이 완료되지 않아 문의함,불편,소액결제 한도 변경,PAY-LIMIT-01,소액결제 한도,ENTR-PAYMENT-POST-0332,220332,2026-09-14T22:08:00,synthetic-seeder
2026-09-15,220426,20260915,CALL-PAY-P-5-026,2026-09-15T20:01:00,261,한도 변경 과정에서 동의 단계를 완료하지 못했어요.,소액결제 한도 변경 실패 문의,상담원이 동의 단계와 본인인증 안내,동의 단계 이후 변경이 완료되지 않아 문의함,불편,소액결제 한도 변경,PAY-LIMIT-01,소액결제 한도,ENTR-PAYMENT-POST-0426,220426,2026-09-15T22:01:00,synthetic-seeder
2026-09-15,220427,20260915,CALL-PAY-P-5-027,2026-09-15T20:02:00,262,한도 변경 과정에서 동의 단계를 완료하지 못했어요.,소액결제 한도 변경 실패 문의,상담원이 동의 단계와 본인인증 안내,동의 단계 이후 변경이 완료되지 않아 문의함,불편,소액결제 한도 변경,PAY-LIMIT-01,소액결제 한도,ENTR-PAYMENT-POST-0427,220427,2026-09-15T22:02:00,synthetic-seeder
2026-09-15,220428,20260915,CALL-PAY-P-5-028,2026-09-15T20:03:00,263,한도 변경 과정에서 동의 단계를 완료하지 못했어요.,소액결제 한도 변경 실패 문의,상담원이 동의 단계와 본인인증 안내,동의 단계 이후 변경이 완료되지 않아 문의함,불편,소액결제 한도 변경,PAY-LIMIT-01,소액결제 한도,ENTR-PAYMENT-POST-0428,220428,2026-09-15T22:03:00,synthetic-seeder
2026-09-15,220429,20260915,CALL-PAY-P-5-029,2026-09-15T20:04:00,264,한도 변경 과정에서 동의 단계를 완료하지 못했어요.,소액결제 한도 변경 실패 문의,상담원이 동의 단계와 본인인증 안내,동의 단계 이후 변경이 완료되지 않아 문의함,불편,소액결제 한도 변경,PAY-LIMIT-01,소액결제 한도,ENTR-PAYMENT-POST-0429,220429,2026-09-15T22:04:00,synthetic-seeder
2026-09-15,220430,20260915,CALL-PAY-P-5-030,2026-09-15T20:05:00,265,한도 변경 과정에서 동의 단계를 완료하지 못했어요.,소액결제 한도 변경 실패 문의,상담원이 동의 단계와 본인인증 안내,동의 단계 이후 변경이 완료되지 않아 문의함,불편,소액결제 한도 변경,PAY-LIMIT-01,소액결제 한도,ENTR-PAYMENT-POST-0430,220430,2026-09-15T22:05:00,synthetic-seeder
2026-09-15,220431,20260915,CALL-PAY-P-5-031,2026-09-15T20:06:00,266,한도 변경 과정에서 동의 단계를 완료하지 못했어요.,소액결제 한도 변경 실패 문의,상담원이 동의 단계와 본인인증 안내,동의 단계 이후 변경이 완료되지 않아 문의함,불편,소액결제 한도 변경,PAY-LIMIT-01,소액결제 한도,ENTR-PAYMENT-POST-0431,220431,2026-09-15T22:06:00,synthetic-seeder
2026-09-16,220529,20260916,CALL-PAY-P-6-029,2026-09-16T20:01:00,261,한도 변경 과정에서 동의 단계를 완료하지 못했어요.,소액결제 한도 변경 실패 문의,상담원이 동의 단계와 본인인증 안내,동의 단계 이후 변경이 완료되지 않아 문의함,불편,소액결제 한도 변경,PAY-LIMIT-01,소액결제 한도,ENTR-PAYMENT-POST-0529,220529,2026-09-16T22:01:00,synthetic-seeder
2026-09-16,220530,20260916,CALL-PAY-P-6-030,2026-09-16T20:02:00,262,한도 변경 과정에서 동의 단계를 완료하지 못했어요.,소액결제 한도 변경 실패 문의,상담원이 동의 단계와 본인인증 안내,동의 단계 이후 변경이 완료되지 않아 문의함,불편,소액결제 한도 변경,PAY-LIMIT-01,소액결제 한도,ENTR-PAYMENT-POST-0530,220530,2026-09-16T22:02:00,synthetic-seeder
2026-09-16,220531,20260916,CALL-PAY-P-6-031,2026-09-16T20:03:00,263,한도 변경 과정에서 동의 단계를 완료하지 못했어요.,소액결제 한도 변경 실패 문의,상담원이 동의 단계와 본인인증 안내,동의 단계 이후 변경이 완료되지 않아 문의함,불편,소액결제 한도 변경,PAY-LIMIT-01,소액결제 한도,ENTR-PAYMENT-POST-0531,220531,2026-09-16T22:03:00,synthetic-seeder
2026-09-16,220532,20260916,CALL-PAY-P-6-032,2026-09-16T20:04:00,264,한도 변경 과정에서 동의 단계를 완료하지 못했어요.,소액결제 한도 변경 실패 문의,상담원이 동의 단계와 본인인증 안내,동의 단계 이후 변경이 완료되지 않아 문의함,불편,소액결제 한도 변경,PAY-LIMIT-01,소액결제 한도,ENTR-PAYMENT-POST-0532,220532,2026-09-16T22:04:00,synthetic-seeder
2026-09-16,220533,20260916,CALL-PAY-P-6-033,2026-09-16T20:05:00,265,한도 변경 과정에서 동의 단계를 완료하지 못했어요.,소액결제 한도 변경 실패 문의,상담원이 동의 단계와 본인인증 안내,동의 단계 이후 변경이 완료되지 않아 문의함,불편,소액결제 한도 변경,PAY-LIMIT-01,소액결제 한도,ENTR-PAYMENT-POST-0533,220533,2026-09-16T22:05:00,synthetic-seeder
2026-09-17,220631,20260917,CALL-PAY-P-7-031,2026-09-17T20:01:00,261,한도 변경 과정에서 동의 단계를 완료하지 못했어요.,소액결제 한도 변경 실패 문의,상담원이 동의 단계와 본인인증 안내,동의 단계 이후 변경이 완료되지 않아 문의함,불편,소액결제 한도 변경,PAY-LIMIT-01,소액결제 한도,ENTR-PAYMENT-POST-0631,220631,2026-09-17T22:01:00,synthetic-seeder
2026-09-17,220632,20260917,CALL-PAY-P-7-032,2026-09-17T20:02:00,262,한도 변경 과정에서 동의 단계를 완료하지 못했어요.,소액결제 한도 변경 실패 문의,상담원이 동의 단계와 본인인증 안내,동의 단계 이후 변경이 완료되지 않아 문의함,불편,소액결제 한도 변경,PAY-LIMIT-01,소액결제 한도,ENTR-PAYMENT-POST-0632,220632,2026-09-17T22:02:00,synthetic-seeder
2026-09-17,220633,20260917,CALL-PAY-P-7-033,2026-09-17T20:03:00,263,한도 변경 과정에서 동의 단계를 완료하지 못했어요.,소액결제 한도 변경 실패 문의,상담원이 동의 단계와 본인인증 안내,동의 단계 이후 변경이 완료되지 않아 문의함,불편,소액결제 한도 변경,PAY-LIMIT-01,소액결제 한도,ENTR-PAYMENT-POST-0633,220633,2026-09-17T22:03:00,synthetic-seeder
2026-09-17,220634,20260917,CALL-PAY-P-7-034,2026-09-17T20:04:00,264,한도 변경 과정에서 동의 단계를 완료하지 못했어요.,소액결제 한도 변경 실패 문의,상담원이 동의 단계와 본인인증 안내,동의 단계 이후 변경이 완료되지 않아 문의함,불편,소액결제 한도 변경,PAY-LIMIT-01,소액결제 한도,ENTR-PAYMENT-POST-0634,220634,2026-09-17T22:04:00,synthetic-seeder
2026-09-04,310009,20260904,CALL-310009,2026-09-04T14:09:00,300,여행에 맞는 로밍 요금제를 안내받고 가입하고 싶어요.,로밍 요금제 안내 및 가입 요청,상담원 로밍 가입 처리 완료,로밍 요금제 안내 후 가입 처리 완료,상담완료,로밍 요금제 가입,ROAM-PLAN-01,해외 로밍 이용,ENTR-ROAMING-BASELINE-0009,310009,2026-09-04T16:09:00,synthetic-seeder
2026-09-04,310004,20260904,CALL-310004,2026-09-04T14:04:00,300,여행에 맞는 로밍 요금제를 안내받고 가입하고 싶어요.,로밍 요금제 안내 및 가입 요청,상담원 로밍 가입 처리 완료,로밍 요금제 안내 후 가입 처리 완료,상담완료,로밍 요금제 가입,ROAM-PLAN-01,해외 로밍 이용,ENTR-ROAMING-BASELINE-0004,310004,2026-09-04T16:04:00,synthetic-seeder
2026-09-04,310005,20260904,CALL-310005,2026-09-04T14:05:00,300,여행에 맞는 로밍 요금제를 안내받고 가입하고 싶어요.,로밍 요금제 안내 및 가입 요청,상담원 로밍 가입 처리 완료,로밍 요금제 안내 후 가입 처리 완료,상담완료,로밍 요금제 가입,ROAM-PLAN-01,해외 로밍 이용,ENTR-ROAMING-BASELINE-0005,310005,2026-09-04T16:05:00,synthetic-seeder
2026-09-04,310016,20260904,CALL-310016,2026-09-04T14:16:00,300,여행에 맞는 로밍 요금제를 안내받고 가입하고 싶어요.,로밍 요금제 안내 및 가입 요청,상담원 로밍 가입 처리 완료,로밍 요금제 안내 후 가입 처리 완료,상담완료,로밍 요금제 가입,ROAM-PLAN-01,해외 로밍 이용,ENTR-ROAMING-BASELINE-0016,310016,2026-09-04T16:16:00,synthetic-seeder
2026-09-04,310012,20260904,CALL-310012,2026-09-04T14:12:00,300,여행에 맞는 로밍 요금제를 안내받고 가입하고 싶어요.,로밍 요금제 안내 및 가입 요청,상담원 로밍 가입 처리 완료,로밍 요금제 안내 후 가입 처리 완료,상담완료,로밍 요금제 가입,ROAM-PLAN-01,해외 로밍 이용,ENTR-ROAMING-BASELINE-0012,310012,2026-09-04T16:12:00,synthetic-seeder
2026-09-04,310019,20260904,CALL-310019,2026-09-04T14:19:00,300,여행에 맞는 로밍 요금제를 안내받고 가입하고 싶어요.,로밍 요금제 안내 및 가입 요청,상담원 로밍 가입 처리 완료,로밍 요금제 안내 후 가입 처리 완료,상담완료,로밍 요금제 가입,ROAM-PLAN-01,해외 로밍 이용,ENTR-ROAMING-BASELINE-0019,310019,2026-09-04T16:19:00,synthetic-seeder
2026-09-04,310003,20260904,CALL-310003,2026-09-04T14:03:00,300,여행에 맞는 로밍 요금제를 안내받고 가입하고 싶어요.,로밍 요금제 안내 및 가입 요청,상담원 로밍 가입 처리 완료,로밍 요금제 안내 후 가입 처리 완료,상담완료,로밍 요금제 가입,ROAM-PLAN-01,해외 로밍 이용,ENTR-ROAMING-BASELINE-0003,310003,2026-09-04T16:03:00,synthetic-seeder
2026-09-04,310001,20260904,CALL-310001,2026-09-04T14:01:00,300,여행에 맞는 로밍 요금제를 안내받고 가입하고 싶어요.,로밍 요금제 안내 및 가입 요청,상담원 로밍 가입 처리 완료,로밍 요금제 안내 후 가입 처리 완료,상담완료,로밍 요금제 가입,ROAM-PLAN-01,해외 로밍 이용,ENTR-ROAMING-BASELINE-0001,310001,2026-09-04T16:01:00,synthetic-seeder
2026-09-04,310006,20260904,CALL-310006,2026-09-04T14:06:00,300,여행에 맞는 로밍 요금제를 안내받고 가입하고 싶어요.,로밍 요금제 안내 및 가입 요청,상담원 로밍 가입 처리 완료,로밍 요금제 안내 후 가입 처리 완료,상담완료,로밍 요금제 가입,ROAM-PLAN-01,해외 로밍 이용,ENTR-ROAMING-BASELINE-0006,310006,2026-09-04T16:06:00,synthetic-seeder
2026-09-04,310018,20260904,CALL-310018,2026-09-04T14:18:00,300,여행에 맞는 로밍 요금제를 안내받고 가입하고 싶어요.,로밍 요금제 안내 및 가입 요청,상담원 로밍 가입 처리 완료,로밍 요금제 안내 후 가입 처리 완료,상담완료,로밍 요금제 가입,ROAM-PLAN-01,해외 로밍 이용,ENTR-ROAMING-BASELINE-0018,310018,2026-09-04T16:18:00,synthetic-seeder
2026-09-05,310118,20260905,CALL-310118,2026-09-05T14:18:00,300,여행에 맞는 로밍 요금제를 안내받고 가입하고 싶어요.,로밍 요금제 안내 및 가입 요청,상담원 로밍 가입 처리 완료,로밍 요금제 안내 후 가입 처리 완료,상담완료,로밍 요금제 가입,ROAM-PLAN-01,해외 로밍 이용,ENTR-ROAMING-BASELINE-0118,310118,2026-09-05T16:18:00,synthetic-seeder
2026-09-05,310108,20260905,CALL-310108,2026-09-05T14:08:00,300,여행에 맞는 로밍 요금제를 안내받고 가입하고 싶어요.,로밍 요금제 안내 및 가입 요청,상담원 로밍 가입 처리 완료,로밍 요금제 안내 후 가입 처리 완료,상담완료,로밍 요금제 가입,ROAM-PLAN-01,해외 로밍 이용,ENTR-ROAMING-BASELINE-0108,310108,2026-09-05T16:08:00,synthetic-seeder
2026-09-05,310104,20260905,CALL-310104,2026-09-05T14:04:00,300,여행에 맞는 로밍 요금제를 안내받고 가입하고 싶어요.,로밍 요금제 안내 및 가입 요청,상담원 로밍 가입 처리 완료,로밍 요금제 안내 후 가입 처리 완료,상담완료,로밍 요금제 가입,ROAM-PLAN-01,해외 로밍 이용,ENTR-ROAMING-BASELINE-0104,310104,2026-09-05T16:04:00,synthetic-seeder
2026-09-05,310113,20260905,CALL-310113,2026-09-05T14:13:00,300,여행에 맞는 로밍 요금제를 안내받고 가입하고 싶어요.,로밍 요금제 안내 및 가입 요청,상담원 로밍 가입 처리 완료,로밍 요금제 안내 후 가입 처리 완료,상담완료,로밍 요금제 가입,ROAM-PLAN-01,해외 로밍 이용,ENTR-ROAMING-BASELINE-0113,310113,2026-09-05T16:13:00,synthetic-seeder
2026-09-05,310111,20260905,CALL-310111,2026-09-05T14:11:00,300,여행에 맞는 로밍 요금제를 안내받고 가입하고 싶어요.,로밍 요금제 안내 및 가입 요청,상담원 로밍 가입 처리 완료,로밍 요금제 안내 후 가입 처리 완료,상담완료,로밍 요금제 가입,ROAM-PLAN-01,해외 로밍 이용,ENTR-ROAMING-BASELINE-0111,310111,2026-09-05T16:11:00,synthetic-seeder
2026-09-05,310110,20260905,CALL-310110,2026-09-05T14:10:00,300,여행에 맞는 로밍 요금제를 안내받고 가입하고 싶어요.,로밍 요금제 안내 및 가입 요청,상담원 로밍 가입 처리 완료,로밍 요금제 안내 후 가입 처리 완료,상담완료,로밍 요금제 가입,ROAM-PLAN-01,해외 로밍 이용,ENTR-ROAMING-BASELINE-0110,310110,2026-09-05T16:10:00,synthetic-seeder
2026-09-05,310119,20260905,CALL-310119,2026-09-05T14:19:00,300,여행에 맞는 로밍 요금제를 안내받고 가입하고 싶어요.,로밍 요금제 안내 및 가입 요청,상담원 로밍 가입 처리 완료,로밍 요금제 안내 후 가입 처리 완료,상담완료,로밍 요금제 가입,ROAM-PLAN-01,해외 로밍 이용,ENTR-ROAMING-BASELINE-0119,310119,2026-09-05T16:19:00,synthetic-seeder
2026-09-05,310106,20260905,CALL-310106,2026-09-05T14:06:00,300,여행에 맞는 로밍 요금제를 안내받고 가입하고 싶어요.,로밍 요금제 안내 및 가입 요청,상담원 로밍 가입 처리 완료,로밍 요금제 안내 후 가입 처리 완료,상담완료,로밍 요금제 가입,ROAM-PLAN-01,해외 로밍 이용,ENTR-ROAMING-BASELINE-0106,310106,2026-09-05T16:06:00,synthetic-seeder
2026-09-05,310117,20260905,CALL-310117,2026-09-05T14:17:00,300,여행에 맞는 로밍 요금제를 안내받고 가입하고 싶어요.,로밍 요금제 안내 및 가입 요청,상담원 로밍 가입 처리 완료,로밍 요금제 안내 후 가입 처리 완료,상담완료,로밍 요금제 가입,ROAM-PLAN-01,해외 로밍 이용,ENTR-ROAMING-BASELINE-0117,310117,2026-09-05T16:17:00,synthetic-seeder
2026-09-05,310120,20260905,CALL-310120,2026-09-05T14:20:00,300,여행에 맞는 로밍 요금제를 안내받고 가입하고 싶어요.,로밍 요금제 안내 및 가입 요청,상담원 로밍 가입 처리 완료,로밍 요금제 안내 후 가입 처리 완료,상담완료,로밍 요금제 가입,ROAM-PLAN-01,해외 로밍 이용,ENTR-ROAMING-BASELINE-0120,310120,2026-09-05T16:20:00,synthetic-seeder
2026-09-06,310203,20260906,CALL-310203,2026-09-06T14:03:00,300,여행에 맞는 로밍 요금제를 안내받고 가입하고 싶어요.,로밍 요금제 안내 및 가입 요청,상담원 로밍 가입 처리 완료,로밍 요금제 안내 후 가입 처리 완료,상담완료,로밍 요금제 가입,ROAM-PLAN-01,해외 로밍 이용,ENTR-ROAMING-BASELINE-0203,310203,2026-09-06T16:03:00,synthetic-seeder
2026-09-06,310202,20260906,CALL-310202,2026-09-06T14:02:00,300,여행에 맞는 로밍 요금제를 안내받고 가입하고 싶어요.,로밍 요금제 안내 및 가입 요청,상담원 로밍 가입 처리 완료,로밍 요금제 안내 후 가입 처리 완료,상담완료,로밍 요금제 가입,ROAM-PLAN-01,해외 로밍 이용,ENTR-ROAMING-BASELINE-0202,310202,2026-09-06T16:02:00,synthetic-seeder
2026-09-06,310220,20260906,CALL-310220,2026-09-06T14:20:00,300,여행에 맞는 로밍 요금제를 안내받고 가입하고 싶어요.,로밍 요금제 안내 및 가입 요청,상담원 로밍 가입 처리 완료,로밍 요금제 안내 후 가입 처리 완료,상담완료,로밍 요금제 가입,ROAM-PLAN-01,해외 로밍 이용,ENTR-ROAMING-BASELINE-0220,310220,2026-09-06T16:20:00,synthetic-seeder
2026-09-06,310211,20260906,CALL-310211,2026-09-06T14:11:00,300,여행에 맞는 로밍 요금제를 안내받고 가입하고 싶어요.,로밍 요금제 안내 및 가입 요청,상담원 로밍 가입 처리 완료,로밍 요금제 안내 후 가입 처리 완료,상담완료,로밍 요금제 가입,ROAM-PLAN-01,해외 로밍 이용,ENTR-ROAMING-BASELINE-0211,310211,2026-09-06T16:11:00,synthetic-seeder
2026-09-06,310214,20260906,CALL-310214,2026-09-06T14:14:00,300,여행에 맞는 로밍 요금제를 안내받고 가입하고 싶어요.,로밍 요금제 안내 및 가입 요청,상담원 로밍 가입 처리 완료,로밍 요금제 안내 후 가입 처리 완료,상담완료,로밍 요금제 가입,ROAM-PLAN-01,해외 로밍 이용,ENTR-ROAMING-BASELINE-0214,310214,2026-09-06T16:14:00,synthetic-seeder
2026-09-06,310210,20260906,CALL-310210,2026-09-06T14:10:00,300,여행에 맞는 로밍 요금제를 안내받고 가입하고 싶어요.,로밍 요금제 안내 및 가입 요청,상담원 로밍 가입 처리 완료,로밍 요금제 안내 후 가입 처리 완료,상담완료,로밍 요금제 가입,ROAM-PLAN-01,해외 로밍 이용,ENTR-ROAMING-BASELINE-0210,310210,2026-09-06T16:10:00,synthetic-seeder
2026-09-06,310209,20260906,CALL-310209,2026-09-06T14:09:00,300,여행에 맞는 로밍 요금제를 안내받고 가입하고 싶어요.,로밍 요금제 안내 및 가입 요청,상담원 로밍 가입 처리 완료,로밍 요금제 안내 후 가입 처리 완료,상담완료,로밍 요금제 가입,ROAM-PLAN-01,해외 로밍 이용,ENTR-ROAMING-BASELINE-0209,310209,2026-09-06T16:09:00,synthetic-seeder
2026-09-06,310213,20260906,CALL-310213,2026-09-06T14:13:00,300,여행에 맞는 로밍 요금제를 안내받고 가입하고 싶어요.,로밍 요금제 안내 및 가입 요청,상담원 로밍 가입 처리 완료,로밍 요금제 안내 후 가입 처리 완료,상담완료,로밍 요금제 가입,ROAM-PLAN-01,해외 로밍 이용,ENTR-ROAMING-BASELINE-0213,310213,2026-09-06T16:13:00,synthetic-seeder
2026-09-06,310201,20260906,CALL-310201,2026-09-06T14:01:00,300,여행에 맞는 로밍 요금제를 안내받고 가입하고 싶어요.,로밍 요금제 안내 및 가입 요청,상담원 로밍 가입 처리 완료,로밍 요금제 안내 후 가입 처리 완료,상담완료,로밍 요금제 가입,ROAM-PLAN-01,해외 로밍 이용,ENTR-ROAMING-BASELINE-0201,310201,2026-09-06T16:01:00,synthetic-seeder
2026-09-06,310215,20260906,CALL-310215,2026-09-06T14:15:00,300,여행에 맞는 로밍 요금제를 안내받고 가입하고 싶어요.,로밍 요금제 안내 및 가입 요청,상담원 로밍 가입 처리 완료,로밍 요금제 안내 후 가입 처리 완료,상담완료,로밍 요금제 가입,ROAM-PLAN-01,해외 로밍 이용,ENTR-ROAMING-BASELINE-0215,310215,2026-09-06T16:15:00,synthetic-seeder
2026-09-07,310310,20260907,CALL-310310,2026-09-07T14:10:00,300,여행에 맞는 로밍 요금제를 안내받고 가입하고 싶어요.,로밍 요금제 안내 및 가입 요청,상담원 로밍 가입 처리 완료,로밍 요금제 안내 후 가입 처리 완료,상담완료,로밍 요금제 가입,ROAM-PLAN-01,해외 로밍 이용,ENTR-ROAMING-BASELINE-0310,310310,2026-09-07T16:10:00,synthetic-seeder
2026-09-07,310301,20260907,CALL-310301,2026-09-07T14:01:00,300,여행에 맞는 로밍 요금제를 안내받고 가입하고 싶어요.,로밍 요금제 안내 및 가입 요청,상담원 로밍 가입 처리 완료,로밍 요금제 안내 후 가입 처리 완료,상담완료,로밍 요금제 가입,ROAM-PLAN-01,해외 로밍 이용,ENTR-ROAMING-BASELINE-0301,310301,2026-09-07T16:01:00,synthetic-seeder
2026-09-07,310315,20260907,CALL-310315,2026-09-07T14:15:00,300,여행에 맞는 로밍 요금제를 안내받고 가입하고 싶어요.,로밍 요금제 안내 및 가입 요청,상담원 로밍 가입 처리 완료,로밍 요금제 안내 후 가입 처리 완료,상담완료,로밍 요금제 가입,ROAM-PLAN-01,해외 로밍 이용,ENTR-ROAMING-BASELINE-0315,310315,2026-09-07T16:15:00,synthetic-seeder
2026-09-07,310316,20260907,CALL-310316,2026-09-07T14:16:00,300,여행에 맞는 로밍 요금제를 안내받고 가입하고 싶어요.,로밍 요금제 안내 및 가입 요청,상담원 로밍 가입 처리 완료,로밍 요금제 안내 후 가입 처리 완료,상담완료,로밍 요금제 가입,ROAM-PLAN-01,해외 로밍 이용,ENTR-ROAMING-BASELINE-0316,310316,2026-09-07T16:16:00,synthetic-seeder
2026-09-07,310302,20260907,CALL-310302,2026-09-07T14:02:00,300,여행에 맞는 로밍 요금제를 안내받고 가입하고 싶어요.,로밍 요금제 안내 및 가입 요청,상담원 로밍 가입 처리 완료,로밍 요금제 안내 후 가입 처리 완료,상담완료,로밍 요금제 가입,ROAM-PLAN-01,해외 로밍 이용,ENTR-ROAMING-BASELINE-0302,310302,2026-09-07T16:02:00,synthetic-seeder
2026-09-07,310306,20260907,CALL-310306,2026-09-07T14:06:00,300,여행에 맞는 로밍 요금제를 안내받고 가입하고 싶어요.,로밍 요금제 안내 및 가입 요청,상담원 로밍 가입 처리 완료,로밍 요금제 안내 후 가입 처리 완료,상담완료,로밍 요금제 가입,ROAM-PLAN-01,해외 로밍 이용,ENTR-ROAMING-BASELINE-0306,310306,2026-09-07T16:06:00,synthetic-seeder
2026-09-07,310305,20260907,CALL-310305,2026-09-07T14:05:00,300,여행에 맞는 로밍 요금제를 안내받고 가입하고 싶어요.,로밍 요금제 안내 및 가입 요청,상담원 로밍 가입 처리 완료,로밍 요금제 안내 후 가입 처리 완료,상담완료,로밍 요금제 가입,ROAM-PLAN-01,해외 로밍 이용,ENTR-ROAMING-BASELINE-0305,310305,2026-09-07T16:05:00,synthetic-seeder
2026-09-07,310312,20260907,CALL-310312,2026-09-07T14:12:00,300,여행에 맞는 로밍 요금제를 안내받고 가입하고 싶어요.,로밍 요금제 안내 및 가입 요청,상담원 로밍 가입 처리 완료,로밍 요금제 안내 후 가입 처리 완료,상담완료,로밍 요금제 가입,ROAM-PLAN-01,해외 로밍 이용,ENTR-ROAMING-BASELINE-0312,310312,2026-09-07T16:12:00,synthetic-seeder
2026-09-07,310309,20260907,CALL-310309,2026-09-07T14:09:00,300,여행에 맞는 로밍 요금제를 안내받고 가입하고 싶어요.,로밍 요금제 안내 및 가입 요청,상담원 로밍 가입 처리 완료,로밍 요금제 안내 후 가입 처리 완료,상담완료,로밍 요금제 가입,ROAM-PLAN-01,해외 로밍 이용,ENTR-ROAMING-BASELINE-0309,310309,2026-09-07T16:09:00,synthetic-seeder
2026-09-07,310307,20260907,CALL-310307,2026-09-07T14:07:00,300,여행에 맞는 로밍 요금제를 안내받고 가입하고 싶어요.,로밍 요금제 안내 및 가입 요청,상담원 로밍 가입 처리 완료,로밍 요금제 안내 후 가입 처리 완료,상담완료,로밍 요금제 가입,ROAM-PLAN-01,해외 로밍 이용,ENTR-ROAMING-BASELINE-0307,310307,2026-09-07T16:07:00,synthetic-seeder
2026-09-08,310411,20260908,CALL-310411,2026-09-08T14:11:00,300,여행에 맞는 로밍 요금제를 안내받고 가입하고 싶어요.,로밍 요금제 안내 및 가입 요청,상담원 로밍 가입 처리 완료,로밍 요금제 안내 후 가입 처리 완료,상담완료,로밍 요금제 가입,ROAM-PLAN-01,해외 로밍 이용,ENTR-ROAMING-BASELINE-0411,310411,2026-09-08T16:11:00,synthetic-seeder
2026-09-08,310404,20260908,CALL-310404,2026-09-08T14:04:00,300,여행에 맞는 로밍 요금제를 안내받고 가입하고 싶어요.,로밍 요금제 안내 및 가입 요청,상담원 로밍 가입 처리 완료,로밍 요금제 안내 후 가입 처리 완료,상담완료,로밍 요금제 가입,ROAM-PLAN-01,해외 로밍 이용,ENTR-ROAMING-BASELINE-0404,310404,2026-09-08T16:04:00,synthetic-seeder
2026-09-08,310418,20260908,CALL-310418,2026-09-08T14:18:00,300,여행에 맞는 로밍 요금제를 안내받고 가입하고 싶어요.,로밍 요금제 안내 및 가입 요청,상담원 로밍 가입 처리 완료,로밍 요금제 안내 후 가입 처리 완료,상담완료,로밍 요금제 가입,ROAM-PLAN-01,해외 로밍 이용,ENTR-ROAMING-BASELINE-0418,310418,2026-09-08T16:18:00,synthetic-seeder
2026-09-08,310403,20260908,CALL-310403,2026-09-08T14:03:00,300,여행에 맞는 로밍 요금제를 안내받고 가입하고 싶어요.,로밍 요금제 안내 및 가입 요청,상담원 로밍 가입 처리 완료,로밍 요금제 안내 후 가입 처리 완료,상담완료,로밍 요금제 가입,ROAM-PLAN-01,해외 로밍 이용,ENTR-ROAMING-BASELINE-0403,310403,2026-09-08T16:03:00,synthetic-seeder
2026-09-08,310408,20260908,CALL-310408,2026-09-08T14:08:00,300,여행에 맞는 로밍 요금제를 안내받고 가입하고 싶어요.,로밍 요금제 안내 및 가입 요청,상담원 로밍 가입 처리 완료,로밍 요금제 안내 후 가입 처리 완료,상담완료,로밍 요금제 가입,ROAM-PLAN-01,해외 로밍 이용,ENTR-ROAMING-BASELINE-0408,310408,2026-09-08T16:08:00,synthetic-seeder
2026-09-08,310410,20260908,CALL-310410,2026-09-08T14:10:00,300,여행에 맞는 로밍 요금제를 안내받고 가입하고 싶어요.,로밍 요금제 안내 및 가입 요청,상담원 로밍 가입 처리 완료,로밍 요금제 안내 후 가입 처리 완료,상담완료,로밍 요금제 가입,ROAM-PLAN-01,해외 로밍 이용,ENTR-ROAMING-BASELINE-0410,310410,2026-09-08T16:10:00,synthetic-seeder
2026-09-08,310417,20260908,CALL-310417,2026-09-08T14:17:00,300,여행에 맞는 로밍 요금제를 안내받고 가입하고 싶어요.,로밍 요금제 안내 및 가입 요청,상담원 로밍 가입 처리 완료,로밍 요금제 안내 후 가입 처리 완료,상담완료,로밍 요금제 가입,ROAM-PLAN-01,해외 로밍 이용,ENTR-ROAMING-BASELINE-0417,310417,2026-09-08T16:17:00,synthetic-seeder
2026-09-08,310415,20260908,CALL-310415,2026-09-08T14:15:00,300,여행에 맞는 로밍 요금제를 안내받고 가입하고 싶어요.,로밍 요금제 안내 및 가입 요청,상담원 로밍 가입 처리 완료,로밍 요금제 안내 후 가입 처리 완료,상담완료,로밍 요금제 가입,ROAM-PLAN-01,해외 로밍 이용,ENTR-ROAMING-BASELINE-0415,310415,2026-09-08T16:15:00,synthetic-seeder
2026-09-08,310406,20260908,CALL-310406,2026-09-08T14:06:00,300,여행에 맞는 로밍 요금제를 안내받고 가입하고 싶어요.,로밍 요금제 안내 및 가입 요청,상담원 로밍 가입 처리 완료,로밍 요금제 안내 후 가입 처리 완료,상담완료,로밍 요금제 가입,ROAM-PLAN-01,해외 로밍 이용,ENTR-ROAMING-BASELINE-0406,310406,2026-09-08T16:06:00,synthetic-seeder
2026-09-08,310416,20260908,CALL-310416,2026-09-08T14:16:00,300,여행에 맞는 로밍 요금제를 안내받고 가입하고 싶어요.,로밍 요금제 안내 및 가입 요청,상담원 로밍 가입 처리 완료,로밍 요금제 안내 후 가입 처리 완료,상담완료,로밍 요금제 가입,ROAM-PLAN-01,해외 로밍 이용,ENTR-ROAMING-BASELINE-0416,310416,2026-09-08T16:16:00,synthetic-seeder
2026-09-09,310516,20260909,CALL-310516,2026-09-09T14:16:00,300,여행에 맞는 로밍 요금제를 안내받고 가입하고 싶어요.,로밍 요금제 안내 및 가입 요청,상담원 로밍 가입 처리 완료,로밍 요금제 안내 후 가입 처리 완료,상담완료,로밍 요금제 가입,ROAM-PLAN-01,해외 로밍 이용,ENTR-ROAMING-BASELINE-0516,310516,2026-09-09T16:16:00,synthetic-seeder
2026-09-09,310517,20260909,CALL-310517,2026-09-09T14:17:00,300,여행에 맞는 로밍 요금제를 안내받고 가입하고 싶어요.,로밍 요금제 안내 및 가입 요청,상담원 로밍 가입 처리 완료,로밍 요금제 안내 후 가입 처리 완료,상담완료,로밍 요금제 가입,ROAM-PLAN-01,해외 로밍 이용,ENTR-ROAMING-BASELINE-0517,310517,2026-09-09T16:17:00,synthetic-seeder
2026-09-09,310503,20260909,CALL-310503,2026-09-09T14:03:00,300,여행에 맞는 로밍 요금제를 안내받고 가입하고 싶어요.,로밍 요금제 안내 및 가입 요청,상담원 로밍 가입 처리 완료,로밍 요금제 안내 후 가입 처리 완료,상담완료,로밍 요금제 가입,ROAM-PLAN-01,해외 로밍 이용,ENTR-ROAMING-BASELINE-0503,310503,2026-09-09T16:03:00,synthetic-seeder
2026-09-09,310510,20260909,CALL-310510,2026-09-09T14:10:00,300,여행에 맞는 로밍 요금제를 안내받고 가입하고 싶어요.,로밍 요금제 안내 및 가입 요청,상담원 로밍 가입 처리 완료,로밍 요금제 안내 후 가입 처리 완료,상담완료,로밍 요금제 가입,ROAM-PLAN-01,해외 로밍 이용,ENTR-ROAMING-BASELINE-0510,310510,2026-09-09T16:10:00,synthetic-seeder
2026-09-09,310504,20260909,CALL-310504,2026-09-09T14:04:00,300,여행에 맞는 로밍 요금제를 안내받고 가입하고 싶어요.,로밍 요금제 안내 및 가입 요청,상담원 로밍 가입 처리 완료,로밍 요금제 안내 후 가입 처리 완료,상담완료,로밍 요금제 가입,ROAM-PLAN-01,해외 로밍 이용,ENTR-ROAMING-BASELINE-0504,310504,2026-09-09T16:04:00,synthetic-seeder
2026-09-09,310502,20260909,CALL-310502,2026-09-09T14:02:00,300,여행에 맞는 로밍 요금제를 안내받고 가입하고 싶어요.,로밍 요금제 안내 및 가입 요청,상담원 로밍 가입 처리 완료,로밍 요금제 안내 후 가입 처리 완료,상담완료,로밍 요금제 가입,ROAM-PLAN-01,해외 로밍 이용,ENTR-ROAMING-BASELINE-0502,310502,2026-09-09T16:02:00,synthetic-seeder
2026-09-09,310512,20260909,CALL-310512,2026-09-09T14:12:00,300,여행에 맞는 로밍 요금제를 안내받고 가입하고 싶어요.,로밍 요금제 안내 및 가입 요청,상담원 로밍 가입 처리 완료,로밍 요금제 안내 후 가입 처리 완료,상담완료,로밍 요금제 가입,ROAM-PLAN-01,해외 로밍 이용,ENTR-ROAMING-BASELINE-0512,310512,2026-09-09T16:12:00,synthetic-seeder
2026-09-09,310519,20260909,CALL-310519,2026-09-09T14:19:00,300,여행에 맞는 로밍 요금제를 안내받고 가입하고 싶어요.,로밍 요금제 안내 및 가입 요청,상담원 로밍 가입 처리 완료,로밍 요금제 안내 후 가입 처리 완료,상담완료,로밍 요금제 가입,ROAM-PLAN-01,해외 로밍 이용,ENTR-ROAMING-BASELINE-0519,310519,2026-09-09T16:19:00,synthetic-seeder
2026-09-09,310508,20260909,CALL-310508,2026-09-09T14:08:00,300,여행에 맞는 로밍 요금제를 안내받고 가입하고 싶어요.,로밍 요금제 안내 및 가입 요청,상담원 로밍 가입 처리 완료,로밍 요금제 안내 후 가입 처리 완료,상담완료,로밍 요금제 가입,ROAM-PLAN-01,해외 로밍 이용,ENTR-ROAMING-BASELINE-0508,310508,2026-09-09T16:08:00,synthetic-seeder
2026-09-09,310501,20260909,CALL-310501,2026-09-09T14:01:00,300,여행에 맞는 로밍 요금제를 안내받고 가입하고 싶어요.,로밍 요금제 안내 및 가입 요청,상담원 로밍 가입 처리 완료,로밍 요금제 안내 후 가입 처리 완료,상담완료,로밍 요금제 가입,ROAM-PLAN-01,해외 로밍 이용,ENTR-ROAMING-BASELINE-0501,310501,2026-09-09T16:01:00,synthetic-seeder
2026-09-10,310613,20260910,CALL-310613,2026-09-10T14:13:00,300,여행에 맞는 로밍 요금제를 안내받고 가입하고 싶어요.,로밍 요금제 안내 및 가입 요청,상담원 로밍 가입 처리 완료,로밍 요금제 안내 후 가입 처리 완료,상담완료,로밍 요금제 가입,ROAM-PLAN-01,해외 로밍 이용,ENTR-ROAMING-BASELINE-0613,310613,2026-09-10T16:13:00,synthetic-seeder
2026-09-10,310616,20260910,CALL-310616,2026-09-10T14:16:00,300,여행에 맞는 로밍 요금제를 안내받고 가입하고 싶어요.,로밍 요금제 안내 및 가입 요청,상담원 로밍 가입 처리 완료,로밍 요금제 안내 후 가입 처리 완료,상담완료,로밍 요금제 가입,ROAM-PLAN-01,해외 로밍 이용,ENTR-ROAMING-BASELINE-0616,310616,2026-09-10T16:16:00,synthetic-seeder
2026-09-10,310619,20260910,CALL-310619,2026-09-10T14:19:00,300,여행에 맞는 로밍 요금제를 안내받고 가입하고 싶어요.,로밍 요금제 안내 및 가입 요청,상담원 로밍 가입 처리 완료,로밍 요금제 안내 후 가입 처리 완료,상담완료,로밍 요금제 가입,ROAM-PLAN-01,해외 로밍 이용,ENTR-ROAMING-BASELINE-0619,310619,2026-09-10T16:19:00,synthetic-seeder
2026-09-10,310602,20260910,CALL-310602,2026-09-10T14:02:00,300,여행에 맞는 로밍 요금제를 안내받고 가입하고 싶어요.,로밍 요금제 안내 및 가입 요청,상담원 로밍 가입 처리 완료,로밍 요금제 안내 후 가입 처리 완료,상담완료,로밍 요금제 가입,ROAM-PLAN-01,해외 로밍 이용,ENTR-ROAMING-BASELINE-0602,310602,2026-09-10T16:02:00,synthetic-seeder
2026-09-10,310611,20260910,CALL-310611,2026-09-10T14:11:00,300,여행에 맞는 로밍 요금제를 안내받고 가입하고 싶어요.,로밍 요금제 안내 및 가입 요청,상담원 로밍 가입 처리 완료,로밍 요금제 안내 후 가입 처리 완료,상담완료,로밍 요금제 가입,ROAM-PLAN-01,해외 로밍 이용,ENTR-ROAMING-BASELINE-0611,310611,2026-09-10T16:11:00,synthetic-seeder
2026-09-10,310603,20260910,CALL-310603,2026-09-10T14:03:00,300,여행에 맞는 로밍 요금제를 안내받고 가입하고 싶어요.,로밍 요금제 안내 및 가입 요청,상담원 로밍 가입 처리 완료,로밍 요금제 안내 후 가입 처리 완료,상담완료,로밍 요금제 가입,ROAM-PLAN-01,해외 로밍 이용,ENTR-ROAMING-BASELINE-0603,310603,2026-09-10T16:03:00,synthetic-seeder
2026-09-10,310610,20260910,CALL-310610,2026-09-10T14:10:00,300,여행에 맞는 로밍 요금제를 안내받고 가입하고 싶어요.,로밍 요금제 안내 및 가입 요청,상담원 로밍 가입 처리 완료,로밍 요금제 안내 후 가입 처리 완료,상담완료,로밍 요금제 가입,ROAM-PLAN-01,해외 로밍 이용,ENTR-ROAMING-BASELINE-0610,310610,2026-09-10T16:10:00,synthetic-seeder
2026-09-10,310609,20260910,CALL-310609,2026-09-10T14:09:00,300,여행에 맞는 로밍 요금제를 안내받고 가입하고 싶어요.,로밍 요금제 안내 및 가입 요청,상담원 로밍 가입 처리 완료,로밍 요금제 안내 후 가입 처리 완료,상담완료,로밍 요금제 가입,ROAM-PLAN-01,해외 로밍 이용,ENTR-ROAMING-BASELINE-0609,310609,2026-09-10T16:09:00,synthetic-seeder
2026-09-10,310617,20260910,CALL-310617,2026-09-10T14:17:00,300,여행에 맞는 로밍 요금제를 안내받고 가입하고 싶어요.,로밍 요금제 안내 및 가입 요청,상담원 로밍 가입 처리 완료,로밍 요금제 안내 후 가입 처리 완료,상담완료,로밍 요금제 가입,ROAM-PLAN-01,해외 로밍 이용,ENTR-ROAMING-BASELINE-0617,310617,2026-09-10T16:17:00,synthetic-seeder
2026-09-10,310615,20260910,CALL-310615,2026-09-10T14:15:00,300,여행에 맞는 로밍 요금제를 안내받고 가입하고 싶어요.,로밍 요금제 안내 및 가입 요청,상담원 로밍 가입 처리 완료,로밍 요금제 안내 후 가입 처리 완료,상담완료,로밍 요금제 가입,ROAM-PLAN-01,해외 로밍 이용,ENTR-ROAMING-BASELINE-0615,310615,2026-09-10T16:15:00,synthetic-seeder
2026-09-11,320005,20260911,CALL-320005,2026-09-11T14:05:00,300,여행에 맞는 로밍 요금제를 안내받고 가입하고 싶어요.,로밍 요금제 안내 및 가입 요청,상담원 로밍 가입 처리 완료,로밍 요금제 안내 후 가입 처리 완료,상담완료,로밍 요금제 가입,ROAM-PLAN-01,해외 로밍 이용,ENTR-ROAMING-POST-0005,320005,2026-09-11T16:05:00,synthetic-seeder
2026-09-11,320004,20260911,CALL-320004,2026-09-11T14:04:00,300,여행에 맞는 로밍 요금제를 안내받고 가입하고 싶어요.,로밍 요금제 안내 및 가입 요청,상담원 로밍 가입 처리 완료,로밍 요금제 안내 후 가입 처리 완료,상담완료,로밍 요금제 가입,ROAM-PLAN-01,해외 로밍 이용,ENTR-ROAMING-POST-0004,320004,2026-09-11T16:04:00,synthetic-seeder
2026-09-11,320010,20260911,CALL-320010,2026-09-11T14:10:00,300,여행에 맞는 로밍 요금제를 안내받고 가입하고 싶어요.,로밍 요금제 안내 및 가입 요청,상담원 로밍 가입 처리 완료,로밍 요금제 안내 후 가입 처리 완료,상담완료,로밍 요금제 가입,ROAM-PLAN-01,해외 로밍 이용,ENTR-ROAMING-POST-0010,320010,2026-09-11T16:10:00,synthetic-seeder
2026-09-11,320002,20260911,CALL-320002,2026-09-11T14:02:00,300,여행에 맞는 로밍 요금제를 안내받고 가입하고 싶어요.,로밍 요금제 안내 및 가입 요청,상담원 로밍 가입 처리 완료,로밍 요금제 안내 후 가입 처리 완료,상담완료,로밍 요금제 가입,ROAM-PLAN-01,해외 로밍 이용,ENTR-ROAMING-POST-0002,320002,2026-09-11T16:02:00,synthetic-seeder
2026-09-11,320014,20260911,CALL-320014,2026-09-11T14:14:00,300,여행에 맞는 로밍 요금제를 안내받고 가입하고 싶어요.,로밍 요금제 안내 및 가입 요청,상담원 로밍 가입 처리 완료,로밍 요금제 안내 후 가입 처리 완료,상담완료,로밍 요금제 가입,ROAM-PLAN-01,해외 로밍 이용,ENTR-ROAMING-POST-0014,320014,2026-09-11T16:14:00,synthetic-seeder
2026-09-11,320009,20260911,CALL-320009,2026-09-11T14:09:00,300,여행에 맞는 로밍 요금제를 안내받고 가입하고 싶어요.,로밍 요금제 안내 및 가입 요청,상담원 로밍 가입 처리 완료,로밍 요금제 안내 후 가입 처리 완료,상담완료,로밍 요금제 가입,ROAM-PLAN-01,해외 로밍 이용,ENTR-ROAMING-POST-0009,320009,2026-09-11T16:09:00,synthetic-seeder
2026-09-11,320013,20260911,CALL-320013,2026-09-11T14:13:00,300,여행에 맞는 로밍 요금제를 안내받고 가입하고 싶어요.,로밍 요금제 안내 및 가입 요청,상담원 로밍 가입 처리 완료,로밍 요금제 안내 후 가입 처리 완료,상담완료,로밍 요금제 가입,ROAM-PLAN-01,해외 로밍 이용,ENTR-ROAMING-POST-0013,320013,2026-09-11T16:13:00,synthetic-seeder
2026-09-11,320016,20260911,CALL-320016,2026-09-11T14:16:00,300,여행에 맞는 로밍 요금제를 안내받고 가입하고 싶어요.,로밍 요금제 안내 및 가입 요청,상담원 로밍 가입 처리 완료,로밍 요금제 안내 후 가입 처리 완료,상담완료,로밍 요금제 가입,ROAM-PLAN-01,해외 로밍 이용,ENTR-ROAMING-POST-0016,320016,2026-09-11T16:16:00,synthetic-seeder
2026-09-11,320019,20260911,CALL-320019,2026-09-11T14:19:00,300,여행에 맞는 로밍 요금제를 안내받고 가입하고 싶어요.,로밍 요금제 안내 및 가입 요청,상담원 로밍 가입 처리 완료,로밍 요금제 안내 후 가입 처리 완료,상담완료,로밍 요금제 가입,ROAM-PLAN-01,해외 로밍 이용,ENTR-ROAMING-POST-0019,320019,2026-09-11T16:19:00,synthetic-seeder
2026-09-12,320105,20260912,CALL-320105,2026-09-12T14:05:00,300,여행에 맞는 로밍 요금제를 안내받고 가입하고 싶어요.,로밍 요금제 안내 및 가입 요청,상담원 로밍 가입 처리 완료,로밍 요금제 안내 후 가입 처리 완료,상담완료,로밍 요금제 가입,ROAM-PLAN-01,해외 로밍 이용,ENTR-ROAMING-POST-0105,320105,2026-09-12T16:05:00,synthetic-seeder
2026-09-12,320118,20260912,CALL-320118,2026-09-12T14:18:00,300,여행에 맞는 로밍 요금제를 안내받고 가입하고 싶어요.,로밍 요금제 안내 및 가입 요청,상담원 로밍 가입 처리 완료,로밍 요금제 안내 후 가입 처리 완료,상담완료,로밍 요금제 가입,ROAM-PLAN-01,해외 로밍 이용,ENTR-ROAMING-POST-0118,320118,2026-09-12T16:18:00,synthetic-seeder
2026-09-12,320110,20260912,CALL-320110,2026-09-12T14:10:00,300,여행에 맞는 로밍 요금제를 안내받고 가입하고 싶어요.,로밍 요금제 안내 및 가입 요청,상담원 로밍 가입 처리 완료,로밍 요금제 안내 후 가입 처리 완료,상담완료,로밍 요금제 가입,ROAM-PLAN-01,해외 로밍 이용,ENTR-ROAMING-POST-0110,320110,2026-09-12T16:10:00,synthetic-seeder
2026-09-12,320116,20260912,CALL-320116,2026-09-12T14:16:00,300,여행에 맞는 로밍 요금제를 안내받고 가입하고 싶어요.,로밍 요금제 안내 및 가입 요청,상담원 로밍 가입 처리 완료,로밍 요금제 안내 후 가입 처리 완료,상담완료,로밍 요금제 가입,ROAM-PLAN-01,해외 로밍 이용,ENTR-ROAMING-POST-0116,320116,2026-09-12T16:16:00,synthetic-seeder
2026-09-12,320109,20260912,CALL-320109,2026-09-12T14:09:00,300,여행에 맞는 로밍 요금제를 안내받고 가입하고 싶어요.,로밍 요금제 안내 및 가입 요청,상담원 로밍 가입 처리 완료,로밍 요금제 안내 후 가입 처리 완료,상담완료,로밍 요금제 가입,ROAM-PLAN-01,해외 로밍 이용,ENTR-ROAMING-POST-0109,320109,2026-09-12T16:09:00,synthetic-seeder
2026-09-12,320117,20260912,CALL-320117,2026-09-12T14:17:00,300,여행에 맞는 로밍 요금제를 안내받고 가입하고 싶어요.,로밍 요금제 안내 및 가입 요청,상담원 로밍 가입 처리 완료,로밍 요금제 안내 후 가입 처리 완료,상담완료,로밍 요금제 가입,ROAM-PLAN-01,해외 로밍 이용,ENTR-ROAMING-POST-0117,320117,2026-09-12T16:17:00,synthetic-seeder
2026-09-12,320115,20260912,CALL-320115,2026-09-12T14:15:00,300,여행에 맞는 로밍 요금제를 안내받고 가입하고 싶어요.,로밍 요금제 안내 및 가입 요청,상담원 로밍 가입 처리 완료,로밍 요금제 안내 후 가입 처리 완료,상담완료,로밍 요금제 가입,ROAM-PLAN-01,해외 로밍 이용,ENTR-ROAMING-POST-0115,320115,2026-09-12T16:15:00,synthetic-seeder
2026-09-12,320102,20260912,CALL-320102,2026-09-12T14:02:00,300,여행에 맞는 로밍 요금제를 안내받고 가입하고 싶어요.,로밍 요금제 안내 및 가입 요청,상담원 로밍 가입 처리 완료,로밍 요금제 안내 후 가입 처리 완료,상담완료,로밍 요금제 가입,ROAM-PLAN-01,해외 로밍 이용,ENTR-ROAMING-POST-0102,320102,2026-09-12T16:02:00,synthetic-seeder
2026-09-13,320211,20260913,CALL-320211,2026-09-13T14:11:00,300,여행에 맞는 로밍 요금제를 안내받고 가입하고 싶어요.,로밍 요금제 안내 및 가입 요청,상담원 로밍 가입 처리 완료,로밍 요금제 안내 후 가입 처리 완료,상담완료,로밍 요금제 가입,ROAM-PLAN-01,해외 로밍 이용,ENTR-ROAMING-POST-0211,320211,2026-09-13T16:11:00,synthetic-seeder
2026-09-13,320216,20260913,CALL-320216,2026-09-13T14:16:00,300,여행에 맞는 로밍 요금제를 안내받고 가입하고 싶어요.,로밍 요금제 안내 및 가입 요청,상담원 로밍 가입 처리 완료,로밍 요금제 안내 후 가입 처리 완료,상담완료,로밍 요금제 가입,ROAM-PLAN-01,해외 로밍 이용,ENTR-ROAMING-POST-0216,320216,2026-09-13T16:16:00,synthetic-seeder
2026-09-13,320203,20260913,CALL-320203,2026-09-13T14:03:00,300,여행에 맞는 로밍 요금제를 안내받고 가입하고 싶어요.,로밍 요금제 안내 및 가입 요청,상담원 로밍 가입 처리 완료,로밍 요금제 안내 후 가입 처리 완료,상담완료,로밍 요금제 가입,ROAM-PLAN-01,해외 로밍 이용,ENTR-ROAMING-POST-0203,320203,2026-09-13T16:03:00,synthetic-seeder
2026-09-13,320212,20260913,CALL-320212,2026-09-13T14:12:00,300,여행에 맞는 로밍 요금제를 안내받고 가입하고 싶어요.,로밍 요금제 안내 및 가입 요청,상담원 로밍 가입 처리 완료,로밍 요금제 안내 후 가입 처리 완료,상담완료,로밍 요금제 가입,ROAM-PLAN-01,해외 로밍 이용,ENTR-ROAMING-POST-0212,320212,2026-09-13T16:12:00,synthetic-seeder
2026-09-13,320213,20260913,CALL-320213,2026-09-13T14:13:00,300,여행에 맞는 로밍 요금제를 안내받고 가입하고 싶어요.,로밍 요금제 안내 및 가입 요청,상담원 로밍 가입 처리 완료,로밍 요금제 안내 후 가입 처리 완료,상담완료,로밍 요금제 가입,ROAM-PLAN-01,해외 로밍 이용,ENTR-ROAMING-POST-0213,320213,2026-09-13T16:13:00,synthetic-seeder
2026-09-13,320201,20260913,CALL-320201,2026-09-13T14:01:00,300,여행에 맞는 로밍 요금제를 안내받고 가입하고 싶어요.,로밍 요금제 안내 및 가입 요청,상담원 로밍 가입 처리 완료,로밍 요금제 안내 후 가입 처리 완료,상담완료,로밍 요금제 가입,ROAM-PLAN-01,해외 로밍 이용,ENTR-ROAMING-POST-0201,320201,2026-09-13T16:01:00,synthetic-seeder
2026-09-13,320202,20260913,CALL-320202,2026-09-13T14:02:00,300,여행에 맞는 로밍 요금제를 안내받고 가입하고 싶어요.,로밍 요금제 안내 및 가입 요청,상담원 로밍 가입 처리 완료,로밍 요금제 안내 후 가입 처리 완료,상담완료,로밍 요금제 가입,ROAM-PLAN-01,해외 로밍 이용,ENTR-ROAMING-POST-0202,320202,2026-09-13T16:02:00,synthetic-seeder
2026-09-14,320306,20260914,CALL-320306,2026-09-14T14:06:00,300,여행에 맞는 로밍 요금제를 안내받고 가입하고 싶어요.,로밍 요금제 안내 및 가입 요청,상담원 로밍 가입 처리 완료,로밍 요금제 안내 후 가입 처리 완료,상담완료,로밍 요금제 가입,ROAM-PLAN-01,해외 로밍 이용,ENTR-ROAMING-POST-0306,320306,2026-09-14T16:06:00,synthetic-seeder
2026-09-14,320317,20260914,CALL-320317,2026-09-14T14:17:00,300,여행에 맞는 로밍 요금제를 안내받고 가입하고 싶어요.,로밍 요금제 안내 및 가입 요청,상담원 로밍 가입 처리 완료,로밍 요금제 안내 후 가입 처리 완료,상담완료,로밍 요금제 가입,ROAM-PLAN-01,해외 로밍 이용,ENTR-ROAMING-POST-0317,320317,2026-09-14T16:17:00,synthetic-seeder
2026-09-14,320315,20260914,CALL-320315,2026-09-14T14:15:00,300,여행에 맞는 로밍 요금제를 안내받고 가입하고 싶어요.,로밍 요금제 안내 및 가입 요청,상담원 로밍 가입 처리 완료,로밍 요금제 안내 후 가입 처리 완료,상담완료,로밍 요금제 가입,ROAM-PLAN-01,해외 로밍 이용,ENTR-ROAMING-POST-0315,320315,2026-09-14T16:15:00,synthetic-seeder
2026-09-14,320312,20260914,CALL-320312,2026-09-14T14:12:00,300,여행에 맞는 로밍 요금제를 안내받고 가입하고 싶어요.,로밍 요금제 안내 및 가입 요청,상담원 로밍 가입 처리 완료,로밍 요금제 안내 후 가입 처리 완료,상담완료,로밍 요금제 가입,ROAM-PLAN-01,해외 로밍 이용,ENTR-ROAMING-POST-0312,320312,2026-09-14T16:12:00,synthetic-seeder
2026-09-14,320319,20260914,CALL-320319,2026-09-14T14:19:00,300,여행에 맞는 로밍 요금제를 안내받고 가입하고 싶어요.,로밍 요금제 안내 및 가입 요청,상담원 로밍 가입 처리 완료,로밍 요금제 안내 후 가입 처리 완료,상담완료,로밍 요금제 가입,ROAM-PLAN-01,해외 로밍 이용,ENTR-ROAMING-POST-0319,320319,2026-09-14T16:19:00,synthetic-seeder
2026-09-14,320304,20260914,CALL-320304,2026-09-14T14:04:00,300,여행에 맞는 로밍 요금제를 안내받고 가입하고 싶어요.,로밍 요금제 안내 및 가입 요청,상담원 로밍 가입 처리 완료,로밍 요금제 안내 후 가입 처리 완료,상담완료,로밍 요금제 가입,ROAM-PLAN-01,해외 로밍 이용,ENTR-ROAMING-POST-0304,320304,2026-09-14T16:04:00,synthetic-seeder
2026-09-15,320401,20260915,CALL-320401,2026-09-15T14:01:00,300,여행에 맞는 로밍 요금제를 안내받고 가입하고 싶어요.,로밍 요금제 안내 및 가입 요청,상담원 로밍 가입 처리 완료,로밍 요금제 안내 후 가입 처리 완료,상담완료,로밍 요금제 가입,ROAM-PLAN-01,해외 로밍 이용,ENTR-ROAMING-POST-0401,320401,2026-09-15T16:01:00,synthetic-seeder
2026-09-15,320403,20260915,CALL-320403,2026-09-15T14:03:00,300,여행에 맞는 로밍 요금제를 안내받고 가입하고 싶어요.,로밍 요금제 안내 및 가입 요청,상담원 로밍 가입 처리 완료,로밍 요금제 안내 후 가입 처리 완료,상담완료,로밍 요금제 가입,ROAM-PLAN-01,해외 로밍 이용,ENTR-ROAMING-POST-0403,320403,2026-09-15T16:03:00,synthetic-seeder
2026-09-15,320406,20260915,CALL-320406,2026-09-15T14:06:00,300,여행에 맞는 로밍 요금제를 안내받고 가입하고 싶어요.,로밍 요금제 안내 및 가입 요청,상담원 로밍 가입 처리 완료,로밍 요금제 안내 후 가입 처리 완료,상담완료,로밍 요금제 가입,ROAM-PLAN-01,해외 로밍 이용,ENTR-ROAMING-POST-0406,320406,2026-09-15T16:06:00,synthetic-seeder
2026-09-15,320415,20260915,CALL-320415,2026-09-15T14:15:00,300,여행에 맞는 로밍 요금제를 안내받고 가입하고 싶어요.,로밍 요금제 안내 및 가입 요청,상담원 로밍 가입 처리 완료,로밍 요금제 안내 후 가입 처리 완료,상담완료,로밍 요금제 가입,ROAM-PLAN-01,해외 로밍 이용,ENTR-ROAMING-POST-0415,320415,2026-09-15T16:15:00,synthetic-seeder
2026-09-15,320413,20260915,CALL-320413,2026-09-15T14:13:00,300,여행에 맞는 로밍 요금제를 안내받고 가입하고 싶어요.,로밍 요금제 안내 및 가입 요청,상담원 로밍 가입 처리 완료,로밍 요금제 안내 후 가입 처리 완료,상담완료,로밍 요금제 가입,ROAM-PLAN-01,해외 로밍 이용,ENTR-ROAMING-POST-0413,320413,2026-09-15T16:13:00,synthetic-seeder
2026-09-16,320511,20260916,CALL-320511,2026-09-16T14:11:00,300,여행에 맞는 로밍 요금제를 안내받고 가입하고 싶어요.,로밍 요금제 안내 및 가입 요청,상담원 로밍 가입 처리 완료,로밍 요금제 안내 후 가입 처리 완료,상담완료,로밍 요금제 가입,ROAM-PLAN-01,해외 로밍 이용,ENTR-ROAMING-POST-0511,320511,2026-09-16T16:11:00,synthetic-seeder
2026-09-16,320508,20260916,CALL-320508,2026-09-16T14:08:00,300,여행에 맞는 로밍 요금제를 안내받고 가입하고 싶어요.,로밍 요금제 안내 및 가입 요청,상담원 로밍 가입 처리 완료,로밍 요금제 안내 후 가입 처리 완료,상담완료,로밍 요금제 가입,ROAM-PLAN-01,해외 로밍 이용,ENTR-ROAMING-POST-0508,320508,2026-09-16T16:08:00,synthetic-seeder
2026-09-16,320516,20260916,CALL-320516,2026-09-16T14:16:00,300,여행에 맞는 로밍 요금제를 안내받고 가입하고 싶어요.,로밍 요금제 안내 및 가입 요청,상담원 로밍 가입 처리 완료,로밍 요금제 안내 후 가입 처리 완료,상담완료,로밍 요금제 가입,ROAM-PLAN-01,해외 로밍 이용,ENTR-ROAMING-POST-0516,320516,2026-09-16T16:16:00,synthetic-seeder
2026-09-16,320505,20260916,CALL-320505,2026-09-16T14:05:00,300,여행에 맞는 로밍 요금제를 안내받고 가입하고 싶어요.,로밍 요금제 안내 및 가입 요청,상담원 로밍 가입 처리 완료,로밍 요금제 안내 후 가입 처리 완료,상담완료,로밍 요금제 가입,ROAM-PLAN-01,해외 로밍 이용,ENTR-ROAMING-POST-0505,320505,2026-09-16T16:05:00,synthetic-seeder
2026-09-17,320609,20260917,CALL-320609,2026-09-17T14:09:00,300,여행에 맞는 로밍 요금제를 안내받고 가입하고 싶어요.,로밍 요금제 안내 및 가입 요청,상담원 로밍 가입 처리 완료,로밍 요금제 안내 후 가입 처리 완료,상담완료,로밍 요금제 가입,ROAM-PLAN-01,해외 로밍 이용,ENTR-ROAMING-POST-0609,320609,2026-09-17T16:09:00,synthetic-seeder
2026-09-17,320618,20260917,CALL-320618,2026-09-17T14:18:00,300,여행에 맞는 로밍 요금제를 안내받고 가입하고 싶어요.,로밍 요금제 안내 및 가입 요청,상담원 로밍 가입 처리 완료,로밍 요금제 안내 후 가입 처리 완료,상담완료,로밍 요금제 가입,ROAM-PLAN-01,해외 로밍 이용,ENTR-ROAMING-POST-0618,320618,2026-09-17T16:18:00,synthetic-seeder
2026-09-17,320611,20260917,CALL-320611,2026-09-17T14:11:00,300,여행에 맞는 로밍 요금제를 안내받고 가입하고 싶어요.,로밍 요금제 안내 및 가입 요청,상담원 로밍 가입 처리 완료,로밍 요금제 안내 후 가입 처리 완료,상담완료,로밍 요금제 가입,ROAM-PLAN-01,해외 로밍 이용,ENTR-ROAMING-POST-0611,320611,2026-09-17T16:11:00,synthetic-seeder
